Ensembl Gene Record	A778_D0_gene	A820_D0_gene	A870_D0_gene	A899_D0_gene
ENSG00000000419.12	1079	521	1140	1476
ENSG00000000457.13	354	234	182	376
ENSG00000000460.16	241	206	84	307
ENSG00000000938.12	46	62	31	41
ENSG00000000971.15	72	4090	124	20
ENSG00000001036.13	906	1148	530	1797
ENSG00000001084.12	985	419	675	1080
ENSG00000001167.14	1520	385	581	844
ENSG00000001460.17	194	176	115	191
ENSG00000001461.16	685	655	1301	1098
ENSG00000001497.16	285	908	443	1094
ENSG00000001561.6	734	671	623	858
ENSG00000001617.11	1222	590	375	1209
ENSG00000001626.15	19	15	31	94
ENSG00000001629.9	1775	976	1652	1825
ENSG00000001630.16	87	202	156	129
ENSG00000001631.15	247	277	478	387
ENSG00000002016.17	172	342	383	223
ENSG00000002079.14	1	4	0	1
ENSG00000002330.13	481	254	512	606
ENSG00000002549.12	865	1612	583	1084
ENSG00000002587.9	43	100	15	23
ENSG00000002726.20	1418	833	652	680
ENSG00000002745.12	0	0	0	4
ENSG00000002746.14	19	35	34	105
ENSG00000002822.15	563	385	198	808
ENSG00000002834.17	4972	10432	2200	7278
ENSG00000002919.14	361	98	292	443
ENSG00000002933.8	1234	111	278	794
ENSG00000003056.7	1305	1459	898	3286
ENSG00000003096.14	14	28	0	28
ENSG00000003137.8	2005	3746	62	55
ENSG00000003147.18	699	166	257	831
ENSG00000003249.13	370	143	217	603
ENSG00000003393.14	1478	553	511	938
ENSG00000003400.14	144	365	504	638
ENSG00000003402.19	3838	1867	2403	2195
ENSG00000003436.15	4	6	10	6
ENSG00000003509.15	375	205	319	401
ENSG00000003756.16	1155	2226	2061	1900
ENSG00000003987.13	201	22	21	12
ENSG00000003989.17	2896	284	102	10
ENSG00000004059.10	1150	673	1221	2581
ENSG00000004139.13	311	746	253	784
ENSG00000004142.11	881	772	777	2371
ENSG00000004399.12	1264	507	454	3320
ENSG00000004455.16	1478	3106	3629	3931
ENSG00000004468.12	25	9	9	13
ENSG00000004478.7	4554	8075	5564	8511
ENSG00000004487.16	1828	3067	2011	2690
ENSG00000004534.14	1423	3226	1205	2206
ENSG00000004660.14	231	142	122	523
ENSG00000004700.15	676	560	272	1258
ENSG00000004766.16	397	332	475	441
ENSG00000004776.12	19	0	101	446
ENSG00000004777.18	202	156	377	1511
ENSG00000004779.9	590	479	822	933
ENSG00000004799.7	420	944	280	593
ENSG00000004838.13	62	206	25	43
ENSG00000004846.16	0	2	8	46
ENSG00000004864.13	887	788	612	1436
ENSG00000004866.20	197	271	242	817
ENSG00000004897.11	886	596	915	1213
ENSG00000004939.14	0	1	0	3
ENSG00000004948.14	9	6	0	0
ENSG00000004961.14	145	631	219	349
ENSG00000004975.11	805	1409	470	1680
ENSG00000005001.9	1453	1056	557	669
ENSG00000005007.12	1515	1491	2133	3425
ENSG00000005020.12	111	245	290	1299
ENSG00000005022.5	1548	7325	2527	8048
ENSG00000005059.15	122	77	75	331
ENSG00000005075.15	310	368	448	825
ENSG00000005100.12	671	470	380	916
ENSG00000005102.12	535	36	3	137
ENSG00000005108.15	42	174	29	3
ENSG00000005156.11	625	501	368	1145
ENSG00000005175.9	506	473	389	596
ENSG00000005187.11	343	228	64	155
ENSG00000005189.19	84	47	33	101
ENSG00000005194.14	530	461	579	754
ENSG00000005206.16	530	591	507	1126
ENSG00000005238.19	309	130	292	214
ENSG00000005243.9	8	1	53	77
ENSG00000005249.12	113	172	247	628
ENSG00000005302.18	378	490	413	724
ENSG00000005339.14	3102	1176	1427	4597
ENSG00000005379.16	704	538	400	1115
ENSG00000005381.7	8	0	3	39
ENSG00000005421.8	2	6	2	2
ENSG00000005436.13	274	322	207	530
ENSG00000005448.16	254	205	233	320
ENSG00000005469.11	146	93	280	278
ENSG00000005471.17	5	14	2	2
ENSG00000005483.20	2473	2556	1641	2511
ENSG00000005486.16	1207	1223	2403	1742
ENSG00000005513.9	0	0	3	1
ENSG00000005700.14	1496	591	984	1139
ENSG00000005801.17	1216	1235	408	991
ENSG00000005810.17	1414	835	898	1238
ENSG00000005812.10	1276	852	740	855
ENSG00000005844.17	47	18	70	43
ENSG00000005882.11	694	261	506	1025
ENSG00000005884.17	17481	6320	7748	14121
ENSG00000005889.15	368	579	347	873
ENSG00000005893.15	1748	1889	1395	5262
ENSG00000005961.18	51	69	24	92
ENSG00000006007.11	1455	835	925	1405
ENSG00000006015.17	303	538	481	447
ENSG00000006016.10	63	61	13	26
ENSG00000006025.11	269	650	381	408
ENSG00000006042.11	1642	21	9	517
ENSG00000006047.12	190	135	52	365
ENSG00000006062.15	206	455	184	422
ENSG00000006071.13	0	4	1	0
ENSG00000006118.14	3497	1310	1699	1139
ENSG00000006125.17	2881	1924	731	3899
ENSG00000006128.11	3	0	7	10
ENSG00000006194.9	727	422	574	900
ENSG00000006210.6	312	345	82	926
ENSG00000006282.20	914	1102	1031	2153
ENSG00000006283.17	13	2	3	10
ENSG00000006327.13	2757	3074	2706	4301
ENSG00000006377.10	1	64	0	0
ENSG00000006432.15	864	1710	781	1044
ENSG00000006451.7	1498	1245	427	1471
ENSG00000006453.13	985	1434	604	1192
ENSG00000006459.10	707	373	534	397
ENSG00000006468.13	23	1	6	1
ENSG00000006530.16	347	250	473	848
ENSG00000006534.15	817	1122	358	1139
ENSG00000006555.10	252	306	277	557
ENSG00000006576.16	426	557	694	538
ENSG00000006606.8	0	5	8	3
ENSG00000006607.13	1021	934	585	744
ENSG00000006611.15	13	1	4	32
ENSG00000006625.17	742	947	475	1476
ENSG00000006634.7	206	270	259	286
ENSG00000006638.11	14	3	1	7
ENSG00000006652.13	1125	688	832	1666
ENSG00000006659.12	0	0	1	14
ENSG00000006695.10	276	190	233	625
ENSG00000006704.10	1102	593	1013	1204
ENSG00000006712.14	877	478	1258	2834
ENSG00000006715.15	1998	990	496	2120
ENSG00000006740.16	234	87	322	1024
ENSG00000006744.18	711	686	722	1437
ENSG00000006747.14	14	18	13	17
ENSG00000006756.15	348	1196	249	857
ENSG00000006757.11	4	216	81	427
ENSG00000006831.9	1189	3046	1183	1774
ENSG00000006837.11	9	6	10	12
ENSG00000007038.10	72	2301	519	589
ENSG00000007047.14	827	252	445	504
ENSG00000007062.11	97	12	191	42
ENSG00000007080.10	577	869	1287	1829
ENSG00000007168.12	1831	1275	1566	3463
ENSG00000007171.17	16	2	0	2
ENSG00000007174.17	13	0	0	41
ENSG00000007202.14	2987	2347	2625	4378
ENSG00000007237.18	192	55	78	1249
ENSG00000007255.10	169	149	95	234
ENSG00000007264.14	4	118	3	11
ENSG00000007312.12	5	3	0	14
ENSG00000007314.12	16	1	0	39
ENSG00000007341.18	168	263	148	196
ENSG00000007350.16	2	3	3	976
ENSG00000007372.22	4	121	19	2
ENSG00000007376.7	442	327	420	920
ENSG00000007384.15	982	154	380	841
ENSG00000007392.16	2049	784	1177	1401
ENSG00000007402.11	133	14	27	67
ENSG00000007516.13	704	155	443	114
ENSG00000007520.3	461	330	492	1008
ENSG00000007541.16	715	394	564	1241
ENSG00000007545.15	972	325	497	912
ENSG00000007866.20	1596	378	541	945
ENSG00000007923.15	942	1387	979	1577
ENSG00000007944.14	708	276	525	787
ENSG00000007968.6	83	108	75	387
ENSG00000008018.8	1863	874	1153	1778
ENSG00000008056.13	12	7	1	35
ENSG00000008083.13	686	327	388	637
ENSG00000008086.11	190	93	78	155
ENSG00000008118.9	8	1	0	1
ENSG00000008128.22	306	229	321	470
ENSG00000008130.15	974	769	1072	1852
ENSG00000008226.19	68	56	47	39
ENSG00000008256.15	1219	442	379	1449
ENSG00000008277.14	70	84	55	3
ENSG00000008282.8	1947	1637	1623	2737
ENSG00000008283.15	2297	1763	1054	1945
ENSG00000008294.20	1371	1011	763	1550
ENSG00000008300.16	357	90	229	337
ENSG00000008311.14	157	76	5	79
ENSG00000008323.15	412	100	122	846
ENSG00000008324.11	113	226	205	197
ENSG00000008382.15	153	233	179	317
ENSG00000008394.12	181	774	1348	243
ENSG00000008405.11	896	412	587	1186
ENSG00000008441.16	558	5151	2614	5857
ENSG00000008513.15	1697	7092	2711	3072
ENSG00000008516.16	16	3	5	41
ENSG00000008517.16	505	86	26	552
ENSG00000008710.19	2373	1206	3720	3197
ENSG00000008735.13	71	128	32	1651
ENSG00000008838.19	1138	1669	473	1753
ENSG00000008853.16	1075	799	587	1067
ENSG00000008869.11	997	701	682	678
ENSG00000008952.16	4261	1921	2383	5699
ENSG00000008988.9	9131	17703	8963	17581
ENSG00000009307.15	39458	9565	10402	10446
ENSG00000009335.17	1981	952	1965	3298
ENSG00000009413.15	816	186	335	1109
ENSG00000009694.13	13	0	20	4
ENSG00000009724.16	20	22	23	4
ENSG00000009780.15	189	216	195	349
ENSG00000009790.14	7	14	14	11
ENSG00000009830.11	343	598	684	1420
ENSG00000009844.15	934	561	514	1348
ENSG00000009950.15	290	169	128	1479
ENSG00000009954.10	2283	1968	2866	3013
ENSG00000010017.12	1001	606	872	983
ENSG00000010030.13	15	1	7	63
ENSG00000010072.15	268	130	295	355
ENSG00000010165.19	860	1302	659	868
ENSG00000010219.13	58	257	47	300
ENSG00000010244.18	3731	2095	2477	5947
ENSG00000010256.10	1043	3302	2684	2180
ENSG00000010270.13	660	673	394	780
ENSG00000010278.13	7057	6690	8174	12596
ENSG00000010282.14	1	3	0	3
ENSG00000010292.12	1400	2236	761	3564
ENSG00000010295.19	25	15	15	36
ENSG00000010310.8	46	30	30	28
ENSG00000010318.20	20	91	27	57
ENSG00000010319.6	32	20	6	25
ENSG00000010322.15	1319	2750	1485	2125
ENSG00000010327.10	652	433	513	841
ENSG00000010361.13	517	132	167	518
ENSG00000010379.15	15	4	17	92
ENSG00000010404.17	1114	2447	2702	2099
ENSG00000010539.11	132	133	98	277
ENSG00000010610.9	221	127	109	218
ENSG00000010626.14	196	195	86	222
ENSG00000010671.15	37	13	15	28
ENSG00000010704.18	39	12	277	265
ENSG00000010803.16	220	534	396	963
ENSG00000010810.17	733	49	654	1411
ENSG00000010818.9	2377	593	517	1433
ENSG00000011007.12	864	886	928	987
ENSG00000011009.10	1309	1540	1504	2853
ENSG00000011021.22	518	826	521	958
ENSG00000011028.13	226	1559	1158	1306
ENSG00000011052.21	11	30	10	38
ENSG00000011105.13	824	738	510	1742
ENSG00000011114.14	809	667	762	950
ENSG00000011132.11	145	87	172	316
ENSG00000011143.16	336	363	232	354
ENSG00000011198.9	179	307	289	466
ENSG00000011201.11	195	63	87	245
ENSG00000011243.17	1681	1149	3057	5552
ENSG00000011258.15	1272	953	551	843
ENSG00000011260.13	501	888	385	766
ENSG00000011275.18	1081	395	536	1816
ENSG00000011295.15	816	852	495	1023
ENSG00000011304.19	3275	3709	4262	6835
ENSG00000011332.19	33	6	38	31
ENSG00000011347.9	809	409	75	293
ENSG00000011376.10	200	559	303	486
ENSG00000011405.13	1858	1717	766	2278
ENSG00000011422.11	882	130	438	696
ENSG00000011426.10	656	1145	465	1595
ENSG00000011451.19	761	1165	1013	2482
ENSG00000011454.16	1315	1160	506	995
ENSG00000011465.16	95	6	37	40
ENSG00000011478.11	152	94	138	262
ENSG00000011485.14	1093	948	1079	1251
ENSG00000011523.13	614	572	262	714
ENSG00000011566.14	1532	596	539	1077
ENSG00000011600.11	236	103	195	153
ENSG00000011638.10	257	107	115	175
ENSG00000011677.12	2	117	32	53
ENSG00000012048.21	190	734	81	454
ENSG00000012061.15	551	409	641	830
ENSG00000012124.16	525	302	84	1234
ENSG00000012171.19	1308	3334	3785	4224
ENSG00000012174.11	212	615	186	337
ENSG00000012211.12	188	440	158	418
ENSG00000012223.12	5	25	11	10
ENSG00000012232.8	1290	1323	314	1052
ENSG00000012660.13	1324	3130	1057	1340
ENSG00000012779.10	344	451	169	941
ENSG00000012822.15	1731	1343	1802	3219
ENSG00000012963.14	306	429	457	441
ENSG00000012983.11	839	1026	583	1306
ENSG00000013016.15	373	244	182	280
ENSG00000013275.7	1066	703	2334	4737
ENSG00000013288.8	539	640	312	1188
ENSG00000013293.5	0	2	0	6
ENSG00000013297.11	42	49	13	313
ENSG00000013306.15	2399	3117	2349	4357
ENSG00000013364.18	2380	1369	2616	3843
ENSG00000013374.16	673	473	1112	1846
ENSG00000013375.15	971	237	594	922
ENSG00000013392.7	152	66	74	158
ENSG00000013441.15	1330	1616	1821	1275
ENSG00000013503.9	242	229	306	597
ENSG00000013523.9	416	651	706	1379
ENSG00000013561.17	574	515	726	697
ENSG00000013563.13	315	692	832	882
ENSG00000013573.16	510	1166	821	1172
ENSG00000013583.9	313	503	267	629
ENSG00000013588.8	9537	8574	1871	3068
ENSG00000013619.13	116	223	196	255
ENSG00000013725.14	32	40	2	15
ENSG00000013810.18	498	979	289	1281
ENSG00000014123.9	1301	409	728	770
ENSG00000014138.8	65	113	65	101
ENSG00000014164.6	575	1011	821	675
ENSG00000014216.15	5018	4867	6866	7010
ENSG00000014257.15	51	42	17	251
ENSG00000014641.17	2109	2835	1547	2978
ENSG00000014824.13	1053	1643	742	1109
ENSG00000014914.20	438	35	279	433
ENSG00000014919.12	450	465	365	881
ENSG00000015133.18	614	770	519	985
ENSG00000015153.14	221	229	151	369
ENSG00000015171.19	2224	614	1661	2299
ENSG00000015285.10	40	57	17	36
ENSG00000015413.9	275	154	1	6
ENSG00000015475.18	357	240	608	520
ENSG00000015479.18	281	755	360	373
ENSG00000015520.14	4	20	5	23
ENSG00000015532.9	510	756	424	726
ENSG00000015568.12	5	4	5	6
ENSG00000015592.16	36	0	0	1
ENSG00000015676.17	1326	1634	601	2727
ENSG00000016082.14	0	16	6	0
ENSG00000016391.10	119	284	99	263
ENSG00000016402.13	9	16	12	188
ENSG00000016864.18	418	749	528	553
ENSG00000017260.19	1448	1939	1707	6471
ENSG00000017427.16	480	220	21	1270
ENSG00000017483.14	5	4	1510	18
ENSG00000017797.12	2340	2172	1437	4449
ENSG00000018189.12	627	221	212	612
ENSG00000018236.14	25	0	9	3
ENSG00000018280.16	231	267	238	287
ENSG00000018408.14	675	1017	619	2186
ENSG00000018510.14	767	896	448	1237
ENSG00000018610.14	137	360	243	864
ENSG00000018625.14	15	78	1	112
ENSG00000018699.12	373	321	258	437
ENSG00000018869.16	32	5	36	57
ENSG00000019102.11	0	1	151	31
ENSG00000019144.18	1385	590	1400	1618
ENSG00000019169.10	639	92	202	500
ENSG00000019186.9	45	1	18	2
ENSG00000019485.13	790	216	364	1031
ENSG00000019505.7	566	574	93	637
ENSG00000019549.11	9	5	7	3
ENSG00000019582.14	1455	4588	11635	18948
ENSG00000019991.16	6	3	6	3
ENSG00000019995.6	1253	343	692	2166
ENSG00000020129.15	380	617	716	1132
ENSG00000020181.17	41	26	14	116
ENSG00000020256.19	454	246	307	627
ENSG00000020426.10	287	470	343	438
ENSG00000020577.13	968	768	373	1259
ENSG00000020633.18	36	261	786	63
ENSG00000020922.12	662	1651	581	904
ENSG00000021300.13	366	846	732	726
ENSG00000021355.12	978	3937	704	3652
ENSG00000021461.16	1	5	6	0
ENSG00000021488.12	4	9	2	84
ENSG00000021574.12	1031	445	369	628
ENSG00000021645.18	82	47	184	84
ENSG00000021762.19	343	462	90	310
ENSG00000021776.10	723	998	414	980
ENSG00000021826.15	204	12	12	15
ENSG00000022267.16	62	247	203	1076
ENSG00000022277.12	2574	1207	2042	2999
ENSG00000022556.15	1093	0	5	4985
ENSG00000022567.9	1525	1119	1205	1748
ENSG00000022840.15	3517	1578	4233	5008
ENSG00000022976.15	143	291	134	412
ENSG00000023041.11	581	556	483	978
ENSG00000023171.17	54	62	20	69
ENSG00000023191.16	1608	1883	1418	2512
ENSG00000023228.13	2029	2208	1886	2105
ENSG00000023287.12	1749	1484	884	1774
ENSG00000023318.7	1307	1018	683	1729
ENSG00000023330.14	398	1085	601	786
ENSG00000023445.13	124	2634	155	180
ENSG00000023516.8	955	372	1628	995
ENSG00000023572.9	205	245	210	182
ENSG00000023608.4	178	209	279	273
ENSG00000023697.12	437	423	190	659
ENSG00000023734.10	2176	1838	1606	3862
ENSG00000023839.11	14	70	16	11
ENSG00000023892.10	194	33	156	225
ENSG00000023902.13	793	114	81	452
ENSG00000023909.9	197	483	1354	576
ENSG00000024048.10	1161	476	979	1499
ENSG00000024422.11	60	76	363	1091
ENSG00000024526.16	151	462	203	366
ENSG00000024862.17	132	110	312	168
ENSG00000025039.14	267	464	375	1752
ENSG00000025156.12	321	110	125	247
ENSG00000025293.16	1443	1073	447	951
ENSG00000025423.11	6	0	6	13
ENSG00000025434.18	177	102	122	242
ENSG00000025708.13	641	115	553	1116
ENSG00000025770.18	353	355	425	1176
ENSG00000025772.7	1062	831	1431	1222
ENSG00000025796.13	1611	1097	2245	2446
ENSG00000025800.13	1504	1798	1547	3118
ENSG00000026025.15	1653	3265	866	15200
ENSG00000026036.22	182	202	139	280
ENSG00000026103.21	189	53	203	1099
ENSG00000026297.15	1879	546	2409	1183
ENSG00000026508.18	411	797	370	726
ENSG00000026559.13	168	79	36	468
ENSG00000026652.13	628	250	76	321
ENSG00000026751.16	9	3	10	7
ENSG00000026950.16	551	107	534	875
ENSG00000027001.9	316	198	178	323
ENSG00000027075.14	174	184	85	102
ENSG00000027697.14	1246	373	1571	911
ENSG00000027847.13	235	267	309	690
ENSG00000027869.11	36	62	49	71
ENSG00000028116.17	440	244	214	459
ENSG00000028137.18	217	111	174	380
ENSG00000028203.17	1376	764	884	2249
ENSG00000028277.21	72	16	18	39
ENSG00000028310.17	1094	1709	2116	1773
ENSG00000028528.14	1681	3132	1160	3017
ENSG00000028839.9	439	119	289	397
ENSG00000029153.14	324	102	103	162
ENSG00000029363.16	3429	1597	2884	2643
ENSG00000029364.11	949	929	826	1608
ENSG00000029534.20	119	42	15	44
ENSG00000029559.6	17	16	10	12
ENSG00000029639.10	149	115	48	124
ENSG00000029725.16	686	439	526	1305
ENSG00000029993.14	603	2173	1038	2176
ENSG00000030066.13	1165	1518	815	878
ENSG00000030110.12	987	368	416	1256
ENSG00000030419.16	651	580	878	284
ENSG00000030582.17	6170	3463	1911	9149
ENSG00000031003.10	815	1070	609	1344
ENSG00000031081.10	19	9	90	57
ENSG00000031691.6	151	59	62	129
ENSG00000031698.12	1392	1939	3877	3509
ENSG00000031823.14	941	1378	438	707
ENSG00000032219.18	606	441	388	544
ENSG00000032389.12	575	407	534	678
ENSG00000032444.16	2680	2753	801	2439
ENSG00000032742.17	266	63	135	598
ENSG00000033011.12	361	326	317	617
ENSG00000033030.13	874	501	630	1003
ENSG00000033050.8	336	192	472	868
ENSG00000033100.16	1585	244	1195	1897
ENSG00000033122.18	12	2	19	0
ENSG00000033170.16	535	1603	238	791
ENSG00000033178.12	853	416	537	808
ENSG00000033327.12	2074	3413	533	2058
ENSG00000033627.16	836	1146	758	1547
ENSG00000033800.13	608	1845	443	938
ENSG00000033867.16	515	1008	445	274
ENSG00000034053.14	114	365	487	308
ENSG00000034152.18	898	713	793	1521
ENSG00000034239.10	56	364	1	0
ENSG00000034510.5	15662	6544	9567	15658
ENSG00000034533.11	98	113	90	401
ENSG00000034677.12	2468	2939	1411	1813
ENSG00000034693.14	225	131	144	285
ENSG00000034713.7	605	398	857	998
ENSG00000035115.21	1678	1655	1634	1390
ENSG00000035141.7	1614	1855	1334	1486
ENSG00000035403.17	6650	2278	2684	8776
ENSG00000035499.12	83	196	182	531
ENSG00000035664.11	54	859	225	187
ENSG00000035681.8	474	615	336	582
ENSG00000035687.9	1792	1173	1552	1481
ENSG00000035862.12	4080	801	614	3731
ENSG00000035928.15	934	1366	672	951
ENSG00000036054.12	613	545	634	1746
ENSG00000036257.12	1470	1000	1344	1768
ENSG00000036448.9	4	2	0	6
ENSG00000036530.8	12	9	24	62
ENSG00000036549.12	768	893	989	909
ENSG00000036672.15	122	22	122	340
ENSG00000037042.8	227	276	170	426
ENSG00000037241.7	200	284	300	551
ENSG00000037280.15	3	22	45	31
ENSG00000037474.14	1223	2495	2963	2849
ENSG00000037637.10	532	513	499	735
ENSG00000037749.12	361	242	290	347
ENSG00000037757.13	238	3747	536	1184
ENSG00000037897.16	226	254	257	409
ENSG00000037965.5	0	6	5	12
ENSG00000038002.8	121	83	184	129
ENSG00000038210.12	134	206	181	206
ENSG00000038219.12	1300	1071	386	797
ENSG00000038274.16	879	859	1517	1684
ENSG00000038295.7	10	0	1	0
ENSG00000038358.14	835	426	939	1033
ENSG00000038382.19	2800	2766	3893	5400
ENSG00000038427.15	324	207	253	230
ENSG00000038532.15	1263	264	931	1840
ENSG00000038945.14	213	93	192	217
ENSG00000039068.18	5941	2836	4716	5361
ENSG00000039123.15	1055	1368	840	1096
ENSG00000039139.9	126	244	205	70
ENSG00000039319.16	651	560	216	593
ENSG00000039523.19	1328	527	771	967
ENSG00000039537.13	0	37	0	0
ENSG00000039560.13	3275	692	1285	2835
ENSG00000039600.10	1	1	21	6
ENSG00000039650.11	734	466	737	808
ENSG00000039987.6	1	5	1	3
ENSG00000040199.18	268	255	247	375
ENSG00000040275.16	234	244	253	671
ENSG00000040341.17	1203	950	421	784
ENSG00000040487.12	232	376	198	510
ENSG00000040531.14	262	89	144	354
ENSG00000040608.13	114	85	131	366
ENSG00000040633.12	438	619	398	953
ENSG00000040933.15	611	415	623	1168
ENSG00000041353.9	79	109	24	48
ENSG00000041357.15	1386	849	1141	2695
ENSG00000041515.15	10	3	3	34
ENSG00000041802.10	1725	649	1245	3337
ENSG00000041880.14	182	440	199	496
ENSG00000041982.15	435	20	22	725
ENSG00000041988.15	134	163	100	159
ENSG00000042062.11	46	7	6	140
ENSG00000042088.13	320	312	205	327
ENSG00000042286.14	455	289	134	987
ENSG00000042317.16	70	110	42	150
ENSG00000042429.11	225	293	299	188
ENSG00000042445.13	439	497	531	902
ENSG00000042493.15	2755	326	1180	2908
ENSG00000042753.11	686	728	499	703
ENSG00000042781.12	16	22	54	42
ENSG00000042832.11	205	37	30	49
ENSG00000042980.12	1413	6699	62	50
ENSG00000043039.6	408	66	33	245
ENSG00000043093.13	1305	576	959	2319
ENSG00000043143.20	612	979	659	1646
ENSG00000043355.11	2	431	3	0
ENSG00000043462.11	74	34	41	46
ENSG00000043514.16	206	863	465	1034
ENSG00000043591.5	12	0	2	4
ENSG00000044090.8	1994	673	1074	2079
ENSG00000044115.20	6256	16277	4988	8917
ENSG00000044446.11	602	1097	388	863
ENSG00000044459.14	130	212	130	241
ENSG00000044524.10	3	1	1	0
ENSG00000044574.7	16755	6882	13449	35409
ENSG00000046604.12	7337	1734	3686	13278
ENSG00000046647.13	90	163	79	134
ENSG00000046651.14	721	537	602	1586
ENSG00000046653.14	102	120	15	314
ENSG00000046774.9	1	0	0	21
ENSG00000046889.18	133	1959	505	251
ENSG00000047056.15	700	238	454	915
ENSG00000047188.15	523	891	232	933
ENSG00000047230.14	379	488	129	697
ENSG00000047249.17	991	1207	391	824
ENSG00000047315.15	2458	1479	1577	2181
ENSG00000047346.12	524	345	218	459
ENSG00000047365.11	447	356	178	156
ENSG00000047410.13	4183	2491	2379	5148
ENSG00000047457.13	2867	13557	24294	16670
ENSG00000047578.12	842	389	372	925
ENSG00000047579.19	256	239	170	299
ENSG00000047597.6	52	77	43	97
ENSG00000047617.14	26	27	25	144
ENSG00000047621.11	332	431	152	518
ENSG00000047634.14	138	576	157	176
ENSG00000047644.18	576	360	677	608
ENSG00000047648.21	0	47	14	399
ENSG00000047662.4	28	42	16	8
ENSG00000047849.21	2051	4716	2340	4681
ENSG00000047932.13	1071	335	961	821
ENSG00000048028.11	341	1099	419	332
ENSG00000048052.21	1438	256	494	1849
ENSG00000048140.17	1130	920	1241	1883
ENSG00000048162.20	269	578	530	635
ENSG00000048342.15	250	344	53	181
ENSG00000048392.11	1614	723	771	539
ENSG00000048405.9	387	149	254	630
ENSG00000048471.13	362	124	196	461
ENSG00000048540.14	383	19	83	3
ENSG00000048544.5	695	248	599	896
ENSG00000048649.13	1220	1559	915	1037
ENSG00000048707.15	952	3683	1519	1380
ENSG00000048740.18	440	198	70	78
ENSG00000048828.16	2192	4178	4358	3040
ENSG00000048991.16	572	787	749	1250
ENSG00000049089.14	622	140	297	1363
ENSG00000049130.15	23	75	35	30
ENSG00000049167.14	100	96	77	126
ENSG00000049192.14	27	10	0	13
ENSG00000049239.12	1666	2933	1197	2887
ENSG00000049245.12	1225	1073	923	1407
ENSG00000049246.14	518	402	635	684
ENSG00000049247.13	1	8	5	2
ENSG00000049249.8	17	8	8	9
ENSG00000049283.17	581	1332	379	128
ENSG00000049323.15	689	734	987	2069
ENSG00000049449.9	2032	3111	859	3300
ENSG00000049540.16	73	354	44	124
ENSG00000049541.10	296	486	402	468
ENSG00000049618.23	2335	646	722	2194
ENSG00000049656.13	940	2104	3184	3564
ENSG00000049759.17	1049	495	153	1219
ENSG00000049768.14	7	13	4	11
ENSG00000049769.12	61	62	24	594
ENSG00000049860.13	981	1521	308	1819
ENSG00000049883.14	196	466	89	329
ENSG00000050030.14	5	5	5	6
ENSG00000050130.17	753	719	907	879
ENSG00000050165.17	439	101	128	1254
ENSG00000050327.14	501	185	598	944
ENSG00000050344.8	203	61	104	706
ENSG00000050393.11	868	806	783	738
ENSG00000050405.13	840	480	285	788
ENSG00000050426.15	904	1070	967	1957
ENSG00000050438.16	290	147	143	162
ENSG00000050555.17	18	50	10	11
ENSG00000050628.20	11	1	100	5
ENSG00000050730.15	3	2	1	0
ENSG00000050748.17	571	685	533	838
ENSG00000050767.16	206	34	868	2313
ENSG00000050820.16	1034	401	868	1228
ENSG00000051009.10	976	1180	760	1794
ENSG00000051108.14	1092	354	1809	2719
ENSG00000051128.18	447	101	252	583
ENSG00000051180.16	14	70	16	69
ENSG00000051341.13	189	207	71	599
ENSG00000051382.8	501	589	463	2253
ENSG00000051523.10	2975	2774	3589	2499
ENSG00000051596.9	281	962	722	729
ENSG00000051620.10	1830	472	2005	1074
ENSG00000051825.14	523	1007	537	661
ENSG00000052126.14	552	541	217	653
ENSG00000052344.15	3604	1303	1844	2149
ENSG00000052723.11	4003	976	793	980
ENSG00000052749.13	1089	603	962	3697
ENSG00000052795.12	154	81	243	278
ENSG00000052802.12	302	470	657	290
ENSG00000052841.14	2616	2201	1771	2103
ENSG00000052850.6	2	39	0	30
ENSG00000053108.16	10	6	0	58
ENSG00000053254.15	721	564	1000	1051
ENSG00000053328.8	18	0	0	2
ENSG00000053371.12	336	794	590	717
ENSG00000053372.4	519	1263	811	1251
ENSG00000053438.9	657	4	7	3
ENSG00000053501.12	130	788	359	1030
ENSG00000053524.12	36	3	6	58
ENSG00000053702.14	20	60	48	30
ENSG00000053747.16	2031	495	5663	10605
ENSG00000053770.11	685	1048	640	1029
ENSG00000053900.10	530	509	337	628
ENSG00000053918.16	142	736	23	276
ENSG00000054116.11	613	1627	699	2193
ENSG00000054118.14	2316	4149	2287	5266
ENSG00000054148.17	345	937	1264	715
ENSG00000054179.11	48	30	201	79
ENSG00000054219.10	90	328	78	228
ENSG00000054267.21	1509	806	1137	1445
ENSG00000054277.13	659	83	163	173
ENSG00000054282.15	362	258	199	387
ENSG00000054356.13	2	0	5	2
ENSG00000054392.12	195	111	37	254
ENSG00000054523.17	2239	1603	1754	3049
ENSG00000054598.7	147	1002	228	110
ENSG00000054611.13	294	334	256	587
ENSG00000054654.16	1674	1766	1283	3722
ENSG00000054690.13	528	1041	386	637
ENSG00000054793.13	4756	2135	2609	3627
ENSG00000054803.3	0	0	0	12
ENSG00000054965.10	1325	2109	1393	1654
ENSG00000054967.12	257	459	235	209
ENSG00000054983.16	327	293	393	998
ENSG00000055044.10	2086	2159	2618	2327
ENSG00000055070.16	2179	2747	2112	3693
ENSG00000055118.14	226	139	691	456
ENSG00000055130.15	926	566	956	1995
ENSG00000055147.18	164	187	350	246
ENSG00000055163.19	446	648	988	678
ENSG00000055208.18	1515	649	848	1832
ENSG00000055211.13	679	425	401	807
ENSG00000055332.17	2684	2025	1353	2022
ENSG00000055483.19	1075	1663	829	1688
ENSG00000055609.17	2167	640	2232	3550
ENSG00000055732.12	43	635	285	1298
ENSG00000055813.5	2	34	17	134
ENSG00000055917.15	3204	2137	1817	2655
ENSG00000055950.16	567	378	219	1279
ENSG00000055955.15	4	6	6	11
ENSG00000056050.6	84	143	125	194
ENSG00000056097.15	1640	2007	1127	2720
ENSG00000056277.15	70	119	54	240
ENSG00000056487.15	0	0	0	44
ENSG00000056558.10	186	110	31	540
ENSG00000056586.15	1283	1042	859	1198
ENSG00000056736.9	80	95	105	112
ENSG00000056972.18	379	118	188	619
ENSG00000056998.19	5	138	32	379
ENSG00000057019.15	1802	1115	2892	5704
ENSG00000057149.15	2	1	1	0
ENSG00000057252.12	614	354	245	642
ENSG00000057294.14	1092	2420	567	1196
ENSG00000057468.6	1	4	17	5
ENSG00000057593.13	7	1	0	4
ENSG00000057608.16	4122	2228	2925	7332
ENSG00000057657.16	17	17	7	8
ENSG00000057663.15	500	247	541	677
ENSG00000057704.12	287	20	625	3427
ENSG00000057757.9	479	518	759	880
ENSG00000057935.13	1461	819	788	1642
ENSG00000058056.8	271	204	260	613
ENSG00000058063.15	904	786	593	1541
ENSG00000058085.14	4444	1065	2495	5178
ENSG00000058091.16	240	201	217	952
ENSG00000058262.9	4645	3274	5219	18219
ENSG00000058272.18	1505	1119	1044	2165
ENSG00000058335.15	10	15	8	7
ENSG00000058404.19	61	88	17	1192
ENSG00000058453.16	487	598	411	1030
ENSG00000058600.15	992	1120	961	1774
ENSG00000058668.14	12399	4656	5765	5025
ENSG00000058673.16	90	67	116	111
ENSG00000058729.10	314	309	423	438
ENSG00000058799.14	352	200	134	711
ENSG00000058804.11	648	1359	451	1249
ENSG00000058866.14	52	23	18	92
ENSG00000059122.16	733	574	629	1058
ENSG00000059145.18	659	137	451	640
ENSG00000059377.16	58	58	29	43
ENSG00000059378.12	719	223	761	1361
ENSG00000059573.8	1385	1289	1302	2565
ENSG00000059588.9	1939	2608	1632	2533
ENSG00000059691.11	108	204	123	123
ENSG00000059728.10	876	196	412	840
ENSG00000059758.7	678	496	271	708
ENSG00000059769.19	213	158	125	195
ENSG00000059804.15	871	304	517	911
ENSG00000059915.16	171	22	53	789
ENSG00000060069.16	635	311	186	640
ENSG00000060138.12	2450	3920	2571	5602
ENSG00000060140.8	91	53	12	20
ENSG00000060237.16	3946	3061	4385	6441
ENSG00000060339.13	2107	1157	1737	4082
ENSG00000060491.16	1303	765	1410	1506
ENSG00000060558.3	114	21	33	60
ENSG00000060642.10	188	194	122	304
ENSG00000060656.19	2830	2583	2707	2934
ENSG00000060688.12	335	530	294	614
ENSG00000060709.15	28	136	0	5
ENSG00000060718.21	133	0	23	92
ENSG00000060749.15	932	1174	451	1243
ENSG00000060762.18	166	179	348	262
ENSG00000060971.17	411	635	1086	632
ENSG00000060982.14	12089	3698	253	128
ENSG00000061273.17	7591	3242	7055	8409
ENSG00000061337.15	100	1	3	11
ENSG00000061455.10	12	92	19	8
ENSG00000061656.9	153	109	159	176
ENSG00000061676.14	6209	3017	2025	4558
ENSG00000061794.12	872	1136	634	1067
ENSG00000061918.12	202	36	142	11
ENSG00000061936.9	1386	1847	1766	2426
ENSG00000061938.17	2086	556	1203	2433
ENSG00000061987.15	1263	841	933	1731
ENSG00000062038.13	1565	135	668	2180
ENSG00000062194.15	2361	1582	1054	1750
ENSG00000062282.14	47	126	76	59
ENSG00000062370.16	130	34	44	159
ENSG00000062485.18	3359	4226	2143	5368
ENSG00000062524.15	9	11	3	14
ENSG00000062582.13	100	205	162	478
ENSG00000062598.17	1318	332	1173	1116
ENSG00000062650.18	1607	620	988	2388
ENSG00000062716.12	3690	13582	7734	10936
ENSG00000062725.9	747	757	581	1283
ENSG00000062822.13	414	430	286	722
ENSG00000063015.19	1	0	0	14
ENSG00000063046.17	6977	13307	5372	10124
ENSG00000063127.15	32	4	0	23
ENSG00000063169.10	458	160	370	532
ENSG00000063176.15	452	89	377	474
ENSG00000063177.12	4605	6569	8874	8419
ENSG00000063180.8	66	23	123	442
ENSG00000063241.7	689	392	857	1858
ENSG00000063244.12	2178	2043	3363	8486
ENSG00000063245.14	1408	153	1046	5829
ENSG00000063322.13	784	537	773	2584
ENSG00000063438.16	65	7	6	58
ENSG00000063587.14	380	1198	496	894
ENSG00000063601.16	352	1504	1423	1189
ENSG00000063660.8	2926	1674	1138	5581
ENSG00000063761.15	89	134	149	283
ENSG00000063854.12	502	215	503	908
ENSG00000063978.15	986	1090	425	969
ENSG00000064012.21	1096	715	674	1234
ENSG00000064042.17	1096	384	322	949
ENSG00000064102.14	414	560	351	837
ENSG00000064115.10	988	783	618	1176
ENSG00000064195.7	180	42	72	39
ENSG00000064199.6	111	141	87	76
ENSG00000064201.15	18	28	3	2
ENSG00000064205.10	1	2	11	39
ENSG00000064218.4	0	3	0	0
ENSG00000064225.12	62	190	424	268
ENSG00000064270.12	237	111	56	39
ENSG00000064300.8	12	10	41	312
ENSG00000064309.14	529	234	359	821
ENSG00000064313.11	1007	1487	585	903
ENSG00000064393.15	3327	1060	1380	1864
ENSG00000064419.13	1229	516	817	1905
ENSG00000064489.22	11	11	2	17
ENSG00000064490.13	773	576	920	1870
ENSG00000064545.14	302	620	539	806
ENSG00000064547.13	325	407	204	583
ENSG00000064601.18	3112	2117	3991	3902
ENSG00000064607.16	1655	2523	2769	4720
ENSG00000064651.13	611	1036	630	1160
ENSG00000064652.10	228	276	330	365
ENSG00000064655.18	11	174	1144	287
ENSG00000064666.14	1543	849	1542	425
ENSG00000064687.12	102	261	444	294
ENSG00000064692.18	17	12	43	21
ENSG00000064703.11	284	326	413	481
ENSG00000064726.9	1139	802	934	1768
ENSG00000064763.10	55	37	6	156
ENSG00000064787.13	21	23	10	41
ENSG00000064886.13	4	3	1	3
ENSG00000064932.15	1744	1485	1572	2612
ENSG00000064933.17	772	686	220	690
ENSG00000064961.18	821	684	1200	1461
ENSG00000064989.12	4	137	0	11
ENSG00000064995.17	733	291	410	734
ENSG00000064999.14	1310	544	590	1331
ENSG00000065000.17	2121	1917	1941	4940
ENSG00000065029.14	607	446	565	482
ENSG00000065054.13	791	962	904	563
ENSG00000065057.7	251	242	235	290
ENSG00000065060.16	624	297	330	1336
ENSG00000065135.10	1486	2122	1707	2481
ENSG00000065150.18	1776	3360	2459	3247
ENSG00000065154.11	1324	692	1526	3010
ENSG00000065183.15	4301	1125	1027	1020
ENSG00000065243.19	1381	1546	1314	1379
ENSG00000065268.10	291	309	231	412
ENSG00000065308.4	612	618	506	1443
ENSG00000065320.8	1942	1089	1086	5283
ENSG00000065325.12	1	1	7	7
ENSG00000065328.16	150	146	77	449
ENSG00000065357.19	774	92	367	391
ENSG00000065361.15	5349	1577	455	945
ENSG00000065413.19	77	110	66	54
ENSG00000065427.14	1335	1565	1841	1846
ENSG00000065457.10	143	113	188	241
ENSG00000065485.19	253	407	229	1296
ENSG00000065491.8	451	116	328	601
ENSG00000065518.7	840	1267	1440	3296
ENSG00000065526.10	2556	2426	1720	2979
ENSG00000065534.18	313	85	378	2525
ENSG00000065548.17	1832	1160	783	1768
ENSG00000065559.14	560	277	334	769
ENSG00000065600.12	251	167	118	208
ENSG00000065609.14	2	5	4	1
ENSG00000065613.13	1474	1476	637	2457
ENSG00000065615.13	240	147	104	248
ENSG00000065618.19	20	10	15	38
ENSG00000065621.14	529	494	456	1266
ENSG00000065665.20	504	108	150	590
ENSG00000065675.14	6	71	72	304
ENSG00000065717.14	653	128	253	615
ENSG00000065802.11	973	1317	464	913
ENSG00000065809.13	1287	354	754	1131
ENSG00000065833.8	49	18	180	247
ENSG00000065882.15	805	1337	875	738
ENSG00000065883.15	1354	921	830	2402
ENSG00000065911.11	1944	1385	2376	4040
ENSG00000065923.9	164	595	169	357
ENSG00000065970.8	614	257	315	1222
ENSG00000065978.18	5792	15848	15611	19281
ENSG00000065989.15	234	220	156	470
ENSG00000066027.11	1079	612	861	2548
ENSG00000066032.18	83	16	61	6
ENSG00000066044.14	2022	2422	881	2432
ENSG00000066056.13	16	10	177	604
ENSG00000066084.12	1272	933	489	1199
ENSG00000066117.14	1165	1017	685	1598
ENSG00000066135.12	938	843	956	1221
ENSG00000066136.20	850	804	1394	1908
ENSG00000066185.12	34	9	8	32
ENSG00000066230.11	68	81	95	91
ENSG00000066248.14	139	124	262	445
ENSG00000066279.17	456	709	363	535
ENSG00000066294.14	179	61	79	125
ENSG00000066322.14	1131	1487	1568	2034
ENSG00000066336.11	89	52	71	135
ENSG00000066379.14	208	107	258	258
ENSG00000066382.16	201	47	6	39
ENSG00000066422.4	471	395	632	997
ENSG00000066427.22	472	388	647	626
ENSG00000066455.12	828	570	811	1598
ENSG00000066468.22	890	147	751	2695
ENSG00000066557.5	290	350	321	369
ENSG00000066583.11	453	648	159	498
ENSG00000066629.17	430	91	257	688
ENSG00000066651.19	251	184	334	364
ENSG00000066654.13	843	323	707	1198
ENSG00000066697.14	296	319	105	373
ENSG00000066735.14	195	24	98	118
ENSG00000066739.11	618	614	1060	991
ENSG00000066777.8	2340	2399	1246	1982
ENSG00000066827.15	218	382	317	197
ENSG00000066855.15	335	417	301	365
ENSG00000066923.17	174	25	55	61
ENSG00000066926.10	329	291	96	845
ENSG00000066933.15	530	949	449	656
ENSG00000067057.16	3904	3932	3233	4052
ENSG00000067064.11	645	358	552	790
ENSG00000067066.16	829	814	1157	1368
ENSG00000067082.14	6397	3658	5498	16693
ENSG00000067113.16	97	178	62	194
ENSG00000067141.16	2678	1096	629	2751
ENSG00000067167.7	7246	9185	7282	4797
ENSG00000067177.14	84	364	90	355
ENSG00000067182.7	1957	3065	1666	4439
ENSG00000067191.15	162	1149	94	457
ENSG00000067208.14	348	352	405	373
ENSG00000067221.13	122	39	130	199
ENSG00000067225.17	15807	59819	19597	16654
ENSG00000067248.9	470	570	458	791
ENSG00000067334.13	854	942	1189	1449
ENSG00000067365.14	228	148	242	447
ENSG00000067369.13	2213	1697	889	2715
ENSG00000067445.20	554	141	140	826
ENSG00000067533.5	508	546	358	617
ENSG00000067560.10	2784	5349	3991	4860
ENSG00000067596.11	789	1252	502	1181
ENSG00000067601.7	20	15	40	41
ENSG00000067606.16	461	491	450	794
ENSG00000067704.9	2103	4172	1365	2219
ENSG00000067715.13	29	105	140	155
ENSG00000067798.15	8	16	3	2
ENSG00000067829.18	208	1333	1364	995
ENSG00000067836.12	498	210	641	701
ENSG00000067840.12	5	33	32	69
ENSG00000067842.17	3	8	1	8
ENSG00000067900.7	1282	834	1893	3200
ENSG00000067955.13	910	662	948	945
ENSG00000067992.13	49	75	39	68
ENSG00000068001.13	484	1117	429	688
ENSG00000068024.16	563	394	308	839
ENSG00000068028.17	210	330	299	224
ENSG00000068078.18	395	1618	258	265
ENSG00000068079.7	155	323	151	603
ENSG00000068097.14	254	306	209	442
ENSG00000068120.14	923	1767	862	895
ENSG00000068137.14	405	729	421	665
ENSG00000068305.17	981	822	1194	1422
ENSG00000068308.13	617	1711	631	2011
ENSG00000068323.16	583	925	589	2102
ENSG00000068354.15	210	319	289	636
ENSG00000068366.19	506	736	633	955
ENSG00000068383.18	603	167	422	800
ENSG00000068394.10	159	602	193	590
ENSG00000068400.13	862	1797	685	2954
ENSG00000068438.14	225	845	446	853
ENSG00000068489.12	262	741	180	671
ENSG00000068615.18	15	59	24	110
ENSG00000068650.18	3987	1359	2106	1998
ENSG00000068654.15	1906	2420	1335	2400
ENSG00000068697.6	7236	2417	4098	6195
ENSG00000068724.15	1165	317	758	1938
ENSG00000068745.14	926	1716	2696	1583
ENSG00000068784.12	226	203	130	195
ENSG00000068796.16	615	536	244	641
ENSG00000068831.18	19	8	5	8
ENSG00000068878.14	2482	989	1696	2814
ENSG00000068885.14	513	334	619	1132
ENSG00000068903.19	488	262	725	1684
ENSG00000068912.13	1108	620	684	1533
ENSG00000068971.13	471	276	463	379
ENSG00000068976.13	96	7	3	101
ENSG00000069011.15	2	120	45	211
ENSG00000069020.18	130	708	96	368
ENSG00000069122.18	13	28	4	23
ENSG00000069188.16	224	186	4	224
ENSG00000069248.11	1071	1013	758	1173
ENSG00000069275.12	5104	6655	5257	9017
ENSG00000069329.17	1979	1524	1354	2061
ENSG00000069345.11	1057	667	1195	1420
ENSG00000069399.14	655	508	534	796
ENSG00000069424.14	355	286	225	372
ENSG00000069482.6	5	49	13	19
ENSG00000069493.14	182	468	115	503
ENSG00000069509.5	97	137	77	186
ENSG00000069535.13	10	267	88	206
ENSG00000069667.15	13	1241	120	271
ENSG00000069696.6	50	59	0	39
ENSG00000069702.10	396	152	271	1180
ENSG00000069764.9	2	6	1	3
ENSG00000069812.11	451	49	108	75
ENSG00000069849.10	543	1289	902	2952
ENSG00000069869.16	33	132	11	30
ENSG00000069943.9	135	224	65	216
ENSG00000069956.11	1374	867	559	1756
ENSG00000069966.18	385	422	153	632
ENSG00000069974.15	319	310	91	372
ENSG00000069998.12	237	416	424	557
ENSG00000070010.18	528	378	1160	1232
ENSG00000070018.8	1542	1273	412	1625
ENSG00000070047.11	1353	1869	949	1700
ENSG00000070061.14	729	999	603	830
ENSG00000070081.16	873	242	435	1623
ENSG00000070087.14	1716	901	2081	5672
ENSG00000070159.13	743	960	285	581
ENSG00000070182.20	60	28	252	209
ENSG00000070190.12	451	27	55	484
ENSG00000070214.15	1168	1580	611	1176
ENSG00000070269.13	571	416	243	833
ENSG00000070366.13	599	295	195	817
ENSG00000070367.15	880	1451	677	1710
ENSG00000070371.15	44	39	430	384
ENSG00000070388.11	3	1	7	3
ENSG00000070404.9	771	194	532	1391
ENSG00000070413.19	1449	1022	2722	2701
ENSG00000070423.17	332	427	477	645
ENSG00000070444.14	1109	587	701	2091
ENSG00000070476.14	388	577	668	1906
ENSG00000070495.14	323	419	177	279
ENSG00000070501.11	441	228	285	349
ENSG00000070526.14	298	1261	91	100
ENSG00000070540.12	419	74	254	842
ENSG00000070601.9	40	33	105	109
ENSG00000070610.14	1219	1501	1651	1040
ENSG00000070614.14	1444	1794	3084	3775
ENSG00000070669.16	57	37	62	88
ENSG00000070718.11	837	977	538	475
ENSG00000070729.13	60	44	13	28
ENSG00000070731.10	152	161	181	108
ENSG00000070748.18	1	0	3	1
ENSG00000070756.15	16984	39209	17157	17958
ENSG00000070759.16	76	66	98	199
ENSG00000070761.7	361	250	374	537
ENSG00000070770.8	976	720	865	1506
ENSG00000070778.12	746	354	335	721
ENSG00000070785.16	141	249	243	531
ENSG00000070808.15	11	1	1	29
ENSG00000070814.19	758	1629	1708	1958
ENSG00000070831.15	419	891	372	578
ENSG00000070882.12	2749	1024	491	2054
ENSG00000070886.11	3	7	1	45
ENSG00000070915.9	6	0	1	4
ENSG00000070950.9	292	420	289	292
ENSG00000070961.15	2398	2453	1017	3247
ENSG00000070985.13	102	53	5	37
ENSG00000071051.13	1102	801	842	1528
ENSG00000071054.16	3276	1854	3360	3770
ENSG00000071073.12	854	268	962	773
ENSG00000071082.10	8444	15615	27125	23012
ENSG00000071127.16	3820	5014	1640	3612
ENSG00000071189.21	697	374	605	1146
ENSG00000071205.11	45	11	114	92
ENSG00000071242.11	1407	1347	507	1185
ENSG00000071243.15	370	440	303	583
ENSG00000071246.10	206	449	95	423
ENSG00000071282.11	206	39	185	818
ENSG00000071462.11	1523	1568	2083	2276
ENSG00000071537.13	2039	1313	2580	4756
ENSG00000071539.13	171	805	342	608
ENSG00000071553.16	1640	3148	6544	5659
ENSG00000071564.14	1145	745	672	1554
ENSG00000071575.11	2190	2944	443	1835
ENSG00000071626.16	1499	1737	2221	2841
ENSG00000071655.17	570	554	537	1297
ENSG00000071794.15	1028	1708	1434	3554
ENSG00000071859.14	385	2593	1090	2381
ENSG00000071889.16	267	966	964	1117
ENSG00000071894.16	3878	8462	3251	4395
ENSG00000071909.18	775	18	171	200
ENSG00000071967.11	381	152	1283	2622
ENSG00000071991.8	0	0	0	9
ENSG00000071994.10	1092	523	552	975
ENSG00000072041.16	12	155	1	0
ENSG00000072042.12	1010	1108	1197	1509
ENSG00000072062.13	792	1258	1293	2515
ENSG00000072071.16	802	922	1378	3237
ENSG00000072080.10	0	0	0	8
ENSG00000072110.13	2905	3379	3533	5646
ENSG00000072121.15	567	560	556	1474
ENSG00000072133.10	41	59	3	209
ENSG00000072134.15	1480	650	645	1883
ENSG00000072135.12	625	1700	1353	1719
ENSG00000072163.19	244	599	88	296
ENSG00000072182.12	13	0	2	2
ENSG00000072195.14	1213	127	1129	2652
ENSG00000072201.13	164	112	131	100
ENSG00000072210.18	1302	608	976	3444
ENSG00000072274.12	3986	7575	3843	7847
ENSG00000072310.16	1778	781	1435	2216
ENSG00000072364.12	3957	2587	2844	3664
ENSG00000072401.14	546	154	298	475
ENSG00000072415.8	624	876	639	1173
ENSG00000072422.16	393	78	40	252
ENSG00000072501.17	709	1734	807	3308
ENSG00000072506.12	259	1395	635	2112
ENSG00000072518.20	1402	1706	1311	1382
ENSG00000072571.19	167	412	327	418
ENSG00000072609.17	981	543	932	1169
ENSG00000072657.8	4	0	510	24
ENSG00000072682.18	915	801	950	1893
ENSG00000072694.20	33	28	14	31
ENSG00000072736.18	536	324	362	380
ENSG00000072756.16	319	305	341	199
ENSG00000072778.19	5255	7716	5937	11182
ENSG00000072786.12	412	282	272	378
ENSG00000072803.17	1013	977	1100	1386
ENSG00000072818.11	8	25	19	28
ENSG00000072832.14	25	187	12	209
ENSG00000072840.12	258	795	83	444
ENSG00000072849.10	798	323	655	1104
ENSG00000072858.10	2	3	2	0
ENSG00000072864.14	243	247	128	345
ENSG00000072952.18	19	5	3	37
ENSG00000072954.6	45	398	51	395
ENSG00000072958.8	403	899	415	1418
ENSG00000073008.14	767	576	902	2355
ENSG00000073050.11	449	460	533	609
ENSG00000073060.15	341	508	1275	1295
ENSG00000073067.13	84	2	4	25
ENSG00000073111.13	768	1881	558	2605
ENSG00000073146.15	3	6	16	50
ENSG00000073150.13	87	15	18	252
ENSG00000073169.13	132	238	280	432
ENSG00000073282.12	22	4	10	19
ENSG00000073331.17	260	218	251	407
ENSG00000073350.13	3577	2496	956	5059
ENSG00000073417.14	358	318	242	208
ENSG00000073464.11	93	43	174	553
ENSG00000073536.17	162	266	103	343
ENSG00000073578.16	1258	3855	3999	2212
ENSG00000073584.19	521	813	215	618
ENSG00000073598.5	1	1	0	2
ENSG00000073605.18	358	1120	90	686
ENSG00000073614.12	1590	1397	1310	2455
ENSG00000073670.13	78	69	20	81
ENSG00000073711.10	340	393	158	892
ENSG00000073712.14	1027	478	650	1367
ENSG00000073734.9	8	0	7	8
ENSG00000073737.16	354	7	280	223
ENSG00000073756.11	153	52	9	25
ENSG00000073792.15	4807	460	2361	8416
ENSG00000073803.13	157	460	1214	2356
ENSG00000073849.14	3390	2771	416	2662
ENSG00000073905.8	1	4	4	2
ENSG00000073910.21	269	98	132	710
ENSG00000073921.17	2794	3208	2495	2413
ENSG00000073969.18	473	312	508	583
ENSG00000074047.21	164	115	103	390
ENSG00000074054.18	1497	899	1167	1645
ENSG00000074071.14	715	619	1135	1237
ENSG00000074181.8	4105	1226	563	3659
ENSG00000074201.8	842	2029	1266	1064
ENSG00000074211.13	107	73	12	40
ENSG00000074219.13	1711	154	180	1013
ENSG00000074266.19	350	565	563	281
ENSG00000074276.10	6	6	2	40
ENSG00000074317.10	1	2	53	12
ENSG00000074319.12	1112	648	508	1588
ENSG00000074356.16	1534	796	998	2100
ENSG00000074370.17	172	48	99	320
ENSG00000074410.13	78	434	250	233
ENSG00000074416.14	986	1007	168	3722
ENSG00000074527.11	1457	3078	914	1411
ENSG00000074582.13	388	623	609	406
ENSG00000074590.13	224	219	83	407
ENSG00000074603.18	747	1219	413	1055
ENSG00000074621.13	376	255	126	324
ENSG00000074657.13	1649	1202	525	3436
ENSG00000074660.15	79	50	13	95
ENSG00000074695.5	2974	2264	1073	5370
ENSG00000074696.12	2237	2657	783	1702
ENSG00000074706.13	14	29	2	14
ENSG00000074755.14	1020	675	885	2052
ENSG00000074800.15	10615	41427	23557	26785
ENSG00000074803.18	0	0	6	16
ENSG00000074842.7	665	603	774	1631
ENSG00000074855.10	911	2184	1033	3768
ENSG00000074935.13	212	129	322	307
ENSG00000074964.16	508	316	225	520
ENSG00000074966.10	31	96	10	17
ENSG00000075035.9	1	1	7	49
ENSG00000075073.14	2	1	0	75
ENSG00000075089.9	569	362	379	638
ENSG00000075131.9	68	208	40	88
ENSG00000075142.13	872	1606	1214	1404
ENSG00000075151.20	1584	1884	2305	3209
ENSG00000075188.8	261	277	146	579
ENSG00000075213.10	606	485	108	191
ENSG00000075218.18	122	176	145	476
ENSG00000075223.13	1251	167	1404	884
ENSG00000075234.16	183	168	139	346
ENSG00000075239.13	209	1182	666	825
ENSG00000075240.16	767	427	564	829
ENSG00000075275.16	4995	2256	4432	4094
ENSG00000075290.7	1	2	1	2
ENSG00000075292.18	2602	1896	1724	2747
ENSG00000075303.12	274	465	399	292
ENSG00000075336.11	265	323	146	217
ENSG00000075340.22	371	379	392	985
ENSG00000075391.16	1425	295	856	1827
ENSG00000075399.13	416	121	126	487
ENSG00000075407.18	1005	483	818	1405
ENSG00000075413.17	1070	1078	1217	2109
ENSG00000075415.12	6046	8375	6897	14247
ENSG00000075420.12	2944	1298	1397	3981
ENSG00000075426.11	6578	3521	2968	4946
ENSG00000075461.5	1343	1736	491	517
ENSG00000075539.14	977	1189	414	453
ENSG00000075568.16	1487	1349	1218	1959
ENSG00000075618.17	2935	614	497	3129
ENSG00000075624.14	40483	16115	26545	61901
ENSG00000075643.5	64	12	255	570
ENSG00000075651.15	201	51	121	311
ENSG00000075673.11	1	0	1	9
ENSG00000075702.17	141	109	167	1188
ENSG00000075711.20	3598	1362	1696	4517
ENSG00000075785.12	2699	2932	2644	13667
ENSG00000075790.10	595	706	300	943
ENSG00000075826.16	112	72	132	334
ENSG00000075856.11	1608	1249	807	1965
ENSG00000075884.13	5	4	2	3
ENSG00000075886.10	1	8	1	1
ENSG00000075891.21	1316	0	2	2
ENSG00000075914.12	248	696	413	519
ENSG00000075945.12	530	310	569	467
ENSG00000075975.15	464	707	550	644
ENSG00000076003.4	528	1101	295	927
ENSG00000076043.9	426	1204	1106	1028
ENSG00000076053.10	521	628	508	652
ENSG00000076067.12	2855	985	1043	2524
ENSG00000076108.11	4019	2278	3436	6469
ENSG00000076201.14	1082	1440	1440	1762
ENSG00000076242.14	251	239	358	377
ENSG00000076248.10	921	1235	543	1670
ENSG00000076258.9	63	47	48	113
ENSG00000076321.10	351	250	270	447
ENSG00000076344.15	68	14	407	622
ENSG00000076351.12	312	570	236	838
ENSG00000076356.6	743	472	262	548
ENSG00000076382.16	292	461	155	887
ENSG00000076513.16	1916	815	2450	4152
ENSG00000076554.15	1518	2255	870	1611
ENSG00000076555.15	897	424	266	668
ENSG00000076604.14	2601	1336	1968	2253
ENSG00000076641.4	61	257	58	55
ENSG00000076650.6	191	201	186	457
ENSG00000076662.9	88	276	86	110
ENSG00000076685.18	3118	1828	1251	3896
ENSG00000076706.16	1177	369	367	1688
ENSG00000076716.8	23	576	787	1306
ENSG00000076770.14	173	283	103	481
ENSG00000076826.9	1285	1947	305	1217
ENSG00000076864.19	600	664	1166	788
ENSG00000076924.11	1244	1637	590	1969
ENSG00000076928.17	1413	519	849	5148
ENSG00000076944.15	1802	2064	633	2952
ENSG00000076984.17	1882	2173	678	2221
ENSG00000077044.10	757	604	421	941
ENSG00000077063.10	110	199	203	393
ENSG00000077092.18	82	250	55	76
ENSG00000077097.15	2271	2022	1812	2349
ENSG00000077147.15	5618	2481	3044	8022
ENSG00000077150.18	1612	753	942	2828
ENSG00000077152.10	223	213	120	368
ENSG00000077157.21	972	477	488	705
ENSG00000077232.17	4522	5508	1411	4292
ENSG00000077235.17	1990	823	1594	2338
ENSG00000077238.13	584	87	684	101
ENSG00000077254.14	1003	1009	1691	1453
ENSG00000077264.14	6	0	0	4
ENSG00000077274.8	42	0	3	114
ENSG00000077312.8	519	612	616	1792
ENSG00000077327.15	38	0	0	10
ENSG00000077348.8	159	333	518	1006
ENSG00000077380.15	2409	1413	792	1773
ENSG00000077420.15	46	45	31	50
ENSG00000077454.15	1142	398	648	1422
ENSG00000077458.12	506	720	384	556
ENSG00000077463.14	148	146	240	353
ENSG00000077514.8	383	892	184	278
ENSG00000077522.12	2	0	1	5
ENSG00000077549.17	1877	3851	2556	3257
ENSG00000077585.13	145	83	263	711
ENSG00000077616.10	2	0	41	22
ENSG00000077684.15	276	368	256	694
ENSG00000077713.18	81	279	64	500
ENSG00000077721.15	373	684	488	1244
ENSG00000077782.20	2934	1123	370	2064
ENSG00000077935.16	55	0	8	29
ENSG00000077942.18	171	402	331	642
ENSG00000077984.5	9	8	3	12
ENSG00000078018.19	986	87	319	961
ENSG00000078043.15	559	685	664	2187
ENSG00000078053.16	2	7	0	1
ENSG00000078061.12	426	806	540	4277
ENSG00000078070.12	642	601	785	1367
ENSG00000078081.7	304	24	211	1464
ENSG00000078098.13	15	9	7	6
ENSG00000078114.18	184	381	278	1837
ENSG00000078124.11	411	514	285	309
ENSG00000078140.13	1412	2241	1321	1387
ENSG00000078142.12	695	382	373	1210
ENSG00000078177.13	735	460	248	406
ENSG00000078237.6	40	38	56	104
ENSG00000078246.16	764	503	485	878
ENSG00000078269.14	1100	490	239	584
ENSG00000078295.16	139	0	7	1
ENSG00000078304.19	1375	1513	1064	2216
ENSG00000078319.9	129	98	162	247
ENSG00000078328.20	0	5	2	0
ENSG00000078369.17	4989	5357	3956	6796
ENSG00000078399.17	0	67	1	38
ENSG00000078401.6	312	289	36	308
ENSG00000078403.16	1138	332	921	2443
ENSG00000078487.17	114	93	197	113
ENSG00000078549.14	4	32	51	4
ENSG00000078596.10	2	8	0	13
ENSG00000078618.21	1589	1790	1508	4124
ENSG00000078668.13	1536	2702	1415	1408
ENSG00000078674.17	4259	2077	855	1919
ENSG00000078687.17	820	282	212	529
ENSG00000078699.21	2156	868	677	1893
ENSG00000078725.12	12	0	30	61
ENSG00000078747.14	2258	1125	1335	2482
ENSG00000078795.16	8	10	6	7
ENSG00000078804.12	1223	291	318	1924
ENSG00000078808.16	2014	1780	2098	3664
ENSG00000078814.15	108	37	13	37
ENSG00000078900.14	116	95	23	56
ENSG00000078902.15	751	701	471	1158
ENSG00000078967.12	249	243	202	346
ENSG00000079101.16	67	19	25	29
ENSG00000079102.16	3	1	4	0
ENSG00000079134.11	701	770	755	2000
ENSG00000079150.17	105	30	29	48
ENSG00000079156.16	3	7	13	4
ENSG00000079215.13	135	745	202	293
ENSG00000079246.15	6697	6105	3566	5145
ENSG00000079257.7	136	136	114	326
ENSG00000079263.18	4	1	8	8
ENSG00000079277.20	695	567	834	856
ENSG00000079308.18	3284	3636	2661	1838
ENSG00000079313.14	553	468	613	1378
ENSG00000079332.14	2210	754	2011	3592
ENSG00000079335.19	194	197	111	181
ENSG00000079337.15	3191	3021	8703	1722
ENSG00000079385.21	193	114	12	378
ENSG00000079387.13	514	313	187	554
ENSG00000079393.20	7	0	2	10
ENSG00000079432.7	2033	958	2428	2819
ENSG00000079435.9	70	51	124	116
ENSG00000079459.12	2447	4307	1016	1274
ENSG00000079462.7	568	298	498	435
ENSG00000079482.12	177	44	100	466
ENSG00000079616.12	735	632	809	1575
ENSG00000079691.17	446	222	381	478
ENSG00000079739.16	543	2742	573	1347
ENSG00000079785.14	1959	1579	1695	2852
ENSG00000079805.16	3087	17474	1764	5945
ENSG00000079819.18	157	265	701	540
ENSG00000079841.18	4	0	1	3
ENSG00000079931.14	7	15	9	1
ENSG00000079950.13	1428	616	1075	1167
ENSG00000079974.17	454	463	401	651
ENSG00000079999.13	1374	2946	620	2375
ENSG00000080007.7	0	0	0	317
ENSG00000080031.9	190	69	6	251
ENSG00000080166.15	13	0	2	6
ENSG00000080189.14	1554	1063	2156	2549
ENSG00000080200.9	295	448	336	427
ENSG00000080224.17	11	9	32	199
ENSG00000080298.15	571	280	448	271
ENSG00000080345.17	1284	1539	988	1408
ENSG00000080371.5	1458	1049	1236	2016
ENSG00000080493.16	10	7	1	0
ENSG00000080503.23	737	1593	1325	918
ENSG00000080511.3	2	3	0	1
ENSG00000080546.13	197	82	135	175
ENSG00000080561.13	48	32	56	175
ENSG00000080573.6	70	73	0	26
ENSG00000080603.16	317	136	247	323
ENSG00000080608.9	444	741	605	552
ENSG00000080618.14	7	0	2	3
ENSG00000080644.15	0	0	1	2
ENSG00000080709.15	2	3	0	0
ENSG00000080802.18	375	158	391	540
ENSG00000080815.18	1722	1207	1236	1739
ENSG00000080819.7	440	487	591	1144
ENSG00000080822.16	739	784	714	1833
ENSG00000080823.22	323	528	455	756
ENSG00000080824.18	27484	31775	20885	39007
ENSG00000080839.11	245	180	77	174
ENSG00000080845.17	3914	1036	1188	1955
ENSG00000080854.14	63	17	321	116
ENSG00000080947.14	90	141	110	242
ENSG00000080986.12	163	392	180	1048
ENSG00000081014.10	235	314	245	347
ENSG00000081019.13	332	265	392	297
ENSG00000081026.18	226	190	223	204
ENSG00000081041.8	27	3	27	130
ENSG00000081052.12	34	40	390	481
ENSG00000081059.19	167	452	68	198
ENSG00000081087.14	234	174	297	408
ENSG00000081138.13	18	0	0	0
ENSG00000081148.11	501	14	17	2142
ENSG00000081154.11	1847	1872	1740	4248
ENSG00000081177.18	503	720	389	1011
ENSG00000081181.7	142	46	197	167
ENSG00000081189.15	52	37	17	29
ENSG00000081237.19	177	83	97	102
ENSG00000081277.12	18	1	53	22
ENSG00000081307.12	334	646	463	1771
ENSG00000081320.10	586	1050	1428	378
ENSG00000081377.16	663	456	341	716
ENSG00000081386.12	220	234	87	154
ENSG00000081479.13	235	22	24	53
ENSG00000081665.13	400	250	511	150
ENSG00000081692.12	249	318	262	405
ENSG00000081721.11	466	330	261	501
ENSG00000081760.16	688	985	1264	1872
ENSG00000081791.8	577	1408	1097	1419
ENSG00000081803.15	29	185	12	27
ENSG00000081818.3	95	16	45	67
ENSG00000081842.17	2	220	91	167
ENSG00000081853.14	19	12	52	23
ENSG00000081870.11	225	422	146	739
ENSG00000081913.13	300	138	76	239
ENSG00000081923.13	1042	1031	350	686
ENSG00000081985.11	5	4	6	10
ENSG00000082014.16	116	463	681	777
ENSG00000082068.8	295	453	236	768
ENSG00000082074.16	60	30	54	37
ENSG00000082126.17	7	3	2	3
ENSG00000082146.12	190	236	126	231
ENSG00000082153.17	4026	1890	2834	3339
ENSG00000082175.14	8	5	3	4
ENSG00000082196.20	88	54	43	102
ENSG00000082212.12	654	366	269	1079
ENSG00000082213.17	562	395	268	809
ENSG00000082258.12	1422	1289	1604	1692
ENSG00000082269.16	372	53	276	129
ENSG00000082397.17	114	43	78	93
ENSG00000082438.15	337	308	401	284
ENSG00000082458.11	543	1247	441	1311
ENSG00000082482.13	81	0	7	5
ENSG00000082497.11	98	290	50	64
ENSG00000082512.14	565	637	276	767
ENSG00000082515.17	350	435	533	533
ENSG00000082516.8	396	518	488	504
ENSG00000082556.10	23	445	1	3
ENSG00000082641.15	5807	1581	2884	4916
ENSG00000082684.15	0	16	21	145
ENSG00000082701.15	1488	818	984	3612
ENSG00000082781.11	835	2598	534	3123
ENSG00000082805.19	821	1354	823	1961
ENSG00000082898.16	4847	4729	3595	6965
ENSG00000082929.8	0	39	0	1
ENSG00000082996.19	514	284	576	2002
ENSG00000083067.22	1	6	4	3
ENSG00000083093.9	258	119	155	381
ENSG00000083097.14	389	219	419	383
ENSG00000083099.10	928	315	594	998
ENSG00000083123.14	210	275	433	324
ENSG00000083168.10	2743	1968	1130	1404
ENSG00000083223.17	634	433	438	408
ENSG00000083290.19	564	14	157	1092
ENSG00000083307.11	1412	1019	408	430
ENSG00000083312.17	1645	2201	712	2321
ENSG00000083444.16	1670	3051	1063	1161
ENSG00000083454.21	2	8	5	13
ENSG00000083457.11	93	101	127	154
ENSG00000083520.14	868	833	691	889
ENSG00000083535.15	218	254	123	239
ENSG00000083544.14	205	193	169	234
ENSG00000083635.7	228	103	142	232
ENSG00000083642.18	559	290	245	573
ENSG00000083720.12	32	371	126	453
ENSG00000083750.12	162	189	165	955
ENSG00000083799.17	420	153	774	972
ENSG00000083807.9	40	62	65	285
ENSG00000083812.11	187	110	140	569
ENSG00000083814.13	7	45	38	8
ENSG00000083817.8	109	31	63	250
ENSG00000083828.15	75	22	164	103
ENSG00000083838.15	192	80	110	648
ENSG00000083844.10	593	247	372	1202
ENSG00000083845.8	3600	5879	5214	41643
ENSG00000083857.13	1701	286	813	5
ENSG00000083896.12	1925	1085	1362	1840
ENSG00000083937.8	762	977	668	583
ENSG00000084070.11	250	438	356	649
ENSG00000084072.16	386	200	806	1167
ENSG00000084073.8	652	1662	1345	2135
ENSG00000084090.13	3701	2686	2997	3815
ENSG00000084092.6	301	316	266	356
ENSG00000084093.16	1354	749	644	1327
ENSG00000084110.10	132	30	22	63
ENSG00000084112.14	1243	760	638	1986
ENSG00000084207.16	6726	6402	7275	6607
ENSG00000084234.17	10179	8155	9069	10341
ENSG00000084444.13	151	115	99	220
ENSG00000084453.16	35	34	69	144
ENSG00000084463.7	1679	1420	901	2751
ENSG00000084623.11	1136	2898	2095	3386
ENSG00000084628.9	5	15	0	36
ENSG00000084636.17	310	146	861	3855
ENSG00000084652.15	1391	1782	1660	3041
ENSG00000084676.15	1231	535	581	1352
ENSG00000084693.15	719	570	372	1580
ENSG00000084710.13	295	56	72	137
ENSG00000084731.14	1889	238	165	740
ENSG00000084733.10	4005	2171	2230	3260
ENSG00000084754.11	2797	3400	2335	3803
ENSG00000084764.11	160	145	450	518
ENSG00000084774.13	1837	2958	1809	2920
ENSG00000085063.15	1795	2180	1754	4157
ENSG00000085117.11	1864	1763	2776	1671
ENSG00000085185.15	319	231	141	834
ENSG00000085224.22	681	1283	548	1943
ENSG00000085231.13	263	482	142	449
ENSG00000085265.10	68	7	74	70
ENSG00000085274.15	1467	346	498	743
ENSG00000085276.17	3463	2603	502	519
ENSG00000085365.17	879	1250	245	1084
ENSG00000085377.13	734	392	535	547
ENSG00000085382.11	205	117	140	181
ENSG00000085415.15	901	426	825	1774
ENSG00000085433.15	1043	319	301	294
ENSG00000085449.14	1230	1421	1074	919
ENSG00000085465.12	22	100	111	32
ENSG00000085491.16	6783	1040	977	1211
ENSG00000085511.19	1065	294	227	455
ENSG00000085514.15	38	60	37	61
ENSG00000085552.16	1247	797	773	1451
ENSG00000085563.14	0	6	5	1
ENSG00000085644.13	306	231	139	379
ENSG00000085662.13	407	549	1527	1402
ENSG00000085719.12	2875	2879	1030	1614
ENSG00000085721.12	900	584	887	1078
ENSG00000085733.15	5613	7521	6122	2339
ENSG00000085741.12	856	488	519	1022
ENSG00000085760.14	987	1001	834	1132
ENSG00000085788.13	1367	1777	538	1130
ENSG00000085831.15	47	58	167	567
ENSG00000085832.16	872	670	522	1535
ENSG00000085840.12	63	126	23	150
ENSG00000085871.8	368	682	844	659
ENSG00000085872.14	985	2486	1194	2812
ENSG00000085978.21	629	488	660	727
ENSG00000085982.13	1214	930	624	1021
ENSG00000085998.13	829	980	1157	1604
ENSG00000085999.11	71	193	92	333
ENSG00000086015.20	1079	956	676	1344
ENSG00000086061.15	3970	3886	5977	3265
ENSG00000086062.12	2396	3561	2855	2019
ENSG00000086065.13	947	787	1470	756
ENSG00000086102.18	735	1060	1145	786
ENSG00000086159.12	139	48	7	47
ENSG00000086189.9	305	396	237	340
ENSG00000086200.16	280	430	167	480
ENSG00000086205.17	0	4	41	100
ENSG00000086232.12	2688	1092	1375	3938
ENSG00000086288.11	2	2	4	2
ENSG00000086289.11	27	743	53	52
ENSG00000086300.15	106	112	54	504
ENSG00000086475.14	1112	529	488	2680
ENSG00000086504.16	496	337	686	941
ENSG00000086506.2	0	0	3	0
ENSG00000086544.2	1405	331	1508	5898
ENSG00000086548.8	0	83	0	484
ENSG00000086570.12	22	240	1692	393
ENSG00000086589.11	733	898	1136	1164
ENSG00000086598.10	5415	4403	4057	8097
ENSG00000086619.13	44	47	277	779
ENSG00000086666.18	1135	613	592	1410
ENSG00000086712.12	211	494	300	723
ENSG00000086717.18	0	5	0	11
ENSG00000086730.16	32	30	33	45
ENSG00000086758.15	3048	12194	3248	8263
ENSG00000086827.8	258	526	321	330
ENSG00000086848.14	164	237	107	191
ENSG00000086967.9	2	3	0	17
ENSG00000086991.12	92	20	17	26
ENSG00000087008.15	148	94	46	72
ENSG00000087053.18	758	693	699	674
ENSG00000087074.7	3458	762	2668	2875
ENSG00000087076.8	302	244	26	391
ENSG00000087077.13	1633	1838	2111	3541
ENSG00000087085.14	20	0	9	110
ENSG00000087086.14	14658	5055	23686	22536
ENSG00000087087.19	1945	1912	2284	3872
ENSG00000087088.19	559	275	387	704
ENSG00000087095.12	363	167	321	602
ENSG00000087111.20	931	369	466	1278
ENSG00000087116.15	79	16	23	306
ENSG00000087152.15	2701	1382	884	2224
ENSG00000087157.18	828	769	667	1494
ENSG00000087191.12	2210	2495	1843	2279
ENSG00000087206.16	288	344	237	493
ENSG00000087245.12	110	388	66	125
ENSG00000087250.8	4	4	53	40
ENSG00000087253.12	218	262	266	272
ENSG00000087258.14	6	7	231	7
ENSG00000087263.16	455	303	535	623
ENSG00000087266.15	3358	4147	2175	2710
ENSG00000087269.15	521	1203	311	633
ENSG00000087274.16	3569	2636	849	2626
ENSG00000087299.11	252	531	363	627
ENSG00000087301.8	364	518	113	547
ENSG00000087302.8	709	1304	886	2026
ENSG00000087303.17	17	5	120	24
ENSG00000087338.4	834	528	698	578
ENSG00000087365.15	3311	3241	2750	3269
ENSG00000087448.10	575	532	399	661
ENSG00000087460.24	22683	4344	18509	23836
ENSG00000087470.17	1968	1474	933	1447
ENSG00000087495.16	121	135	50	45
ENSG00000087502.17	1003	614	828	1113
ENSG00000087510.6	754	553	186	871
ENSG00000087586.17	393	465	369	912
ENSG00000087589.16	13	20	3	31
ENSG00000087842.10	49	48	88	107
ENSG00000087884.14	113	200	153	200
ENSG00000087903.12	394	191	188	255
ENSG00000087995.15	245	410	209	368
ENSG00000088002.11	21	25	9	13
ENSG00000088035.16	196	400	133	265
ENSG00000088038.18	1122	463	891	2311
ENSG00000088053.11	13	22	2	21
ENSG00000088179.8	484	303	432	766
ENSG00000088205.12	2379	1655	1874	2869
ENSG00000088247.17	4288	5913	2079	3869
ENSG00000088256.8	716	537	623	1417
ENSG00000088280.18	485	231	822	1975
ENSG00000088298.12	819	397	434	1731
ENSG00000088305.18	335	173	206	515
ENSG00000088320.3	43	1	9	13
ENSG00000088325.15	1093	1526	761	3619
ENSG00000088340.15	586	293	130	393
ENSG00000088356.5	599	319	243	1009
ENSG00000088367.21	2462	2064	1845	2631
ENSG00000088386.16	50	17	156	46
ENSG00000088387.18	1108	1409	1218	811
ENSG00000088448.14	1922	1666	842	1918
ENSG00000088451.10	256	216	146	259
ENSG00000088538.12	170	108	22	208
ENSG00000088543.14	85	102	110	194
ENSG00000088682.13	560	445	558	839
ENSG00000088726.15	65	0	0	23
ENSG00000088727.12	82	293	110	137
ENSG00000088756.12	53	59	42	513
ENSG00000088766.11	796	617	757	1094
ENSG00000088808.17	786	1417	883	1830
ENSG00000088812.17	2950	3077	1640	3076
ENSG00000088826.17	235	207	137	337
ENSG00000088827.12	232	32	180	154
ENSG00000088832.16	6111	5435	7689	6698
ENSG00000088833.17	1682	1413	1468	1871
ENSG00000088836.13	1312	231	3933	1354
ENSG00000088854.12	1134	663	688	915
ENSG00000088876.11	341	471	158	455
ENSG00000088881.20	746	409	69	295
ENSG00000088882.7	1000	51	98	158
ENSG00000088888.17	6069	10527	4558	8826
ENSG00000088899.15	2862	1422	2155	2422
ENSG00000088930.7	2165	938	1154	2759
ENSG00000088970.15	274	121	468	504
ENSG00000088986.10	2572	1733	3019	4392
ENSG00000088992.17	0	1	12	3
ENSG00000089006.16	2416	1057	2079	3904
ENSG00000089009.15	10851	23218	21632	22428
ENSG00000089022.13	1237	819	876	1527
ENSG00000089041.16	46	21	44	655
ENSG00000089048.14	700	300	481	767
ENSG00000089050.15	686	303	267	769
ENSG00000089053.12	2198	2453	3139	4606
ENSG00000089057.14	778	1296	622	1355
ENSG00000089060.11	1919	1049	954	716
ENSG00000089063.14	1583	2026	2572	2191
ENSG00000089091.16	288	78	167	276
ENSG00000089094.18	1582	588	500	1600
ENSG00000089101.17	27	16	1	11
ENSG00000089123.15	322	154	155	448
ENSG00000089127.12	441	478	645	746
ENSG00000089154.10	3377	3720	3232	5815
ENSG00000089157.15	17109	49962	36802	56506
ENSG00000089159.16	4777	1690	3827	8588
ENSG00000089163.4	29	13	50	24
ENSG00000089177.18	378	91	295	378
ENSG00000089195.14	795	323	619	864
ENSG00000089199.9	0	1	1	5
ENSG00000089220.4	2195	4568	3312	5866
ENSG00000089234.15	722	412	510	1072
ENSG00000089248.6	2214	1789	2238	3964
ENSG00000089250.18	2	6	9	109
ENSG00000089280.18	9253	4712	10205	13309
ENSG00000089289.15	258	771	219	1271
ENSG00000089327.14	395	335	654	399
ENSG00000089335.20	368	645	594	1112
ENSG00000089351.14	1141	2629	1132	3666
ENSG00000089356.18	29	59	83	163
ENSG00000089486.16	423	124	400	520
ENSG00000089505.17	11	9	7	19
ENSG00000089558.8	0	4	1	8
ENSG00000089597.17	6669	15845	5075	6009
ENSG00000089639.10	351	281	302	406
ENSG00000089682.16	183	290	74	377
ENSG00000089685.14	203	745	182	932
ENSG00000089692.8	11	6	4	70
ENSG00000089693.10	2521	2393	2813	5127
ENSG00000089723.9	59	48	84	138
ENSG00000089737.16	1754	2429	2270	3246
ENSG00000089775.11	270	330	327	556
ENSG00000089818.17	559	409	727	1199
ENSG00000089820.15	1169	161	2960	2683
ENSG00000089847.12	2	8	0	22
ENSG00000089876.11	650	326	198	918
ENSG00000089902.9	815	1063	715	1270
ENSG00000089916.17	965	684	700	1533
ENSG00000090006.17	1239	90	1126	3840
ENSG00000090013.10	385	252	823	1499
ENSG00000090020.10	536	485	267	634
ENSG00000090054.14	1295	1455	1762	1161
ENSG00000090060.17	3154	3150	3771	4304
ENSG00000090061.17	1007	1153	1473	1829
ENSG00000090097.21	608	1522	721	757
ENSG00000090104.11	44	275	69	131
ENSG00000090238.11	1375	248	1298	1478
ENSG00000090263.15	233	184	579	644
ENSG00000090266.12	754	647	1493	1897
ENSG00000090273.13	1655	2852	1807	2753
ENSG00000090316.15	1174	984	440	1134
ENSG00000090339.8	2869	1458	999	2500
ENSG00000090372.14	1544	961	1146	1832
ENSG00000090376.10	40	39	17	35
ENSG00000090382.6	304	153	302	339
ENSG00000090432.6	473	638	384	917
ENSG00000090447.11	260	201	183	494
ENSG00000090470.14	298	585	126	844
ENSG00000090487.10	1234	2407	795	1849
ENSG00000090520.11	3862	986	1996	8092
ENSG00000090530.9	320	68	172	502
ENSG00000090534.19	4	1	1	1
ENSG00000090539.15	12	11	40	16
ENSG00000090554.12	5	0	18	11
ENSG00000090565.15	1245	248	557	1122
ENSG00000090581.9	664	407	787	1240
ENSG00000090612.20	678	281	515	577
ENSG00000090615.14	3489	1637	3838	4562
ENSG00000090621.13	3636	7017	6418	11358
ENSG00000090659.17	5	1	4	4
ENSG00000090661.11	774	877	142	1140
ENSG00000090674.15	714	743	249	802
ENSG00000090686.15	1039	1613	1460	1657
ENSG00000090776.5	1313	3370	485	2147
ENSG00000090857.13	709	1330	1327	1142
ENSG00000090861.15	2778	1470	4082	3757
ENSG00000090863.11	2725	1809	2289	3357
ENSG00000090889.11	95	550	123	689
ENSG00000090905.18	1429	854	1444	2708
ENSG00000090924.14	2989	376	400	4760
ENSG00000090932.10	0	2	6	69
ENSG00000090971.4	367	135	319	982
ENSG00000090975.12	341	79	129	472
ENSG00000090989.17	691	367	438	753
ENSG00000091009.7	444	465	723	701
ENSG00000091010.5	5	0	2	2
ENSG00000091039.16	1178	522	546	1101
ENSG00000091073.19	240	231	358	317
ENSG00000091106.18	21	15	14	5
ENSG00000091127.13	440	706	344	711
ENSG00000091128.12	4	0	2	2
ENSG00000091129.19	262	127	610	1504
ENSG00000091136.13	613	248	300	196
ENSG00000091137.12	8	8	7	22
ENSG00000091140.13	1373	1171	1253	2587
ENSG00000091157.13	231	87	113	543
ENSG00000091164.12	717	587	361	1425
ENSG00000091181.19	11	48	6	16
ENSG00000091262.15	11	25	12	34
ENSG00000091317.7	2337	16532	2508	5817
ENSG00000091409.14	1479	1200	527	1953
ENSG00000091428.17	38	41	8	42
ENSG00000091436.16	263	715	167	423
ENSG00000091482.6	0	23	0	18
ENSG00000091483.6	666	968	1100	1073
ENSG00000091490.10	1450	1344	1259	3010
ENSG00000091513.15	14	49	11	35
ENSG00000091527.15	2736	2955	2298	15325
ENSG00000091536.17	141	17	8	177
ENSG00000091542.8	871	842	1033	1728
ENSG00000091592.15	70	10	21	66
ENSG00000091622.15	226	524	226	289
ENSG00000091640.7	684	544	538	1140
ENSG00000091651.8	218	227	272	343
ENSG00000091656.16	7	16	530	37
ENSG00000091704.9	3	0	0	51
ENSG00000091732.16	211	88	121	523
ENSG00000091831.23	79	1844	315	848
ENSG00000091844.7	18	6	0	0
ENSG00000091947.9	11	468	274	587
ENSG00000091972.18	16	7	67	237
ENSG00000091986.15	525	471	224	911
ENSG00000092010.14	2025	2113	1969	3143
ENSG00000092020.10	338	146	217	378
ENSG00000092036.18	188	278	55	243
ENSG00000092051.16	3	1	1	20
ENSG00000092068.19	465	183	60	341
ENSG00000092094.10	494	614	742	2774
ENSG00000092096.16	158	33	73	212
ENSG00000092098.16	671	508	618	813
ENSG00000092108.20	793	538	633	1466
ENSG00000092140.15	592	454	344	852
ENSG00000092148.12	4356	2655	2590	4063
ENSG00000092199.17	7064	7915	7411	19924
ENSG00000092200.12	1	8	1	15
ENSG00000092201.9	2914	3712	1676	12298
ENSG00000092203.13	1392	974	1063	10248
ENSG00000092208.17	111	168	84	277
ENSG00000092295.11	1128	924	9106	1194
ENSG00000092330.16	888	667	457	927
ENSG00000092421.16	238	27	28	91
ENSG00000092439.14	840	1131	423	1174
ENSG00000092445.11	247	338	66	804
ENSG00000092470.11	60	212	49	198
ENSG00000092529.23	20	30	14	20
ENSG00000092531.9	1434	867	907	2023
ENSG00000092607.14	2	6	1	1
ENSG00000092621.12	2577	3070	1798	3683
ENSG00000092758.17	83	9	452	395
ENSG00000092820.17	12528	4798	16038	12042
ENSG00000092841.18	15420	7987	14889	23356
ENSG00000092847.11	1393	2895	771	1931
ENSG00000092850.11	165	679	10	114
ENSG00000092853.13	85	216	62	330
ENSG00000092871.16	270	62	124	442
ENSG00000092929.11	2115	376	162	1490
ENSG00000092931.11	492	317	456	701
ENSG00000092964.17	629	102	234	317
ENSG00000092969.11	43	25	54	52
ENSG00000092978.10	527	411	367	399
ENSG00000093000.18	714	504	1019	986
ENSG00000093009.9	54	129	126	316
ENSG00000093010.13	587	513	1872	1035
ENSG00000093072.16	88	344	721	427
ENSG00000093100.13	10	5	4	15
ENSG00000093134.14	26	3	10	4
ENSG00000093144.18	488	451	593	740
ENSG00000093167.17	420	720	948	888
ENSG00000093183.13	382	677	501	877
ENSG00000093217.10	32	150	79	60
ENSG00000094631.19	1160	2279	920	1872
ENSG00000094755.16	203	53	37	29
ENSG00000094804.10	176	443	107	556
ENSG00000094841.13	58	122	129	214
ENSG00000094880.10	664	1329	650	1120
ENSG00000094914.12	806	835	703	1242
ENSG00000094916.15	2543	3105	1257	3316
ENSG00000094963.13	1	0	8	1
ENSG00000094975.13	3368	830	1307	1288
ENSG00000095002.14	1412	1029	664	1788
ENSG00000095015.5	1089	1003	349	652
ENSG00000095059.15	314	1573	707	774
ENSG00000095066.11	1742	7128	2286	4080
ENSG00000095139.13	2392	1122	3000	3123
ENSG00000095203.14	395	663	327	527
ENSG00000095209.11	48	73	121	111
ENSG00000095261.13	588	155	567	623
ENSG00000095303.15	3979	2793	2827	1918
ENSG00000095319.14	652	1424	493	694
ENSG00000095321.16	19	428	44	20
ENSG00000095370.19	69	3	3	11
ENSG00000095380.10	313	806	329	517
ENSG00000095383.19	459	293	574	193
ENSG00000095397.13	187	139	195	350
ENSG00000095485.17	508	217	277	1284
ENSG00000095539.15	290	26	56	268
ENSG00000095564.13	1010	594	1168	2278
ENSG00000095574.11	375	118	371	639
ENSG00000095585.16	48	39	12	60
ENSG00000095587.8	14	5	18	12
ENSG00000095596.11	4	287	0	3
ENSG00000095637.22	813	108	246	867
ENSG00000095713.13	24	163	25	423
ENSG00000095739.10	34	8	9	74
ENSG00000095752.6	126	6	5	66
ENSG00000095787.21	3070	1266	1839	5697
ENSG00000095794.19	373	58	278	750
ENSG00000095906.16	681	419	620	771
ENSG00000095932.6	56	4	118	48
ENSG00000095951.16	519	418	300	886
ENSG00000095970.16	97	56	41	86
ENSG00000096006.11	12	71	1	0
ENSG00000096060.14	134	1582	422	533
ENSG00000096063.15	1202	869	808	1259
ENSG00000096070.19	1596	538	773	2132
ENSG00000096080.11	448	833	433	660
ENSG00000096092.5	312	342	436	546
ENSG00000096093.15	912	609	1179	588
ENSG00000096384.19	32979	68367	24017	45090
ENSG00000096401.7	1018	2199	771	1168
ENSG00000096433.10	5459	2563	2339	5707
ENSG00000096654.15	201	39	126	135
ENSG00000096696.13	16017	6832	3996	11440
ENSG00000096717.11	670	226	327	903
ENSG00000096746.17	3302	2219	2802	5708
ENSG00000096872.16	170	167	237	56
ENSG00000096968.13	121	107	149	98
ENSG00000096996.15	4	2	1	5
ENSG00000097007.17	1095	1164	310	1054
ENSG00000097021.19	418	263	236	556
ENSG00000097033.14	1387	1632	1431	1554
ENSG00000097046.12	179	332	233	441
ENSG00000097096.8	102	84	115	150
ENSG00000099139.13	553	259	62	392
ENSG00000099194.5	1500	1548	1900	2184
ENSG00000099203.6	545	2305	208	746
ENSG00000099204.19	7638	6386	6889	13338
ENSG00000099219.13	1245	1603	1403	608
ENSG00000099246.16	1699	590	995	2780
ENSG00000099250.17	558	670	399	679
ENSG00000099251.14	1	25	70	149
ENSG00000099256.18	161	12	53	912
ENSG00000099260.10	653	167	615	793
ENSG00000099282.9	933	441	669	1882
ENSG00000099284.13	992	331	408	1619
ENSG00000099290.16	989	743	581	2723
ENSG00000099308.10	237	174	320	558
ENSG00000099326.8	246	744	728	1833
ENSG00000099330.8	175	456	423	673
ENSG00000099331.13	1938	3446	1427	4817
ENSG00000099337.4	443	77	311	443
ENSG00000099338.22	43	24	31	542
ENSG00000099341.11	1146	979	1814	4372
ENSG00000099364.16	1223	511	774	1401
ENSG00000099365.10	13	3	12	109
ENSG00000099377.13	330	181	383	704
ENSG00000099381.17	974	579	1182	1814
ENSG00000099385.11	493	209	530	971
ENSG00000099399.5	0	0	25	0
ENSG00000099617.3	18	1	2	6
ENSG00000099622.13	2564	2396	2545	4593
ENSG00000099624.7	315	624	929	683
ENSG00000099625.13	85	10	36	7
ENSG00000099769.5	18	6	6	11
ENSG00000099783.11	4158	5481	2453	6632
ENSG00000099785.10	436	370	164	717
ENSG00000099795.6	478	1579	1550	2532
ENSG00000099797.14	1098	1710	1510	2828
ENSG00000099800.7	338	666	671	891
ENSG00000099804.8	521	341	516	948
ENSG00000099810.19	783	1176	869	543
ENSG00000099812.8	1193	1418	857	1375
ENSG00000099814.15	2194	2130	3444	3615
ENSG00000099817.11	735	1072	1231	1214
ENSG00000099821.13	400	422	648	881
ENSG00000099822.2	5	2	7	3
ENSG00000099834.18	0	15	0	2
ENSG00000099840.13	26	33	53	73
ENSG00000099849.14	1916	3408	1397	1912
ENSG00000099860.8	336	196	733	640
ENSG00000099864.17	659	59	495	2100
ENSG00000099866.14	0	2	2	2
ENSG00000099869.7	365	3	367	805
ENSG00000099875.14	1325	1655	1759	5590
ENSG00000099889.13	836	608	1702	1898
ENSG00000099899.14	387	387	641	1362
ENSG00000099901.16	654	961	1522	2059
ENSG00000099904.15	421	395	992	1070
ENSG00000099910.16	234	187	303	498
ENSG00000099917.17	1135	640	2206	1974
ENSG00000099940.11	434	373	659	1068
ENSG00000099942.12	989	559	1540	1729
ENSG00000099949.19	262	179	729	840
ENSG00000099953.9	88	15	15	140
ENSG00000099954.18	88	7	2	1269
ENSG00000099956.19	826	804	890	1821
ENSG00000099957.16	9	34	1	16
ENSG00000099958.14	67	134	472	1041
ENSG00000099960.12	113	1	67	207
ENSG00000099968.17	498	373	620	991
ENSG00000099974.7	16	22	54	39
ENSG00000099977.14	10	30	25	59
ENSG00000099984.11	0	0	0	0
ENSG00000099985.3	4	4	10	18
ENSG00000099991.17	851	1171	853	2159
ENSG00000099992.15	167	189	273	480
ENSG00000099994.10	67	691	759	504
ENSG00000099995.18	1196	1729	1006	2611
ENSG00000099998.17	11	16	7	25
ENSG00000099999.14	307	185	250	673
ENSG00000100003.17	209	149	193	387
ENSG00000100014.19	265	221	210	861
ENSG00000100023.18	793	1062	1570	1720
ENSG00000100027.14	314	358	102	411
ENSG00000100028.11	641	732	1104	1961
ENSG00000100029.17	644	1286	1051	1738
ENSG00000100030.14	1249	1875	1097	3255
ENSG00000100031.18	57	93	37	35
ENSG00000100033.16	16	3	229	144
ENSG00000100034.13	303	434	294	768
ENSG00000100036.12	60	19	75	114
ENSG00000100038.19	311	618	413	1275
ENSG00000100053.9	1	6	1	12
ENSG00000100055.20	118	31	61	81
ENSG00000100056.11	144	97	298	400
ENSG00000100058.12	142	88	184	458
ENSG00000100060.17	105	37	8	86
ENSG00000100065.14	646	298	151	585
ENSG00000100068.12	46	77	81	214
ENSG00000100075.9	440	723	1780	1583
ENSG00000100077.14	196	120	280	720
ENSG00000100078.3	2	9	2	0
ENSG00000100079.6	0	15	5	1
ENSG00000100083.18	745	620	882	1255
ENSG00000100084.14	165	149	420	478
ENSG00000100092.22	103	42	39	120
ENSG00000100095.18	0	0	105	23
ENSG00000100097.11	639	468	1375	1439
ENSG00000100099.20	612	529	336	1292
ENSG00000100100.12	705	437	235	586
ENSG00000100104.13	183	135	139	441
ENSG00000100105.17	1233	1223	775	1813
ENSG00000100106.20	715	716	682	1573
ENSG00000100109.16	347	256	314	802
ENSG00000100116.16	70	66	329	139
ENSG00000100122.6	6	0	3	0
ENSG00000100124.14	177	209	265	265
ENSG00000100129.17	776	1903	1034	1661
ENSG00000100138.14	654	1095	454	1209
ENSG00000100139.13	469	385	486	1938
ENSG00000100142.14	218	230	488	635
ENSG00000100147.13	34	36	57	63
ENSG00000100150.17	182	163	195	276
ENSG00000100151.15	424	424	598	863
ENSG00000100154.14	372	268	344	874
ENSG00000100156.10	4	27	3	14
ENSG00000100162.14	21	98	43	193
ENSG00000100167.20	49	55	49	249
ENSG00000100170.9	6	236	1	290
ENSG00000100181.22	174	11	1	9
ENSG00000100191.5	1	0	3	3
ENSG00000100196.10	130	81	186	321
ENSG00000100197.21	83	23	6	82
ENSG00000100201.20	6511	6243	8932	10803
ENSG00000100206.9	4	1	11	4
ENSG00000100207.18	1245	681	767	2166
ENSG00000100209.9	84	129	112	141
ENSG00000100211.10	233	257	207	436
ENSG00000100216.5	429	802	616	1164
ENSG00000100218.11	8	4	0	6
ENSG00000100219.16	1500	671	1272	3440
ENSG00000100220.11	568	712	726	1305
ENSG00000100221.10	948	608	653	1819
ENSG00000100225.17	842	1188	1000	2559
ENSG00000100226.15	482	545	464	1089
ENSG00000100227.17	910	1003	853	1392
ENSG00000100228.12	151	575	32	346
ENSG00000100234.11	1413	205	2066	7731
ENSG00000100239.15	706	1222	1383	1061
ENSG00000100241.20	1643	1448	1336	2127
ENSG00000100242.15	736	1070	1077	2196
ENSG00000100243.20	903	695	1302	1543
ENSG00000100246.12	218	251	238	344
ENSG00000100253.12	0	0	1	12
ENSG00000100258.17	382	750	669	1537
ENSG00000100263.13	224	98	265	741
ENSG00000100266.18	965	755	801	1130
ENSG00000100271.16	93	88	74	90
ENSG00000100276.9	16	2	1	24
ENSG00000100280.16	394	622	810	1869
ENSG00000100281.13	404	367	375	718
ENSG00000100284.20	388	354	714	1022
ENSG00000100285.9	44	3	4	187
ENSG00000100288.19	74	38	168	155
ENSG00000100290.2	529	822	324	720
ENSG00000100292.16	316	85	373	652
ENSG00000100294.12	133	456	178	271
ENSG00000100296.13	173	288	269	1237
ENSG00000100297.15	383	483	383	1430
ENSG00000100298.15	0	4	0	2
ENSG00000100299.17	376	154	411	1007
ENSG00000100300.17	627	1630	943	1381
ENSG00000100302.6	1	0	1	9
ENSG00000100304.12	711	2519	486	1063
ENSG00000100307.12	180	386	331	444
ENSG00000100311.16	365	322	84	383
ENSG00000100312.10	15	1	0	8
ENSG00000100314.3	4	7	6	82
ENSG00000100316.15	10525	58558	21252	38209
ENSG00000100319.12	80	79	170	330
ENSG00000100320.22	1391	997	1261	2915
ENSG00000100321.14	120	369	290	351
ENSG00000100324.13	214	614	162	454
ENSG00000100325.14	462	315	800	1570
ENSG00000100330.15	943	636	734	2561
ENSG00000100335.14	596	861	471	943
ENSG00000100336.17	66	178	8	140
ENSG00000100341.11	3	1	0	6
ENSG00000100342.20	1878	4378	3745	3868
ENSG00000100344.10	44	61	13	13
ENSG00000100345.21	11756	12059	11416	27911
ENSG00000100346.17	32	7	78	59
ENSG00000100347.14	330	469	474	883
ENSG00000100348.9	433	453	746	868
ENSG00000100350.14	333	249	253	662
ENSG00000100353.17	1367	2580	2011	1792
ENSG00000100354.20	822	602	593	1117
ENSG00000100359.20	185	183	199	278
ENSG00000100360.14	333	221	371	600
ENSG00000100362.12	3	0	2	7
ENSG00000100364.18	550	525	268	816
ENSG00000100365.14	19	11	12	15
ENSG00000100368.13	42	7	23	29
ENSG00000100372.14	145	183	217	365
ENSG00000100373.9	1	1	1	1
ENSG00000100376.11	174	150	183	245
ENSG00000100379.17	90	112	151	251
ENSG00000100380.13	2888	3533	2440	3598
ENSG00000100385.13	8	8	0	10
ENSG00000100387.8	381	365	524	733
ENSG00000100393.12	2185	1397	2741	2955
ENSG00000100395.14	297	285	277	623
ENSG00000100399.15	10	21	5	28
ENSG00000100401.19	1668	1283	1341	2954
ENSG00000100403.11	1408	1343	1234	2892
ENSG00000100410.7	223	224	267	482
ENSG00000100412.15	1128	2062	1913	2194
ENSG00000100413.16	371	423	534	805
ENSG00000100416.13	267	467	351	544
ENSG00000100417.11	178	109	239	463
ENSG00000100418.7	259	390	475	659
ENSG00000100422.13	910	1156	588	1407
ENSG00000100425.18	744	450	630	916
ENSG00000100426.6	600	311	392	648
ENSG00000100427.15	11	4	2	5
ENSG00000100429.17	122	176	258	243
ENSG00000100439.10	731	433	364	691
ENSG00000100441.9	3170	1641	1655	3438
ENSG00000100442.10	659	1007	546	2047
ENSG00000100445.17	654	828	1089	755
ENSG00000100453.12	2	3	6	4
ENSG00000100461.17	1847	1188	1041	1237
ENSG00000100462.15	1300	1661	933	1265
ENSG00000100473.16	7	10	4	53
ENSG00000100478.14	178	138	85	455
ENSG00000100479.12	40	81	20	92
ENSG00000100483.13	267	172	199	481
ENSG00000100485.11	945	642	563	1460
ENSG00000100490.9	15	60	14	25
ENSG00000100503.23	729	676	451	1071
ENSG00000100504.16	469	641	185	1890
ENSG00000100505.13	7	10	8	16
ENSG00000100519.11	1208	1109	1404	2326
ENSG00000100522.9	546	1516	657	884
ENSG00000100523.14	268	253	385	612
ENSG00000100526.19	63	250	138	331
ENSG00000100528.11	924	1467	1273	1496
ENSG00000100532.11	119	118	161	277
ENSG00000100554.11	688	485	863	1405
ENSG00000100557.9	1	3	0	1
ENSG00000100558.8	51	17	17	125
ENSG00000100564.8	160	110	200	331
ENSG00000100567.12	794	773	1107	2187
ENSG00000100568.10	1049	1310	1513	1936
ENSG00000100575.13	144	327	288	545
ENSG00000100577.18	80	234	214	470
ENSG00000100578.14	229	204	240	347
ENSG00000100580.7	450	606	416	648
ENSG00000100583.4	54	42	26	143
ENSG00000100591.7	1263	1902	2379	3035
ENSG00000100592.15	1756	582	4387	5752
ENSG00000100593.17	22	4	17	79
ENSG00000100596.6	1504	2047	747	1373
ENSG00000100599.15	267	417	176	474
ENSG00000100600.14	1161	994	1287	2012
ENSG00000100601.9	92	111	102	231
ENSG00000100603.13	1001	1306	789	1585
ENSG00000100604.12	8	9	7	44
ENSG00000100605.16	698	1491	1584	1583
ENSG00000100612.13	547	322	506	603
ENSG00000100614.17	1058	868	1167	1568
ENSG00000100625.8	500	772	262	338
ENSG00000100626.16	20	49	102	14
ENSG00000100628.11	3	1	5	84
ENSG00000100629.16	55	113	67	173
ENSG00000100632.10	1212	1618	1693	3173
ENSG00000100644.16	3297	2280	4381	5730
ENSG00000100647.7	1368	1719	1395	2779
ENSG00000100650.15	3155	6196	6335	9190
ENSG00000100664.10	3414	3483	3633	6374
ENSG00000100697.14	1501	1291	2000	3055
ENSG00000100711.13	638	676	685	946
ENSG00000100714.15	480	1947	1066	1929
ENSG00000100722.19	915	1635	1489	1443
ENSG00000100726.14	915	654	851	1383
ENSG00000100731.15	868	1406	650	1530
ENSG00000100739.10	7	14	2	6
ENSG00000100744.14	320	404	224	315
ENSG00000100749.7	178	507	192	427
ENSG00000100764.13	1771	2002	2652	2768
ENSG00000100767.16	98	38	210	649
ENSG00000100784.11	79	209	185	254
ENSG00000100796.17	1581	1329	1627	2035
ENSG00000100802.14	181	96	142	147
ENSG00000100804.18	1610	1353	1317	1720
ENSG00000100811.12	2318	1749	2795	4502
ENSG00000100813.14	4810	4059	3690	5111
ENSG00000100814.17	756	795	259	2917
ENSG00000100815.12	678	780	869	999
ENSG00000100823.11	2579	4195	2654	8658
ENSG00000100836.10	3305	4707	3502	6130
ENSG00000100842.12	83	1	2	81
ENSG00000100852.12	2038	1704	1133	2767
ENSG00000100865.14	240	351	402	485
ENSG00000100867.14	114	24	45	220
ENSG00000100883.11	1687	801	1071	1933
ENSG00000100884.9	2	4	0	1
ENSG00000100888.13	2574	1731	1517	7774
ENSG00000100889.11	283	263	378	847
ENSG00000100890.15	171	106	42	295
ENSG00000100897.17	1469	1216	1174	1691
ENSG00000100902.10	1030	856	712	1101
ENSG00000100906.10	2188	1806	457	2576
ENSG00000100908.13	132	273	167	377
ENSG00000100911.15	1618	1693	2388	2434
ENSG00000100916.13	306	257	156	284
ENSG00000100918.12	2876	5996	1952	2648
ENSG00000100926.14	317	197	198	304
ENSG00000100934.14	756	468	541	1361
ENSG00000100938.17	655	684	705	1355
ENSG00000100941.8	2679	4738	3441	7361
ENSG00000100949.14	580	775	670	577
ENSG00000100968.13	461	1534	1287	1204
ENSG00000100979.14	2400	2175	2690	3590
ENSG00000100982.11	1243	442	821	1215
ENSG00000100983.10	1284	1152	1090	1764
ENSG00000100985.7	17	6	8	7
ENSG00000100991.11	2729	1385	1577	4051
ENSG00000100994.11	3057	1192	2938	4578
ENSG00000100997.18	1183	1138	1130	1813
ENSG00000101000.5	74	29	35	204
ENSG00000101003.9	520	456	173	657
ENSG00000101004.14	1473	548	355	987
ENSG00000101017.13	276	20	438	262
ENSG00000101019.21	1251	955	940	1956
ENSG00000101040.19	3115	1605	2348	1677
ENSG00000101049.15	195	77	38	52
ENSG00000101052.12	830	414	826	713
ENSG00000101057.15	440	1010	614	2155
ENSG00000101079.20	860	642	590	871
ENSG00000101082.13	7	5	0	1
ENSG00000101084.17	1598	606	1186	1158
ENSG00000101096.19	190	98	245	367
ENSG00000101098.12	300	354	458	680
ENSG00000101104.12	3903	1359	2571	4107
ENSG00000101109.11	1664	653	1281	1285
ENSG00000101115.12	527	295	17	815
ENSG00000101126.16	5033	1694	1801	3830
ENSG00000101132.9	630	305	574	797
ENSG00000101134.11	268	820	191	544
ENSG00000101138.11	697	462	556	837
ENSG00000101144.12	1466	86	2720	4143
ENSG00000101146.12	1093	608	749	1406
ENSG00000101150.17	5689	2082	3772	5767
ENSG00000101152.10	3822	1850	3050	3351
ENSG00000101158.13	3310	1679	2596	3048
ENSG00000101160.13	2819	1013	2029	4884
ENSG00000101161.7	2850	2083	3191	3485
ENSG00000101162.3	20	6	8	8
ENSG00000101166.15	2794	1663	2626	2811
ENSG00000101180.15	2	0	1	1
ENSG00000101181.17	678	551	783	925
ENSG00000101182.14	2748	2263	4192	4159
ENSG00000101187.15	169	334	21	135
ENSG00000101188.4	14	3	2	0
ENSG00000101189.6	518	344	526	720
ENSG00000101190.12	80	148	281	337
ENSG00000101191.16	2532	1387	2100	3057
ENSG00000101193.7	2612	1278	2161	3026
ENSG00000101194.17	240	12	425	427
ENSG00000101197.12	9	1	5	319
ENSG00000101198.14	50	1	81	259
ENSG00000101199.12	3134	1086	2733	4222
ENSG00000101203.16	0	1	0	59
ENSG00000101204.16	0	1	22	22
ENSG00000101210.11	23	3	503	474
ENSG00000101213.6	124	24	57	125
ENSG00000101216.10	936	775	776	1660
ENSG00000101220.17	522	1246	1090	1089
ENSG00000101222.12	85	260	13	74
ENSG00000101224.17	3049	1560	1518	4633
ENSG00000101230.5	7	2	10	4
ENSG00000101236.16	1120	1488	912	890
ENSG00000101246.19	851	1091	1081	1225
ENSG00000101247.17	407	171	210	382
ENSG00000101255.10	481	186	918	4285
ENSG00000101265.15	383	682	37	157
ENSG00000101266.18	5626	4674	3831	5414
ENSG00000101276.15	417	327	147	381
ENSG00000101280.7	0	0	0	0
ENSG00000101282.8	165	420	404	401
ENSG00000101290.13	1464	1298	897	1624
ENSG00000101292.7	2	42	0	0
ENSG00000101294.17	3256	1967	3637	4887
ENSG00000101298.14	143	160	214	420
ENSG00000101306.10	8	20	0	28
ENSG00000101307.15	24	19	13	21
ENSG00000101310.16	1953	531	982	2335
ENSG00000101311.15	78	147	72	74
ENSG00000101327.8	152	6	0	40
ENSG00000101331.15	18	4	4	72
ENSG00000101333.16	204	242	365	399
ENSG00000101335.9	5234	266	4823	3153
ENSG00000101336.13	85	6	37	170
ENSG00000101337.15	4169	1673	1680	5696
ENSG00000101342.9	56	11	20	56
ENSG00000101343.14	1339	271	492	1123
ENSG00000101346.13	2130	1699	1396	3125
ENSG00000101347.9	3872	1030	884	2090
ENSG00000101349.16	6	15	2	13
ENSG00000101350.7	2549	1185	1272	2971
ENSG00000101353.14	35	17	2	15
ENSG00000101361.16	2979	7000	3939	4655
ENSG00000101363.12	1204	448	495	836
ENSG00000101365.20	1597	2286	1899	2736
ENSG00000101367.8	2788	1944	1582	5196
ENSG00000101384.12	1213	165	532	1297
ENSG00000101391.20	637	470	520	1300
ENSG00000101400.5	175	189	193	1402
ENSG00000101407.12	953	465	426	685
ENSG00000101412.12	263	733	227	1433
ENSG00000101413.11	1272	682	927	1276
ENSG00000101417.11	360	171	393	845
ENSG00000101421.3	4367	3124	2685	5751
ENSG00000101425.13	1	31	0	0
ENSG00000101439.8	2823	918	2020	6309
ENSG00000101440.9	0	0	0	6
ENSG00000101441.4	4	3	1	0
ENSG00000101442.9	347	242	267	225
ENSG00000101443.17	2789	3059	10904	8883
ENSG00000101444.12	2210	5802	2698	8916
ENSG00000101445.9	307	905	2567	185
ENSG00000101447.14	291	470	443	623
ENSG00000101448.13	3	11	40	20
ENSG00000101452.14	553	260	414	510
ENSG00000101457.12	746	366	553	790
ENSG00000101460.12	580	496	80	810
ENSG00000101463.5	39	51	195	189
ENSG00000101464.10	771	502	307	599
ENSG00000101470.9	7	1	12	8
ENSG00000101473.16	359	259	613	508
ENSG00000101474.11	2283	1388	2033	3334
ENSG00000101489.19	72	8	93	281
ENSG00000101493.10	991	399	97	326
ENSG00000101544.8	668	240	205	940
ENSG00000101546.12	192	195	131	230
ENSG00000101557.14	1777	1377	1722	4161
ENSG00000101558.13	2263	2034	2537	7243
ENSG00000101574.14	242	148	170	680
ENSG00000101577.9	1801	1257	700	1756
ENSG00000101596.15	1541	1341	1030	2737
ENSG00000101605.12	618	122	32	114
ENSG00000101608.12	4208	2440	2778	7990
ENSG00000101624.10	168	57	97	338
ENSG00000101638.13	9	27	15	237
ENSG00000101639.18	864	300	938	1556
ENSG00000101654.17	1614	681	1221	2907
ENSG00000101665.9	578	149	152	496
ENSG00000101670.11	141	55	29	141
ENSG00000101680.14	467	11	25	602
ENSG00000101695.8	31	118	37	195
ENSG00000101745.16	1187	652	441	1117
ENSG00000101751.10	431	246	76	482
ENSG00000101752.11	490	442	1139	1733
ENSG00000101773.18	544	256	641	1443
ENSG00000101782.14	1992	1003	3182	4980
ENSG00000101811.13	150	399	121	442
ENSG00000101825.7	571	325	129	3059
ENSG00000101842.13	3	3	4	3
ENSG00000101843.18	410	662	433	1173
ENSG00000101844.17	94	81	122	317
ENSG00000101846.6	142	530	224	824
ENSG00000101849.16	253	551	152	336
ENSG00000101850.12	73	352	10	91
ENSG00000101856.9	1445	1499	963	3255
ENSG00000101868.10	146	398	102	187
ENSG00000101871.14	154	251	312	544
ENSG00000101882.9	111	263	167	628
ENSG00000101888.11	78	170	66	316
ENSG00000101901.11	280	532	247	743
ENSG00000101911.12	169	578	169	418
ENSG00000101916.11	13	15	6	2
ENSG00000101928.12	219	481	438	657
ENSG00000101935.9	165	371	247	680
ENSG00000101938.14	10	39	82	3053
ENSG00000101940.17	580	780	604	2509
ENSG00000101945.16	80	372	88	383
ENSG00000101955.14	69	11	3	19
ENSG00000101966.12	1062	1030	703	1977
ENSG00000101972.18	1119	1824	730	2938
ENSG00000101974.14	283	795	447	335
ENSG00000101977.20	3	1	3	2
ENSG00000101986.11	394	284	363	1054
ENSG00000101997.12	151	638	165	470
ENSG00000102001.12	8	107	4	145
ENSG00000102003.10	3	36	28	79
ENSG00000102007.10	747	1386	480	561
ENSG00000102024.17	676	248	99	2446
ENSG00000102030.15	430	1113	1404	1228
ENSG00000102032.12	154	173	117	509
ENSG00000102034.16	748	591	476	1556
ENSG00000102038.15	498	300	122	1428
ENSG00000102043.15	10	14	11	20
ENSG00000102048.15	2	27	7	27
ENSG00000102053.12	5	5	8	14
ENSG00000102054.17	755	2544	990	3242
ENSG00000102057.9	40	49	18	180
ENSG00000102078.15	90	206	66	261
ENSG00000102081.14	1152	2843	3304	4168
ENSG00000102096.9	127	602	100	267
ENSG00000102098.17	54	66	65	135
ENSG00000102100.15	583	1452	536	1614
ENSG00000102103.15	410	2100	889	1427
ENSG00000102104.8	1	0	0	18
ENSG00000102109.8	167	5	136	110
ENSG00000102119.10	295	1410	2033	1534
ENSG00000102125.15	175	392	799	1979
ENSG00000102144.14	4047	13633	6581	11398
ENSG00000102158.19	1239	1091	1131	3593
ENSG00000102172.15	885	2618	463	1953
ENSG00000102174.8	33	12	10	29
ENSG00000102178.12	602	1347	1138	1018
ENSG00000102181.20	348	1028	879	1066
ENSG00000102189.16	417	439	455	773
ENSG00000102218.5	226	252	148	202
ENSG00000102221.13	230	231	152	270
ENSG00000102225.15	1290	1656	2156	10322
ENSG00000102226.9	870	1170	585	10272
ENSG00000102230.13	5	5	0	1
ENSG00000102241.11	740	2138	1748	2332
ENSG00000102243.12	401	557	623	291
ENSG00000102265.11	1393	1066	835	5873
ENSG00000102271.13	2	1	4	0
ENSG00000102287.18	2200	3786	2403	775
ENSG00000102302.7	81	70	15	478
ENSG00000102309.12	154	366	285	974
ENSG00000102312.21	44	244	831	322
ENSG00000102313.8	0	5	3	4
ENSG00000102316.16	1423	1309	773	4819
ENSG00000102317.17	1115	5105	2775	6716
ENSG00000102349.17	181	67	99	632
ENSG00000102359.6	118	74	5	20
ENSG00000102362.15	35	45	21	79
ENSG00000102383.13	12	0	16	87
ENSG00000102384.13	31	118	47	200
ENSG00000102385.12	5	18	3	18
ENSG00000102387.15	0	17	3	4
ENSG00000102390.10	174	214	89	610
ENSG00000102393.10	104	271	177	390
ENSG00000102401.19	793	958	619	2326
ENSG00000102409.9	542	479	229	2785
ENSG00000102445.18	40	11	13	45
ENSG00000102471.14	1817	2097	1820	1211
ENSG00000102524.11	49	8	59	28
ENSG00000102531.16	2553	481	1324	1808
ENSG00000102539.5	1	0	5	2
ENSG00000102543.14	127	116	111	143
ENSG00000102547.18	378	139	122	61
ENSG00000102554.13	4052	3031	2946	3664
ENSG00000102572.14	1842	2120	2961	3933
ENSG00000102575.11	244	1001	92	1079
ENSG00000102580.14	1379	693	1311	2031
ENSG00000102595.19	385	327	300	576
ENSG00000102606.18	1049	1096	630	1046
ENSG00000102678.6	289	3	49	133
ENSG00000102683.7	6	0	3	9
ENSG00000102699.5	2221	1187	2050	2039
ENSG00000102710.19	1631	420	632	993
ENSG00000102738.7	288	162	365	323
ENSG00000102743.14	101	86	77	98
ENSG00000102753.9	858	700	720	1112
ENSG00000102755.11	11	19	8	9
ENSG00000102760.12	50	172	190	593
ENSG00000102763.17	330	313	334	621
ENSG00000102780.16	1149	408	397	431
ENSG00000102781.13	195	137	93	322
ENSG00000102786.14	737	671	1052	1151
ENSG00000102796.10	103	38	69	60
ENSG00000102802.9	2	6	9	108
ENSG00000102804.14	2905	1194	4546	3572
ENSG00000102805.14	404	771	362	333
ENSG00000102854.15	12055	2739	19805	9000
ENSG00000102858.12	2290	693	1141	2126
ENSG00000102870.5	1223	391	797	1073
ENSG00000102871.15	236	133	226	359
ENSG00000102878.16	324	148	455	614
ENSG00000102879.15	968	97	369	262
ENSG00000102882.11	942	350	966	1284
ENSG00000102886.14	51	57	121	87
ENSG00000102890.14	499	588	747	713
ENSG00000102893.15	816	474	1073	805
ENSG00000102897.9	345	606	595	419
ENSG00000102898.11	1174	686	1228	1628
ENSG00000102900.12	571	471	684	927
ENSG00000102901.12	936	555	1531	1318
ENSG00000102904.14	43	33	21	75
ENSG00000102908.20	1715	585	1662	1483
ENSG00000102910.13	1115	788	1231	1134
ENSG00000102921.7	783	277	458	863
ENSG00000102924.11	1	1	3	3
ENSG00000102931.7	420	281	689	871
ENSG00000102934.9	125	328	420	315
ENSG00000102935.11	52	6	16	170
ENSG00000102962.4	1	2	1	4
ENSG00000102967.11	99	190	183	200
ENSG00000102974.15	986	849	766	1119
ENSG00000102977.14	133	177	172	150
ENSG00000102978.12	521	384	920	912
ENSG00000102981.9	18	43	38	21
ENSG00000102984.14	194	29	56	130
ENSG00000102996.4	1037	887	614	758
ENSG00000103005.11	535	222	593	632
ENSG00000103018.16	950	698	814	1075
ENSG00000103021.9	177	152	27	186
ENSG00000103023.11	2	1	0	1
ENSG00000103024.7	717	229	1288	528
ENSG00000103034.14	754	142	413	623
ENSG00000103035.10	1039	587	1146	1445
ENSG00000103037.11	253	512	527	536
ENSG00000103042.8	573	238	373	923
ENSG00000103043.14	662	651	540	1175
ENSG00000103044.10	24	17	20	37
ENSG00000103047.7	59	64	61	96
ENSG00000103051.18	788	1307	1614	841
ENSG00000103056.11	22	33	43	73
ENSG00000103061.12	356	237	440	315
ENSG00000103064.14	774	644	1350	563
ENSG00000103066.12	514	122	332	640
ENSG00000103067.13	1144	806	1340	952
ENSG00000103089.8	51	41	23	49
ENSG00000103091.14	726	508	772	645
ENSG00000103111.14	901	417	963	1158
ENSG00000103121.8	148	216	292	319
ENSG00000103126.14	1443	542	592	1326
ENSG00000103145.10	806	674	1085	1406
ENSG00000103148.15	445	363	592	711
ENSG00000103150.5	173	233	210	375
ENSG00000103152.11	371	190	312	554
ENSG00000103154.9	8	0	3	2
ENSG00000103160.11	601	399	441	485
ENSG00000103168.16	1027	502	902	1555
ENSG00000103174.12	183	71	112	359
ENSG00000103175.10	9	13	0	12
ENSG00000103184.11	12	5	3	28
ENSG00000103187.7	902	983	884	673
ENSG00000103194.15	873	734	839	1310
ENSG00000103196.11	277	17	36	97
ENSG00000103197.17	3053	1853	2408	3628
ENSG00000103199.13	282	207	177	406
ENSG00000103202.12	462	727	839	833
ENSG00000103222.18	2453	633	1409	2895
ENSG00000103226.17	198	113	51	188
ENSG00000103227.18	56	105	177	162
ENSG00000103245.13	634	275	712	712
ENSG00000103248.18	238	278	257	338
ENSG00000103249.17	2001	905	1923	3709
ENSG00000103253.18	211	201	483	674
ENSG00000103254.9	205	152	363	595
ENSG00000103257.8	867	733	1296	2136
ENSG00000103260.8	274	160	1072	500
ENSG00000103264.17	290	285	343	454
ENSG00000103266.10	952	581	1400	1697
ENSG00000103269.13	68	32	61	155
ENSG00000103274.10	231	218	195	380
ENSG00000103275.19	2576	1126	2176	2829
ENSG00000103313.12	1	4	5	6
ENSG00000103316.10	12	9	13	5
ENSG00000103319.11	579	1490	971	2258
ENSG00000103326.11	1336	591	1119	1638
ENSG00000103335.22	2817	2020	2186	3161
ENSG00000103342.12	1731	991	1565	2669
ENSG00000103343.12	128	36	137	258
ENSG00000103351.12	299	256	153	373
ENSG00000103353.15	1875	791	1233	1904
ENSG00000103355.13	1	140	4	3
ENSG00000103356.15	488	395	535	704
ENSG00000103363.14	1024	1586	2538	2122
ENSG00000103365.15	1894	1250	1218	2301
ENSG00000103375.10	0	9	2	3
ENSG00000103381.11	990	634	377	532
ENSG00000103404.14	565	165	227	712
ENSG00000103415.11	481	267	419	546
ENSG00000103423.13	921	792	1182	1721
ENSG00000103429.10	987	599	804	1553
ENSG00000103449.11	0	14	0	0
ENSG00000103460.16	119	81	0	0
ENSG00000103472.10	2	3	3	8
ENSG00000103479.15	1101	732	1168	1009
ENSG00000103485.17	1552	752	2401	1354
ENSG00000103489.11	3	5	1	3
ENSG00000103490.13	31	91	78	224
ENSG00000103494.13	199	122	144	181
ENSG00000103495.13	3487	1869	3822	5026
ENSG00000103496.14	859	370	1045	1290
ENSG00000103502.13	1634	684	1469	1860
ENSG00000103507.13	635	440	534	824
ENSG00000103510.19	654	389	829	1339
ENSG00000103512.14	1261	637	1321	1447
ENSG00000103522.15	1	2	5	3
ENSG00000103528.16	264	125	388	807
ENSG00000103534.16	79	449	168	157
ENSG00000103540.16	466	302	294	709
ENSG00000103544.14	468	318	395	1029
ENSG00000103549.21	1904	738	1583	2580
ENSG00000103550.13	935	381	440	896
ENSG00000103569.9	101	115	81	266
ENSG00000103591.12	801	930	525	1138
ENSG00000103599.19	29	160	10	39
ENSG00000103642.11	169	409	297	565
ENSG00000103647.12	21	216	24	14
ENSG00000103653.16	939	798	505	1180
ENSG00000103657.13	912	1498	564	1041
ENSG00000103671.9	412	447	228	523
ENSG00000103707.9	128	381	76	211
ENSG00000103710.10	66	42	54	47
ENSG00000103723.13	82	20	26	181
ENSG00000103740.9	31	49	29	12
ENSG00000103742.11	157	25	22	272
ENSG00000103769.9	2253	2871	1173	2204
ENSG00000103811.16	280	550	405	509
ENSG00000103832.10	1	15	2	3
ENSG00000103852.12	275	98	220	274
ENSG00000103855.17	1647	971	515	2410
ENSG00000103876.12	142	200	166	277
ENSG00000103888.16	260	412	327	706
ENSG00000103932.11	390	670	229	686
ENSG00000103942.12	797	1593	719	941
ENSG00000103966.10	1009	1068	419	1120
ENSG00000103978.15	1285	1955	886	1103
ENSG00000103994.17	1499	1417	730	1602
ENSG00000103995.13	108	222	96	220
ENSG00000104043.14	12	10	13	12
ENSG00000104044.15	11	31	217	34
ENSG00000104047.14	318	393	82	180
ENSG00000104055.15	1	14	1	1
ENSG00000104059.4	38	23	6	15
ENSG00000104064.17	338	417	304	515
ENSG00000104067.16	2554	1772	2037	3684
ENSG00000104081.13	1274	144	229	1242
ENSG00000104093.13	860	441	395	633
ENSG00000104112.8	0	0	0	8
ENSG00000104129.9	238	274	171	290
ENSG00000104131.12	845	1276	1047	1660
ENSG00000104133.14	993	1388	618	1235
ENSG00000104140.6	65	41	12	53
ENSG00000104142.10	560	488	279	898
ENSG00000104147.8	38	100	31	122
ENSG00000104154.6	110	94	99	187
ENSG00000104164.10	928	754	423	1085
ENSG00000104177.17	1694	1810	1133	2736
ENSG00000104205.13	403	222	194	522
ENSG00000104213.12	220	33	19	24
ENSG00000104218.14	620	885	281	453
ENSG00000104219.12	1133	726	447	4
ENSG00000104221.12	380	225	126	286
ENSG00000104228.12	439	219	169	314
ENSG00000104231.10	778	967	562	751
ENSG00000104237.9	7	103	14	48
ENSG00000104267.9	90	19	2015	586
ENSG00000104290.10	1255	711	187	325
ENSG00000104299.14	474	503	114	369
ENSG00000104312.7	812	458	249	358
ENSG00000104313.18	2	30	1	1
ENSG00000104320.13	1543	1399	815	892
ENSG00000104321.10	2	1	5	0
ENSG00000104324.15	194	213	272	455
ENSG00000104325.6	516	414	684	637
ENSG00000104327.7	22	402	73	43
ENSG00000104331.8	2592	3352	1610	2126
ENSG00000104332.11	670	79	127	22
ENSG00000104341.16	13386	9024	4387	6289
ENSG00000104343.19	898	934	560	645
ENSG00000104356.10	138	225	110	108
ENSG00000104361.9	215	929	395	522
ENSG00000104365.14	2316	1874	1409	1679
ENSG00000104368.17	2826	160	471	566
ENSG00000104369.4	126	457	110	154
ENSG00000104371.4	2	0	0	0
ENSG00000104375.16	1036	529	494	545
ENSG00000104381.12	163	102	82	514
ENSG00000104388.14	2968	2606	2010	3098
ENSG00000104408.9	4009	11941	2733	4944
ENSG00000104412.7	785	817	289	456
ENSG00000104413.16	2566	2408	1480	3577
ENSG00000104415.14	40	9	52	10
ENSG00000104419.14	7098	18822	13730	2889
ENSG00000104427.11	618	690	232	307
ENSG00000104432.13	1	29	1	0
ENSG00000104442.9	789	801	461	1139
ENSG00000104447.12	285	472	179	350
ENSG00000104450.12	458	380	172	352
ENSG00000104472.9	679	1126	806	1088
ENSG00000104490.17	621	150	107	66
ENSG00000104497.13	367	264	188	294
ENSG00000104517.12	3263	2405	2659	2135
ENSG00000104518.10	533	3463	1795	1017
ENSG00000104522.15	1178	3366	3020	1747
ENSG00000104524.13	261	801	435	376
ENSG00000104529.17	4888	22241	13790	7421
ENSG00000104537.16	0	0	5	12
ENSG00000104549.11	803	3078	2042	588
ENSG00000104611.11	664	793	979	496
ENSG00000104613.11	862	923	519	580
ENSG00000104626.14	612	361	134	289
ENSG00000104635.13	2443	2227	957	2746
ENSG00000104643.9	728	296	185	333
ENSG00000104660.18	1159	843	413	799
ENSG00000104671.7	747	506	291	587
ENSG00000104679.10	472	317	208	396
ENSG00000104687.13	1432	2321	584	1172
ENSG00000104689.9	755	386	160	147
ENSG00000104691.14	248	445	119	400
ENSG00000104695.12	3038	1996	1448	2667
ENSG00000104714.13	446	536	157	383
ENSG00000104722.13	1	6	2	0
ENSG00000104723.20	2515	783	584	7
ENSG00000104728.15	74	35	67	92
ENSG00000104731.13	441	613	668	905
ENSG00000104738.17	1168	3637	945	1427
ENSG00000104756.15	549	557	394	458
ENSG00000104763.18	6693	3192	2147	2435
ENSG00000104765.15	1943	2073	1469	1673
ENSG00000104774.12	942	3366	1480	2665
ENSG00000104783.12	64	64	78	51
ENSG00000104805.15	3913	2058	3118	4197
ENSG00000104808.7	10	4	11	35
ENSG00000104812.14	670	750	866	781
ENSG00000104814.12	147	17	72	176
ENSG00000104823.8	860	675	1126	3361
ENSG00000104824.17	2970	2661	3560	8895
ENSG00000104825.16	297	119	281	1134
ENSG00000104826.13	0	0	1	4
ENSG00000104833.11	142	310	62	257
ENSG00000104835.14	220	120	195	761
ENSG00000104848.1	5	1	2	5
ENSG00000104852.14	3495	2134	5162	3815
ENSG00000104853.15	1966	920	1629	1505
ENSG00000104856.13	631	160	158	550
ENSG00000104859.14	757	541	1061	1052
ENSG00000104863.11	9	6	26	16
ENSG00000104866.10	820	406	830	1163
ENSG00000104870.12	587	187	249	780
ENSG00000104872.10	680	482	616	527
ENSG00000104880.17	391	437	87	309
ENSG00000104881.15	464	463	1248	393
ENSG00000104883.7	68	73	9	68
ENSG00000104884.15	441	399	684	582
ENSG00000104885.17	726	630	452	1071
ENSG00000104886.11	427	707	459	730
ENSG00000104888.9	11	1	6	7
ENSG00000104889.6	79	765	96	251
ENSG00000104892.16	179	188	137	83
ENSG00000104894.11	43	28	33	21
ENSG00000104897.9	465	523	524	1080
ENSG00000104899.7	16	13	4	56
ENSG00000104901.6	8	3	2	4
ENSG00000104903.4	16	29	6	34
ENSG00000104904.12	2723	1820	4187	4900
ENSG00000104907.12	434	8084	873	2090
ENSG00000104915.14	293	5676	586	1144
ENSG00000104936.17	544	177	274	879
ENSG00000104938.16	22	0	4	3
ENSG00000104946.12	760	225	607	933
ENSG00000104951.15	650	57	58	112
ENSG00000104953.19	26	9	15	76
ENSG00000104957.13	459	1138	623	1444
ENSG00000104960.15	1876	814	1954	2068
ENSG00000104964.14	3811	1990	4516	5012
ENSG00000104967.6	3	0	0	22
ENSG00000104969.9	676	656	619	963
ENSG00000104972.15	45	22	29	27
ENSG00000104973.17	2073	764	930	1708
ENSG00000104974.11	1	1	0	1
ENSG00000104976.11	467	446	137	499
ENSG00000104979.8	656	2998	1748	2420
ENSG00000104980.7	1924	1597	717	2211
ENSG00000104983.8	114	58	137	190
ENSG00000104998.3	41	134	48	141
ENSG00000105011.8	141	559	117	672
ENSG00000105048.16	2148	1155	423	2031
ENSG00000105053.10	499	225	375	326
ENSG00000105058.11	980	1383	857	2416
ENSG00000105063.18	1679	780	1559	3920
ENSG00000105072.8	138	425	145	404
ENSG00000105085.10	116	238	177	437
ENSG00000105088.8	549	162	2	148
ENSG00000105122.12	10	10	11	11
ENSG00000105127.8	859	961	852	2098
ENSG00000105131.7	9	0	0	15
ENSG00000105135.15	1007	1700	2550	2529
ENSG00000105136.20	149	67	323	1098
ENSG00000105137.12	62	40	287	296
ENSG00000105146.12	21	10	2	129
ENSG00000105171.9	291	502	442	1561
ENSG00000105173.13	133	891	225	1290
ENSG00000105176.17	852	1915	1143	3358
ENSG00000105185.11	473	1107	963	1930
ENSG00000105186.15	489	789	711	1177
ENSG00000105193.8	5448	6918	11107	33720
ENSG00000105197.10	599	599	1095	3108
ENSG00000105202.8	1124	1792	2784	8018
ENSG00000105204.13	611	326	456	1790
ENSG00000105219.9	14	20	48	175
ENSG00000105220.15	2678	8744	8284	10469
ENSG00000105221.16	2128	1555	4751	10590
ENSG00000105223.19	3251	592	2558	4294
ENSG00000105227.14	120	45	102	370
ENSG00000105229.6	316	251	228	547
ENSG00000105245.9	371	228	379	2988
ENSG00000105246.5	2	5	0	5
ENSG00000105248.15	132	189	112	346
ENSG00000105254.11	1215	722	1253	3489
ENSG00000105255.10	33	1	74	114
ENSG00000105258.8	265	150	422	1009
ENSG00000105270.14	432	46	459	1283
ENSG00000105278.10	0	1	0	70
ENSG00000105281.12	1508	1326	1657	1462
ENSG00000105287.12	1271	316	623	834
ENSG00000105289.14	634	907	240	494
ENSG00000105290.11	383	49	261	1187
ENSG00000105298.13	385	281	386	643
ENSG00000105321.13	592	250	452	368
ENSG00000105323.16	4121	2482	4741	13496
ENSG00000105325.13	524	457	427	1115
ENSG00000105327.17	275	86	35	119
ENSG00000105329.9	134	43	858	409
ENSG00000105339.10	680	809	446	394
ENSG00000105341.18	356	321	460	1255
ENSG00000105355.8	511	390	296	599
ENSG00000105357.16	8726	2124	2472	4878
ENSG00000105364.13	602	2472	374	1727
ENSG00000105369.9	1	1	0	2
ENSG00000105371.9	169	2	29	191
ENSG00000105372.7	5021	7488	11276	46581
ENSG00000105373.18	1933	2934	2243	4168
ENSG00000105374.9	1	2	4	5
ENSG00000105376.4	258	12	472	310
ENSG00000105379.9	293	341	640	827
ENSG00000105383.14	12	16	7	20
ENSG00000105388.15	0	0	0	1147
ENSG00000105393.15	572	1273	768	1926
ENSG00000105397.13	1489	2819	798	3044
ENSG00000105401.8	3364	7111	2161	6505
ENSG00000105402.7	731	315	919	637
ENSG00000105404.10	577	249	1238	6192
ENSG00000105409.18	1	0	6	28
ENSG00000105419.17	1	0	1	7
ENSG00000105426.16	1729	7645	1873	1309
ENSG00000105427.9	18	26	31	38
ENSG00000105429.12	1159	486	1072	3816
ENSG00000105438.8	1719	824	2399	2393
ENSG00000105443.14	2964	1310	1634	1868
ENSG00000105447.12	573	414	598	677
ENSG00000105464.3	24	10	33	86
ENSG00000105472.12	15	39	28	87
ENSG00000105479.15	191	116	29	32
ENSG00000105483.17	423	179	362	329
ENSG00000105486.13	539	551	728	795
ENSG00000105492.15	0	0	0	217
ENSG00000105497.7	11	84	124	166
ENSG00000105499.13	6	8	4	65
ENSG00000105514.7	1039	2627	805	1769
ENSG00000105516.10	196	135	219	317
ENSG00000105518.13	1074	3751	1387	1913
ENSG00000105519.15	1892	2434	1241	769
ENSG00000105520.10	265	1120	371	626
ENSG00000105523.3	294	90	34	83
ENSG00000105538.9	24	19	74	84
ENSG00000105552.14	406	397	475	614
ENSG00000105556.11	211	333	207	280
ENSG00000105559.11	348	39	417	1083
ENSG00000105568.17	3911	2199	2466	2689
ENSG00000105576.15	1383	4897	1848	3428
ENSG00000105583.10	13	63	28	40
ENSG00000105607.12	272	1830	589	959
ENSG00000105609.16	13	0	2	9
ENSG00000105610.5	0	3	2	0
ENSG00000105612.8	603	2446	852	1823
ENSG00000105613.9	83	452	100	220
ENSG00000105617.3	116	72	165	399
ENSG00000105618.13	813	683	742	1837
ENSG00000105619.13	192	137	212	761
ENSG00000105639.18	156	30	291	637
ENSG00000105640.12	4525	17438	19002	27971
ENSG00000105641.3	0	19	3	11
ENSG00000105642.15	3	0	32	103
ENSG00000105643.9	81	620	159	491
ENSG00000105647.16	19	25	103	63
ENSG00000105649.9	51	101	105	42
ENSG00000105650.22	12	11	19	39
ENSG00000105655.18	1672	2395	1526	2537
ENSG00000105656.12	328	441	441	710
ENSG00000105662.15	471	515	432	1190
ENSG00000105664.10	1	0	9	33
ENSG00000105668.7	13	0	0	9
ENSG00000105669.13	1188	640	1543	3471
ENSG00000105671.11	417	396	952	1644
ENSG00000105672.14	9	4	19	16
ENSG00000105675.8	2	1	1	10
ENSG00000105676.13	320	642	614	1192
ENSG00000105677.11	597	1122	928	3300
ENSG00000105695.14	122	68	40	312
ENSG00000105696.8	70	23	2	17
ENSG00000105697.8	16	6	8	29
ENSG00000105698.15	1149	1638	2428	5413
ENSG00000105699.16	3320	3307	3163	6607
ENSG00000105700.10	788	973	1034	1924
ENSG00000105701.15	2234	2141	3061	5509
ENSG00000105705.15	390	484	579	803
ENSG00000105707.13	171	692	365	2297
ENSG00000105708.8	184	86	162	128
ENSG00000105711.11	17	66	31	195
ENSG00000105717.13	52	41	45	104
ENSG00000105722.9	1421	505	1286	1497
ENSG00000105723.11	826	388	726	835
ENSG00000105726.16	1148	1154	1471	3066
ENSG00000105732.12	326	141	259	217
ENSG00000105737.9	116	12	147	275
ENSG00000105738.10	1146	622	659	2949
ENSG00000105750.14	122	113	87	212
ENSG00000105755.7	241	251	254	218
ENSG00000105767.2	699	109	169	619
ENSG00000105771.13	326	255	423	515
ENSG00000105778.18	1912	1489	691	2428
ENSG00000105784.15	0	18	1	1
ENSG00000105792.19	133	233	187	398
ENSG00000105793.15	561	448	632	464
ENSG00000105808.17	31	17	19	22
ENSG00000105810.9	1216	178	1683	2435
ENSG00000105819.13	888	1223	803	2229
ENSG00000105821.14	819	678	679	1892
ENSG00000105825.12	991	3075	416	1783
ENSG00000105829.12	344	246	379	528
ENSG00000105835.11	2123	1656	1247	2337
ENSG00000105849.5	385	263	275	973
ENSG00000105851.10	14	21	10	31
ENSG00000105852.10	0	0	34	41
ENSG00000105854.12	1484	1481	1174	1818
ENSG00000105855.9	5651	4234	5511	19270
ENSG00000105856.13	1453	963	1098	2215
ENSG00000105865.10	222	154	84	272
ENSG00000105866.14	224	81	128	339
ENSG00000105875.13	956	151	1087	1747
ENSG00000105877.17	71	88	13	11
ENSG00000105879.11	539	517	318	668
ENSG00000105880.6	3	38	0	1
ENSG00000105887.10	3364	1131	3641	4612
ENSG00000105889.15	10	0	1	23
ENSG00000105894.11	20	22	13	75
ENSG00000105926.15	156	275	125	513
ENSG00000105928.14	157	27	74	108
ENSG00000105929.16	16	5	4	15
ENSG00000105939.12	892	527	1214	1599
ENSG00000105948.13	199	140	182	447
ENSG00000105953.14	2114	1978	1473	3630
ENSG00000105963.14	393	167	135	437
ENSG00000105967.15	25	26	37	30
ENSG00000105968.18	1525	3383	1143	3547
ENSG00000105971.14	216	718	645	1215
ENSG00000105974.11	98	260	298	1267
ENSG00000105976.14	524	1152	755	535
ENSG00000105982.16	81	2	80	67
ENSG00000105983.20	976	408	817	1460
ENSG00000105988.6	0	3	3	7
ENSG00000105989.9	3	1	2	6
ENSG00000105991.8	1	1	1	41
ENSG00000105993.14	2229	676	2666	4398
ENSG00000105996.6	0	4	0	42
ENSG00000105997.22	1	65	0	304
ENSG00000106003.12	673	727	194	218
ENSG00000106004.4	1	18	1	172
ENSG00000106006.6	0	6	1	27
ENSG00000106009.15	739	426	554	1037
ENSG00000106012.17	1172	221	339	1235
ENSG00000106013.14	8	0	12	18
ENSG00000106018.13	19	16	122	60
ENSG00000106025.8	993	1699	2234	1904
ENSG00000106028.10	1019	719	2036	2229
ENSG00000106031.8	0	4	0	0
ENSG00000106034.17	14	10	1	9
ENSG00000106049.8	554	294	446	1010
ENSG00000106052.13	2950	1249	1770	6445
ENSG00000106066.14	506	537	515	5163
ENSG00000106069.22	18	8	5	59
ENSG00000106070.18	731	476	289	1598
ENSG00000106077.18	2295	1548	5694	5546
ENSG00000106078.18	521	422	349	1962
ENSG00000106080.10	498	176	394	521
ENSG00000106086.19	667	346	249	441
ENSG00000106089.11	242	147	283	440
ENSG00000106100.10	253	121	54	478
ENSG00000106105.13	1359	1089	1305	4593
ENSG00000106113.18	2	0	1	7
ENSG00000106123.11	188	38	1552	453
ENSG00000106125.14	47	40	17	79
ENSG00000106133.17	260	442	674	509
ENSG00000106144.19	984	481	828	1640
ENSG00000106153.12	3172	3376	2103	6258
ENSG00000106211.8	8044	5478	18441	19798
ENSG00000106236.3	113	46	11	27
ENSG00000106244.12	2066	1973	2510	3112
ENSG00000106245.10	957	813	801	1285
ENSG00000106246.17	196	137	109	236
ENSG00000106258.14	182	12	0	35
ENSG00000106261.16	3347	1856	1829	2926
ENSG00000106263.17	3403	2555	3766	7090
ENSG00000106266.10	1573	534	546	2013
ENSG00000106268.15	119	142	177	101
ENSG00000106278.11	1	0	4	3
ENSG00000106290.14	774	627	695	1505
ENSG00000106299.7	1535	1002	852	1563
ENSG00000106305.9	431	372	319	1121
ENSG00000106327.12	22	3	6	11
ENSG00000106330.11	326	154	221	270
ENSG00000106333.12	491	1615	206	181
ENSG00000106336.12	16	20	9	23
ENSG00000106344.8	742	489	805	1384
ENSG00000106346.11	717	181	202	775
ENSG00000106348.17	486	364	404	1587
ENSG00000106351.12	729	940	370	789
ENSG00000106355.9	476	491	287	1167
ENSG00000106366.8	436	69	259	433
ENSG00000106367.14	950	592	735	1338
ENSG00000106384.11	4	1	0	13
ENSG00000106392.10	700	433	709	884
ENSG00000106397.11	1605	898	869	2157
ENSG00000106399.11	222	204	142	410
ENSG00000106400.11	1118	903	1389	2137
ENSG00000106404.13	145	51	117	508
ENSG00000106415.12	138	55	133	297
ENSG00000106443.16	973	424	430	1261
ENSG00000106459.14	336	220	231	773
ENSG00000106460.18	1351	357	792	1237
ENSG00000106462.10	705	330	393	1273
ENSG00000106477.18	480	124	221	728
ENSG00000106479.10	411	191	656	1325
ENSG00000106484.15	6087	807	948	3911
ENSG00000106524.8	302	192	172	535
ENSG00000106526.10	139	1	347	161
ENSG00000106536.19	193	79	3	112
ENSG00000106537.7	1105	221	571	2046
ENSG00000106538.9	157	284	3136	1777
ENSG00000106541.11	94	27	50	595
ENSG00000106546.13	1044	519	829	4373
ENSG00000106554.12	957	714	1148	1850
ENSG00000106560.10	13	6	14	241
ENSG00000106565.17	1219	262	327	1162
ENSG00000106571.13	76	68	1	216
ENSG00000106588.10	358	383	267	680
ENSG00000106591.3	785	760	566	1095
ENSG00000106603.18	642	667	560	1513
ENSG00000106605.10	206	659	325	869
ENSG00000106608.16	705	773	538	1357
ENSG00000106609.16	1747	1218	1271	2295
ENSG00000106610.15	123	145	145	295
ENSG00000106615.9	1679	932	2582	4537
ENSG00000106617.13	745	793	845	694
ENSG00000106624.10	1688	10	516	1726
ENSG00000106628.10	824	2133	1065	2880
ENSG00000106631.8	16	0	6	40
ENSG00000106633.15	16	0	63	48
ENSG00000106635.7	502	629	856	1010
ENSG00000106636.7	2034	1347	1465	5305
ENSG00000106638.16	799	852	1256	1017
ENSG00000106665.15	682	386	457	975
ENSG00000106682.14	4650	7637	8264	6750
ENSG00000106683.14	850	476	865	939
ENSG00000106686.16	114	173	134	64
ENSG00000106688.11	49	171	220	23
ENSG00000106692.14	407	648	346	551
ENSG00000106701.11	310	494	96	249
ENSG00000106714.17	1	34	43	1
ENSG00000106723.16	4983	2503	1569	2444
ENSG00000106733.20	222	195	3	186
ENSG00000106771.12	1311	1808	1164	1492
ENSG00000106772.17	768	762	444	975
ENSG00000106780.8	365	310	237	557
ENSG00000106785.14	449	658	527	277
ENSG00000106789.12	841	1137	293	322
ENSG00000106799.12	875	686	406	811
ENSG00000106803.9	664	771	794	1156
ENSG00000106804.7	28	108	6	61
ENSG00000106809.10	0	5	2	1
ENSG00000106823.12	0	4	5	15
ENSG00000106829.18	218	56	175	264
ENSG00000106852.15	16	30	53	37
ENSG00000106853.19	239	739	339	385
ENSG00000106868.16	208	102	71	156
ENSG00000106927.11	1	3	0	6
ENSG00000106948.16	579	364	180	551
ENSG00000106952.7	9	5	10	16
ENSG00000106976.20	287	304	260	320
ENSG00000106991.13	173	108	250	223
ENSG00000106992.18	106	107	101	233
ENSG00000106993.11	271	255	435	311
ENSG00000107014.8	4	0	6	8
ENSG00000107018.7	1	1	3	7
ENSG00000107020.9	94	227	142	132
ENSG00000107021.15	466	336	270	470
ENSG00000107036.11	437	458	696	565
ENSG00000107077.18	527	992	1278	456
ENSG00000107099.15	139	297	94	90
ENSG00000107104.18	869	2468	845	755
ENSG00000107105.14	14	1	0	3
ENSG00000107130.9	565	671	1221	1055
ENSG00000107140.15	538	422	688	646
ENSG00000107147.12	31	922	560	807
ENSG00000107159.12	12	53	265	87
ENSG00000107164.15	1392	1475	960	1599
ENSG00000107165.12	3	142	2	0
ENSG00000107175.11	795	596	1253	577
ENSG00000107185.9	943	758	1069	1010
ENSG00000107186.16	398	679	313	597
ENSG00000107201.9	761	184	665	401
ENSG00000107223.12	1602	2381	3070	2123
ENSG00000107242.17	22	41	42	4
ENSG00000107249.22	104	112	159	275
ENSG00000107262.21	1000	1389	1667	1083
ENSG00000107263.18	1486	1489	729	1093
ENSG00000107281.9	384	421	894	771
ENSG00000107282.7	79	89	198	67
ENSG00000107290.13	1315	1078	672	1097
ENSG00000107317.12	105	7	2941	3120
ENSG00000107331.16	1253	854	2316	410
ENSG00000107338.9	136	226	409	251
ENSG00000107341.4	1064	1158	1273	1009
ENSG00000107362.13	221	231	206	155
ENSG00000107371.12	228	432	390	302
ENSG00000107372.12	3870	2999	4294	3470
ENSG00000107404.19	1337	1647	2816	2531
ENSG00000107438.8	2754	1800	1041	5207
ENSG00000107443.15	508	125	233	897
ENSG00000107485.16	86	18	27	1
ENSG00000107518.17	3	0	72	22
ENSG00000107521.18	650	425	465	1569
ENSG00000107537.13	387	103	180	2495
ENSG00000107551.20	285	77	270	2007
ENSG00000107554.16	295	146	68	369
ENSG00000107560.11	962	620	503	1929
ENSG00000107562.16	125	7	35	324
ENSG00000107566.13	662	196	404	874
ENSG00000107581.12	6662	7467	6365	14587
ENSG00000107593.16	1	1	1	2
ENSG00000107611.15	21	54	10	35
ENSG00000107614.21	140	53	60	278
ENSG00000107625.12	646	295	420	1488
ENSG00000107643.16	1005	414	572	1060
ENSG00000107651.12	1013	835	1029	1899
ENSG00000107669.17	383	192	327	876
ENSG00000107672.14	346	133	322	919
ENSG00000107679.14	1205	430	989	2830
ENSG00000107719.8	40	314	132	265
ENSG00000107731.12	1253	540	917	3911
ENSG00000107736.20	60	19	35	130
ENSG00000107738.19	486	174	733	2250
ENSG00000107742.12	22198	1637	7203	39425
ENSG00000107745.18	1198	297	537	1527
ENSG00000107758.15	679	241	574	1437
ENSG00000107771.16	592	192	288	925
ENSG00000107779.13	1178	383	425	1502
ENSG00000107789.15	248	102	201	609
ENSG00000107796.13	26	4	31	96
ENSG00000107798.17	837	507	795	1921
ENSG00000107815.9	323	230	138	1049
ENSG00000107816.17	2184	927	1780	4490
ENSG00000107819.13	961	420	516	1547
ENSG00000107821.14	38	4	84	373
ENSG00000107829.13	670	410	488	3366
ENSG00000107831.12	3	0	1	1
ENSG00000107833.10	247	421	232	659
ENSG00000107854.5	2276	614	1239	3041
ENSG00000107859.9	0	0	0	0
ENSG00000107862.4	1635	908	2041	3589
ENSG00000107863.17	2940	604	1261	5780
ENSG00000107864.14	100	80	291	533
ENSG00000107872.12	231	243	241	494
ENSG00000107874.10	515	598	371	1168
ENSG00000107882.11	402	287	247	594
ENSG00000107890.16	190	78	140	766
ENSG00000107897.18	831	235	337	843
ENSG00000107902.13	266	192	264	648
ENSG00000107929.14	3013	1074	1664	3716
ENSG00000107937.18	1844	759	1483	3547
ENSG00000107938.17	499	275	556	859
ENSG00000107949.16	740	611	866	1728
ENSG00000107951.14	750	362	515	1568
ENSG00000107954.10	239	27	10	388
ENSG00000107957.16	1210	849	2110	1686
ENSG00000107959.15	2803	731	915	2282
ENSG00000107960.10	252	193	137	340
ENSG00000107968.9	850	306	183	724
ENSG00000107984.9	11	4	17	0
ENSG00000108001.13	0	6	20	967
ENSG00000108010.11	832	527	873	1999
ENSG00000108018.15	81	70	9	0
ENSG00000108021.20	1633	1192	1753	3929
ENSG00000108039.17	1093	1333	616	2061
ENSG00000108055.9	1460	1437	700	3088
ENSG00000108061.11	774	515	507	1287
ENSG00000108064.10	983	721	1079	1901
ENSG00000108091.10	3196	2661	2223	6468
ENSG00000108094.14	886	305	634	2278
ENSG00000108100.17	2006	977	1088	3906
ENSG00000108106.13	764	807	417	2467
ENSG00000108107.14	4138	5201	8674	19236
ENSG00000108175.16	2736	1606	1174	5005
ENSG00000108176.14	12	4	85	34
ENSG00000108179.13	1096	1952	1045	2279
ENSG00000108187.15	87	48	124	328
ENSG00000108219.14	3192	1082	1310	3825
ENSG00000108239.8	274	116	156	358
ENSG00000108242.12	1	2	1	0
ENSG00000108244.16	932	591	270	1745
ENSG00000108256.8	2275	1283	1482	2525
ENSG00000108262.15	1146	662	560	1571
ENSG00000108298.11	5090	56168	7169	18257
ENSG00000108306.12	653	2216	289	849
ENSG00000108309.13	57	17	12	316
ENSG00000108312.14	2279	2018	1688	3135
ENSG00000108342.12	2	9	9	0
ENSG00000108344.14	1424	2847	860	2943
ENSG00000108349.16	1583	4070	750	2073
ENSG00000108352.12	101	473	63	313
ENSG00000108370.16	77	22	61	518
ENSG00000108375.12	212	395	175	270
ENSG00000108379.9	94	8	8	125
ENSG00000108384.14	158	246	141	242
ENSG00000108387.14	12	10	14	41
ENSG00000108389.9	1680	861	946	1578
ENSG00000108395.13	635	615	417	1003
ENSG00000108405.3	2	3	3	20
ENSG00000108406.9	977	1201	423	996
ENSG00000108423.14	85	103	95	120
ENSG00000108424.9	3678	4514	2432	5781
ENSG00000108433.16	624	257	512	1051
ENSG00000108439.10	432	282	566	663
ENSG00000108443.13	433	936	608	727
ENSG00000108448.21	103	48	60	409
ENSG00000108465.14	1382	608	3209	2914
ENSG00000108468.14	2287	900	1018	1467
ENSG00000108469.14	912	787	664	1829
ENSG00000108474.16	133	129	70	375
ENSG00000108479.11	152	301	112	239
ENSG00000108506.12	316	502	214	284
ENSG00000108509.20	523	264	871	1437
ENSG00000108510.9	1585	1605	1212	1818
ENSG00000108511.9	907	16	144	89
ENSG00000108515.17	78	44	40	493
ENSG00000108518.7	5254	4064	6070	10648
ENSG00000108523.15	1296	926	1194	2207
ENSG00000108528.13	523	525	701	1070
ENSG00000108551.4	44	32	69	27
ENSG00000108556.8	42	12	119	71
ENSG00000108557.18	2487	3316	1590	3924
ENSG00000108559.11	649	490	339	863
ENSG00000108561.8	729	1533	918	1361
ENSG00000108576.9	17	2	1	2
ENSG00000108578.14	472	263	162	438
ENSG00000108582.11	1350	738	790	1893
ENSG00000108587.15	1002	629	493	1099
ENSG00000108588.13	2257	3673	2516	2715
ENSG00000108590.10	58	90	60	127
ENSG00000108591.9	322	304	250	904
ENSG00000108592.16	1558	1666	809	1337
ENSG00000108599.14	533	269	332	782
ENSG00000108602.17	14	6	17	243
ENSG00000108604.15	1802	972	1621	1755
ENSG00000108622.10	13	45	10	83
ENSG00000108639.7	1577	1887	1424	2933
ENSG00000108641.15	78	110	233	555
ENSG00000108651.9	713	456	466	832
ENSG00000108654.14	16002	15139	12068	20770
ENSG00000108666.9	256	217	99	654
ENSG00000108669.16	787	622	250	928
ENSG00000108671.10	1576	716	741	2728
ENSG00000108679.12	4430	6280	6179	10591
ENSG00000108684.14	1	22	94	11
ENSG00000108688.11	3	1	1	1
ENSG00000108691.9	197	34	54	134
ENSG00000108700.4	8	0	3	1
ENSG00000108733.9	79	33	43	112
ENSG00000108771.12	93	113	131	329
ENSG00000108773.10	1107	3655	1231	2495
ENSG00000108774.14	1486	2000	890	2195
ENSG00000108784.9	270	820	152	1269
ENSG00000108785.7	0	2	0	4
ENSG00000108786.10	257	132	205	210
ENSG00000108788.11	407	870	483	714
ENSG00000108797.11	151	63	68	274
ENSG00000108798.8	35	39	24	36
ENSG00000108799.12	615	1212	538	1075
ENSG00000108813.10	110	17	48	115
ENSG00000108819.10	2264	302	1227	1051
ENSG00000108821.13	2649	83	841	3375
ENSG00000108825.17	4	0	0	8
ENSG00000108826.15	546	543	446	644
ENSG00000108828.15	2510	3328	1203	5833
ENSG00000108829.9	2410	2645	2299	4132
ENSG00000108830.9	142	18	37	80
ENSG00000108839.11	27	2	3	10
ENSG00000108840.15	1332	526	458	1770
ENSG00000108846.15	107	55	441	333
ENSG00000108848.15	3430	6120	4624	6222
ENSG00000108852.14	34	173	42	200
ENSG00000108854.15	857	801	414	632
ENSG00000108861.8	1512	2955	777	2586
ENSG00000108878.4	17	11	1	1
ENSG00000108883.12	2188	2455	844	2306
ENSG00000108924.13	6	15	4	8
ENSG00000108932.11	12	30	136	74
ENSG00000108946.14	5393	2993	2772	5125
ENSG00000108947.4	289	42	39	149
ENSG00000108950.11	309	349	466	586
ENSG00000108953.16	5213	5744	5134	9887
ENSG00000108958.4	0	2	1	2
ENSG00000108960.8	939	272	267	121
ENSG00000108961.13	152	131	152	418
ENSG00000108963.17	234	306	287	576
ENSG00000108984.14	282	259	72	342
ENSG00000109016.17	273	214	219	368
ENSG00000109046.14	3150	1842	1716	3809
ENSG00000109062.11	998	619	504	1518
ENSG00000109063.14	37	91	19	170
ENSG00000109065.11	873	606	437	904
ENSG00000109066.13	550	184	187	470
ENSG00000109072.13	15	8	3	29
ENSG00000109079.9	1423	479	464	1527
ENSG00000109083.13	169	145	331	610
ENSG00000109084.13	468	417	324	517
ENSG00000109089.7	2341	3518	920	1068
ENSG00000109099.14	45	70	43	252
ENSG00000109101.7	14	2	1	35
ENSG00000109103.11	414	212	334	723
ENSG00000109107.13	360	137	612	391
ENSG00000109111.14	1652	1118	1365	2871
ENSG00000109113.19	1371	778	888	1969
ENSG00000109118.13	1119	550	962	1670
ENSG00000109133.12	1263	1173	800	1173
ENSG00000109171.14	891	571	491	691
ENSG00000109180.14	1416	1863	1177	1585
ENSG00000109182.11	0	10	0	0
ENSG00000109184.14	304	387	552	687
ENSG00000109189.12	233	268	243	482
ENSG00000109193.11	3	5	0	1
ENSG00000109220.10	126	66	128	192
ENSG00000109255.11	142	795	53	1603
ENSG00000109265.14	208	150	26	136
ENSG00000109270.12	775	330	544	707
ENSG00000109320.11	352	478	225	728
ENSG00000109321.10	77	62	80	219
ENSG00000109323.9	369	533	326	650
ENSG00000109332.19	2535	2050	2934	4363
ENSG00000109339.21	22	16	20	3
ENSG00000109381.19	428	351	314	594
ENSG00000109390.11	237	217	533	439
ENSG00000109424.3	0	0	1	2
ENSG00000109436.7	761	455	450	551
ENSG00000109445.10	241	352	699	499
ENSG00000109452.12	106	210	85	143
ENSG00000109458.8	236	64	125	209
ENSG00000109466.13	228	198	368	242
ENSG00000109472.13	776	135	497	420
ENSG00000109475.16	2481	6099	5296	6397
ENSG00000109501.13	682	475	298	1248
ENSG00000109519.12	335	852	252	398
ENSG00000109534.16	319	389	313	699
ENSG00000109536.11	199	149	289	328
ENSG00000109572.13	931	626	897	797
ENSG00000109576.13	110	20	27	53
ENSG00000109586.11	471	393	615	1060
ENSG00000109606.12	2583	3931	1731	2624
ENSG00000109610.5	126	58	7	162
ENSG00000109618.11	178	200	90	151
ENSG00000109625.18	4	0	5	102
ENSG00000109654.14	633	329	528	784
ENSG00000109667.11	23	19	49	75
ENSG00000109670.14	251	159	296	190
ENSG00000109674.3	25	48	25	86
ENSG00000109680.10	93	86	42	137
ENSG00000109685.17	1386	2916	515	2024
ENSG00000109686.17	534	568	509	908
ENSG00000109689.15	188	301	259	329
ENSG00000109736.14	1725	2032	729	1008
ENSG00000109738.10	77	90	43	111
ENSG00000109743.10	32	7	26	26
ENSG00000109756.9	679	260	524	865
ENSG00000109758.8	97	4	0	49
ENSG00000109762.15	184	165	155	196
ENSG00000109771.15	34	41	31	42
ENSG00000109775.10	179	123	193	288
ENSG00000109787.12	1730	1409	854	1199
ENSG00000109790.16	212	374	245	302
ENSG00000109794.13	38	50	80	50
ENSG00000109805.9	165	525	140	379
ENSG00000109814.11	852	488	1189	679
ENSG00000109819.8	76	38	21	0
ENSG00000109832.13	18	2	0	72
ENSG00000109846.7	274	102	4812	6750
ENSG00000109854.13	469	451	341	1281
ENSG00000109861.15	465	2670	589	1255
ENSG00000109881.16	210	364	73	632
ENSG00000109906.13	0	338	50	55
ENSG00000109911.18	149	155	141	214
ENSG00000109917.10	725	1741	838	1083
ENSG00000109919.9	1033	1291	1078	1161
ENSG00000109920.12	2542	2437	1698	1731
ENSG00000109927.10	34	23	24	34
ENSG00000109929.9	465	503	989	466
ENSG00000109943.8	1	4	2	1
ENSG00000109944.10	46	17	4	24
ENSG00000109956.12	1	0	108	1
ENSG00000109971.13	13318	13399	13675	12740
ENSG00000110002.15	69	193	121	286
ENSG00000110011.13	397	247	620	370
ENSG00000110013.12	280	270	527	726
ENSG00000110025.12	56	51	56	39
ENSG00000110031.12	81	142	52	71
ENSG00000110042.7	1910	2925	1538	1324
ENSG00000110046.12	806	663	825	1048
ENSG00000110047.17	1509	884	931	1003
ENSG00000110048.11	1360	1337	1143	1267
ENSG00000110057.7	1304	1877	900	677
ENSG00000110060.8	134	57	158	133
ENSG00000110063.9	128	136	208	156
ENSG00000110066.14	1435	927	938	1051
ENSG00000110074.10	361	345	688	651
ENSG00000110075.14	1920	1743	1662	1639
ENSG00000110076.18	6	4	1	18
ENSG00000110077.14	74	62	51	62
ENSG00000110079.17	91	40	44	57
ENSG00000110080.18	178	236	268	352
ENSG00000110090.12	1516	3589	2411	1416
ENSG00000110092.3	7923	6110	9466	3247
ENSG00000110104.12	279	569	282	612
ENSG00000110107.8	1486	2226	1417	2264
ENSG00000110108.9	1115	1215	1153	774
ENSG00000110148.9	12	3	0	0
ENSG00000110169.10	17	9	4	21
ENSG00000110171.19	205	177	173	489
ENSG00000110172.11	614	950	2570	1048
ENSG00000110195.12	1188	3488	1642	3914
ENSG00000110200.8	274	787	583	464
ENSG00000110203.8	55	8	165	84
ENSG00000110218.8	375	414	184	345
ENSG00000110237.4	2477	2380	2003	1511
ENSG00000110274.15	744	1288	895	2115
ENSG00000110315.6	975	597	352	764
ENSG00000110318.13	77	157	12	77
ENSG00000110321.16	16955	8557	6732	22941
ENSG00000110324.10	141	41	74	144
ENSG00000110328.5	33	49	80	523
ENSG00000110330.8	1129	1361	862	790
ENSG00000110344.9	1044	647	1379	1276
ENSG00000110367.12	2934	1709	2580	2545
ENSG00000110375.2	53	0	23	16
ENSG00000110395.6	1054	370	819	969
ENSG00000110400.10	443	148	358	390
ENSG00000110422.11	1476	1591	1492	2621
ENSG00000110427.15	13	4	0	37
ENSG00000110429.13	678	501	465	841
ENSG00000110435.11	728	549	667	701
ENSG00000110436.12	2	2	0	3
ENSG00000110442.11	433	496	396	739
ENSG00000110446.10	381	44	62	250
ENSG00000110455.13	515	560	824	776
ENSG00000110484.6	0	6	4	1
ENSG00000110492.15	6120	8142	430	3292
ENSG00000110497.14	741	659	352	640
ENSG00000110514.19	900	843	629	613
ENSG00000110536.13	257	415	285	340
ENSG00000110583.12	820	1090	704	949
ENSG00000110619.17	1140	664	793	2789
ENSG00000110628.14	457	144	362	703
ENSG00000110651.11	8182	6932	3503	5972
ENSG00000110660.14	667	1503	389	372
ENSG00000110665.11	13	24	0	3
ENSG00000110680.12	10	0	1	65
ENSG00000110693.17	436	45	88	993
ENSG00000110696.9	3790	3320	1872	4381
ENSG00000110697.12	1776	1082	992	902
ENSG00000110700.6	3267	8664	4984	9898
ENSG00000110711.9	644	585	788	725
ENSG00000110713.16	2200	1974	950	2767
ENSG00000110717.12	695	1063	1347	1160
ENSG00000110719.9	1562	692	628	414
ENSG00000110721.11	1047	2078	556	1182
ENSG00000110723.11	332	837	175	159
ENSG00000110756.17	603	274	180	432
ENSG00000110768.11	712	546	344	837
ENSG00000110777.11	0	41	5	4
ENSG00000110799.13	34	61	15	134
ENSG00000110801.13	381	371	452	794
ENSG00000110811.19	273	4	530	188
ENSG00000110841.13	4519	2088	2054	5512
ENSG00000110844.13	981	332	892	1201
ENSG00000110848.8	16	18	9	9
ENSG00000110851.11	1244	543	421	1400
ENSG00000110852.4	21	38	9	128
ENSG00000110871.14	390	504	210	555
ENSG00000110876.9	37	55	20	99
ENSG00000110880.10	1247	1202	730	2331
ENSG00000110881.11	6	31	23	78
ENSG00000110888.17	831	594	587	943
ENSG00000110900.14	3	9	3	6
ENSG00000110906.12	1753	1096	1152	2407
ENSG00000110911.15	2331	1188	1416	2132
ENSG00000110917.7	6040	3959	5240	9636
ENSG00000110921.13	230	295	287	458
ENSG00000110925.6	1473	579	447	1080
ENSG00000110931.18	1083	996	1001	1958
ENSG00000110934.10	24	29	25	19
ENSG00000110944.8	187	27	0	23
ENSG00000110955.8	9869	14624	11217	17569
ENSG00000110958.15	6244	4829	3589	7388
ENSG00000110975.8	64	0	1	0
ENSG00000110987.8	914	281	466	994
ENSG00000111011.17	1980	2131	2524	2527
ENSG00000111012.9	16	28	29	36
ENSG00000111052.7	5	3	1	5
ENSG00000111057.10	12332	61894	11434	33410
ENSG00000111058.7	391	290	621	1440
ENSG00000111077.17	442	331	417	795
ENSG00000111110.11	434	472	310	1530
ENSG00000111142.13	1458	1577	1052	2725
ENSG00000111144.9	2347	2569	1311	3752
ENSG00000111145.7	1967	415	602	848
ENSG00000111181.12	193	103	964	1739
ENSG00000111186.12	5	14	20	81
ENSG00000111196.9	219	143	157	356
ENSG00000111199.10	95	29	41	233
ENSG00000111203.12	545	1086	786	1188
ENSG00000111206.12	430	1475	475	1933
ENSG00000111215.12	8	6	3	26
ENSG00000111218.11	0	0	0	6
ENSG00000111224.13	233	247	59	508
ENSG00000111229.15	3866	2491	2677	3994
ENSG00000111231.8	437	303	258	558
ENSG00000111237.18	1100	1181	1044	2183
ENSG00000111245.14	2	0	0	21
ENSG00000111247.14	184	389	96	553
ENSG00000111252.10	361	71	305	480
ENSG00000111254.7	33	243	1	74
ENSG00000111261.13	433	71	39	629
ENSG00000111266.8	1331	482	288	2200
ENSG00000111269.2	344	422	258	552
ENSG00000111271.14	624	1332	696	1169
ENSG00000111275.12	394	386	1700	798
ENSG00000111276.10	1001	997	735	2672
ENSG00000111291.8	4	5	0	3
ENSG00000111300.9	1150	1117	1234	1435
ENSG00000111319.12	3019	13134	5720	8213
ENSG00000111321.10	2038	2069	1685	3768
ENSG00000111325.16	78	76	169	215
ENSG00000111328.6	1227	948	719	2131
ENSG00000111331.12	828	878	919	1067
ENSG00000111335.12	273	119	241	238
ENSG00000111341.9	3	177	6	8
ENSG00000111344.11	671	637	1660	1199
ENSG00000111348.8	386	656	273	555
ENSG00000111358.13	742	729	605	1061
ENSG00000111361.12	926	838	790	1567
ENSG00000111364.15	689	764	1123	1191
ENSG00000111371.15	12567	5362	4413	8727
ENSG00000111405.8	128	250	16	49
ENSG00000111412.5	1716	1061	1054	2111
ENSG00000111424.10	99	273	159	52
ENSG00000111432.4	69	127	36	228
ENSG00000111445.13	425	434	379	648
ENSG00000111450.13	155	190	346	510
ENSG00000111452.12	19	18	16	89
ENSG00000111481.9	2037	2093	1523	3020
ENSG00000111490.13	25	15	57	36
ENSG00000111530.12	3015	2232	1979	3390
ENSG00000111540.15	5389	2209	2323	3528
ENSG00000111554.14	332	193	215	430
ENSG00000111581.9	1369	1288	713	2364
ENSG00000111596.12	1497	1182	1005	2089
ENSG00000111602.11	1149	989	525	1897
ENSG00000111605.17	2079	2010	1540	2995
ENSG00000111615.13	1537	1034	723	1741
ENSG00000111639.7	866	1311	1043	2268
ENSG00000111640.14	24904	45750	53289	71183
ENSG00000111641.11	186	240	169	461
ENSG00000111642.15	1108	781	801	2142
ENSG00000111644.7	36	57	17	93
ENSG00000111647.12	231	285	163	425
ENSG00000111652.9	703	914	851	1457
ENSG00000111653.19	527	650	391	1154
ENSG00000111664.10	12	10	107	42
ENSG00000111665.11	148	394	159	761
ENSG00000111666.10	180	383	388	662
ENSG00000111667.13	1502	1616	1751	3014
ENSG00000111669.14	6045	9892	10126	12674
ENSG00000111670.15	977	455	763	1376
ENSG00000111671.9	100	67	118	317
ENSG00000111674.8	1044	1942	880	2959
ENSG00000111676.14	3410	2903	2985	9699
ENSG00000111678.10	451	595	250	1382
ENSG00000111679.16	881	373	539	1197
ENSG00000111684.10	802	355	578	1728
ENSG00000111696.11	583	411	195	460
ENSG00000111700.12	3	190	3	6
ENSG00000111707.11	2007	1319	1861	2964
ENSG00000111711.9	1044	543	650	1650
ENSG00000111716.12	1358	5845	1329	3298
ENSG00000111725.10	886	467	608	866
ENSG00000111726.12	856	768	582	1105
ENSG00000111727.11	168	112	139	290
ENSG00000111728.10	1	2	0	37
ENSG00000111729.14	1	0	2	0
ENSG00000111731.12	1006	960	641	1288
ENSG00000111737.11	1709	859	934	1631
ENSG00000111752.10	882	570	288	1601
ENSG00000111775.2	2550	3499	5368	4283
ENSG00000111785.19	390	445	259	587
ENSG00000111786.8	3260	2380	3425	4153
ENSG00000111788.10	161	308	75	292
ENSG00000111790.13	624	439	589	750
ENSG00000111799.20	2379	1415	1102	4079
ENSG00000111801.15	420	100	355	684
ENSG00000111802.13	501	218	690	630
ENSG00000111816.7	492	563	716	770
ENSG00000111817.17	197	71	149	197
ENSG00000111832.12	233	290	566	571
ENSG00000111834.12	35	57	16	29
ENSG00000111837.11	93	84	19	21
ENSG00000111843.13	1119	1191	1308	1988
ENSG00000111845.4	430	323	489	589
ENSG00000111846.17	215	25	20	136
ENSG00000111850.10	71	47	148	151
ENSG00000111859.16	1884	686	573	928
ENSG00000111860.13	159	97	97	93
ENSG00000111863.12	5	5	0	5
ENSG00000111875.7	295	137	355	373
ENSG00000111877.17	305	196	161	240
ENSG00000111879.19	47	2	21	7
ENSG00000111880.15	561	133	223	233
ENSG00000111885.6	735	164	58	91
ENSG00000111886.10	18	20	21	10
ENSG00000111897.6	3326	1173	3311	3348
ENSG00000111906.17	279	279	727	445
ENSG00000111907.20	897	590	1214	804
ENSG00000111911.6	1025	465	1241	844
ENSG00000111912.19	1473	435	2895	1685
ENSG00000111913.18	344	21	49	144
ENSG00000111961.17	1683	236	789	955
ENSG00000111962.7	63	47	60	135
ENSG00000111981.4	5	3	28	28
ENSG00000112029.9	162	95	64	245
ENSG00000112031.15	349	160	154	265
ENSG00000112033.13	772	239	354	745
ENSG00000112039.4	150	68	72	167
ENSG00000112053.13	0	0	6	2
ENSG00000112062.10	1307	453	919	817
ENSG00000112078.13	1619	518	690	1258
ENSG00000112079.8	1241	408	849	1612
ENSG00000112081.16	3476	3535	3812	6990
ENSG00000112096.17	2704	1028	1132	4705
ENSG00000112110.9	840	427	581	985
ENSG00000112118.18	972	2558	706	1431
ENSG00000112130.16	361	152	264	496
ENSG00000112137.17	288	481	100	272
ENSG00000112139.15	102	17	11	23
ENSG00000112144.15	671	317	443	345
ENSG00000112146.16	685	739	974	876
ENSG00000112149.9	123	117	102	146
ENSG00000112159.11	1878	835	1057	941
ENSG00000112167.9	204	92	185	190
ENSG00000112182.14	133	10	11	78
ENSG00000112183.14	5	3	8	12
ENSG00000112186.11	214	309	270	381
ENSG00000112195.8	8	2	1	73
ENSG00000112200.16	1208	1026	553	496
ENSG00000112208.11	213	287	66	37
ENSG00000112210.11	165	110	116	147
ENSG00000112218.8	92	31	20	10
ENSG00000112234.8	280	288	264	411
ENSG00000112237.12	791	346	1058	1274
ENSG00000112242.14	933	322	630	1036
ENSG00000112245.11	11	0	2	1
ENSG00000112246.9	0	1	1	0
ENSG00000112249.13	483	312	610	658
ENSG00000112276.13	64	14	13	77
ENSG00000112280.16	148	40	9	2
ENSG00000112282.17	792	401	759	600
ENSG00000112290.12	334	258	276	403
ENSG00000112293.14	17	18	36	23
ENSG00000112294.12	445	461	954	776
ENSG00000112297.14	256	307	317	108
ENSG00000112299.7	17	20	13	32
ENSG00000112303.13	11	3	5	11
ENSG00000112304.10	196	86	258	371
ENSG00000112305.14	625	355	482	737
ENSG00000112306.7	6935	7259	16086	17136
ENSG00000112308.12	4349	854	4533	4340
ENSG00000112309.10	32	28	46	11
ENSG00000112312.9	171	127	153	373
ENSG00000112319.18	282	12	516	1412
ENSG00000112320.11	6	49	6	117
ENSG00000112335.14	1179	924	1732	2162
ENSG00000112337.10	0	0	2	0
ENSG00000112339.14	1022	375	731	921
ENSG00000112343.10	1279	391	1783	1532
ENSG00000112357.12	137	46	86	133
ENSG00000112365.4	351	165	189	349
ENSG00000112367.10	377	138	263	399
ENSG00000112378.11	6048	1163	10585	7561
ENSG00000112379.8	868	697	863	107
ENSG00000112394.16	51	24	44	49
ENSG00000112406.4	1059	196	505	723
ENSG00000112414.14	287	203	71	1573
ENSG00000112419.14	1496	273	415	763
ENSG00000112425.14	33	51	39	132
ENSG00000112473.17	3029	976	3773	4637
ENSG00000112494.9	33	11	4	45
ENSG00000112511.17	829	248	764	1315
ENSG00000112514.15	1504	1095	2120	3233
ENSG00000112530.11	67	24	19	26
ENSG00000112531.16	1588	622	842	1358
ENSG00000112539.14	42	62	2	6
ENSG00000112559.13	618	12	34	137
ENSG00000112561.17	87	85	215	156
ENSG00000112562.18	255	75	273	94
ENSG00000112576.12	598	709	615	714
ENSG00000112578.9	377	214	345	516
ENSG00000112584.13	1131	287	295	739
ENSG00000112592.13	417	189	149	339
ENSG00000112599.8	19	8	7	18
ENSG00000112619.7	0	0	6	3
ENSG00000112624.12	562	131	284	521
ENSG00000112640.14	681	384	576	928
ENSG00000112651.11	389	235	465	689
ENSG00000112655.15	4607	1046	1777	3338
ENSG00000112658.7	1527	519	1163	1631
ENSG00000112659.13	804	484	623	1342
ENSG00000112667.12	368	345	578	906
ENSG00000112679.14	67	356	966	818
ENSG00000112685.13	285	390	518	679
ENSG00000112695.11	1916	1356	2142	1722
ENSG00000112697.15	3078	1268	3247	3518
ENSG00000112699.10	342	515	299	561
ENSG00000112701.17	1552	884	1198	1697
ENSG00000112715.21	6404	19839	6907	7228
ENSG00000112739.16	1803	1923	1553	2329
ENSG00000112742.9	146	288	217	553
ENSG00000112759.17	493	1054	297	1147
ENSG00000112761.20	7	50	40	47
ENSG00000112763.16	962	251	863	812
ENSG00000112769.18	28	42	38	50
ENSG00000112773.15	124	77	155	123
ENSG00000112782.16	8698	7812	1475	4890
ENSG00000112787.13	2864	1531	1306	2521
ENSG00000112796.9	750	362	207	657
ENSG00000112799.8	10	4	5	13
ENSG00000112812.15	85	140	264	387
ENSG00000112837.16	4	97	12	0
ENSG00000112851.14	1551	1292	801	2754
ENSG00000112852.6	1028	216	615	7
ENSG00000112855.15	543	910	571	624
ENSG00000112874.9	273	217	272	100
ENSG00000112877.7	70	426	178	128
ENSG00000112893.9	545	618	117	917
ENSG00000112902.11	439	7	154	94
ENSG00000112941.13	497	1229	964	1220
ENSG00000112964.13	7	3	22	14
ENSG00000112972.14	1064	1532	1034	1636
ENSG00000112977.15	818	1120	1972	2033
ENSG00000112981.4	25	209	8	50
ENSG00000112983.17	1440	2104	843	1839
ENSG00000112984.11	158	1416	224	864
ENSG00000112992.16	460	1734	398	2034
ENSG00000112996.10	375	581	386	886
ENSG00000113013.13	4567	16568	11039	12406
ENSG00000113048.16	540	1151	179	942
ENSG00000113068.9	691	1176	801	968
ENSG00000113070.7	180	328	280	199
ENSG00000113073.14	1	3	10	6
ENSG00000113083.13	162	40	105	31
ENSG00000113108.19	263	688	815	959
ENSG00000113119.12	128	448	250	378
ENSG00000113140.10	4187	271	9005	14639
ENSG00000113141.17	1411	2849	2217	2897
ENSG00000113161.15	856	1803	363	761
ENSG00000113163.16	754	1870	417	994
ENSG00000113194.12	1075	1352	1181	1785
ENSG00000113205.5	563	13	22	262
ENSG00000113209.8	60	9	708	368
ENSG00000113211.5	65	7	73	15
ENSG00000113212.6	34	3	99	43
ENSG00000113231.13	12	19	4	31
ENSG00000113240.12	212	326	339	380
ENSG00000113248.5	30	23	302	24
ENSG00000113262.15	8	1	5	1
ENSG00000113263.12	0	4	3	3
ENSG00000113269.13	863	920	632	954
ENSG00000113272.13	148	364	238	422
ENSG00000113273.16	85	116	77	212
ENSG00000113282.13	1858	4404	5155	3678
ENSG00000113296.14	56	106	12	123
ENSG00000113300.11	1115	1281	1973	1060
ENSG00000113303.11	0	1	4	10
ENSG00000113312.10	636	824	1744	1344
ENSG00000113318.9	240	317	120	409
ENSG00000113319.12	4	0	6	6
ENSG00000113327.16	6	0	1	0
ENSG00000113328.18	893	1655	1223	1071
ENSG00000113356.11	47	100	61	88
ENSG00000113360.16	1079	1549	952	1611
ENSG00000113361.12	4033	250	4212	7178
ENSG00000113368.11	687	2166	488	1429
ENSG00000113369.8	632	1575	2522	2521
ENSG00000113384.13	1679	2694	795	3000
ENSG00000113387.11	1241	1550	1291	3155
ENSG00000113389.15	13	98	77	186
ENSG00000113391.18	387	306	314	390
ENSG00000113396.12	193	234	51	187
ENSG00000113407.13	1422	1776	1195	2999
ENSG00000113441.15	1511	833	1556	1290
ENSG00000113448.18	145	50	30	333
ENSG00000113456.18	284	334	171	605
ENSG00000113460.12	509	728	424	937
ENSG00000113494.16	92	10	23	12
ENSG00000113504.20	2233	3687	3096	4665
ENSG00000113522.13	98	112	59	163
ENSG00000113532.12	89	32	22	28
ENSG00000113552.15	789	869	598	1529
ENSG00000113555.5	10	17	5	3
ENSG00000113558.18	2421	2738	2345	3650
ENSG00000113569.15	655	896	487	1154
ENSG00000113575.9	1610	1964	1767	3249
ENSG00000113578.17	3	3	0	68
ENSG00000113580.14	407	580	968	1050
ENSG00000113583.7	1420	1320	902	2069
ENSG00000113593.11	373	459	249	566
ENSG00000113594.9	270	591	350	1209
ENSG00000113595.14	147	167	116	177
ENSG00000113597.17	394	361	337	754
ENSG00000113615.12	605	363	655	874
ENSG00000113621.14	347	495	543	1030
ENSG00000113638.13	126	168	93	200
ENSG00000113643.8	854	1268	1061	1511
ENSG00000113645.14	2382	2131	2236	3902
ENSG00000113648.16	2843	4331	3298	4962
ENSG00000113649.11	1785	2149	2760	1974
ENSG00000113657.12	10931	8291	2941	6481
ENSG00000113658.17	810	947	743	980
ENSG00000113712.17	1661	1332	2617	2798
ENSG00000113716.12	1323	1027	2371	1701
ENSG00000113719.15	2128	4739	2025	3575
ENSG00000113721.13	13	5	12	43
ENSG00000113732.8	1470	1317	2326	2570
ENSG00000113734.17	76	80	92	145
ENSG00000113739.10	304	1914	1266	2360
ENSG00000113742.12	1049	1216	1160	1775
ENSG00000113749.7	18	21	11	25
ENSG00000113758.13	3391	2772	1911	6096
ENSG00000113761.11	198	316	207	392
ENSG00000113763.11	414	112	35	49
ENSG00000113790.10	394	143	204	895
ENSG00000113805.8	36	354	165	7
ENSG00000113810.15	1162	2508	1719	6440
ENSG00000113811.10	476	540	1006	989
ENSG00000113812.13	318	905	376	418
ENSG00000113838.12	347	173	207	510
ENSG00000113845.9	834	963	837	3242
ENSG00000113851.14	408	513	376	203
ENSG00000113905.4	2	2	0	6
ENSG00000113916.17	1717	1275	1684	2637
ENSG00000113924.11	8	16	15	20
ENSG00000113946.3	1722	2267	2107	9446
ENSG00000113966.9	111	81	151	253
ENSG00000113971.19	216	164	143	345
ENSG00000114013.15	68	24	32	47
ENSG00000114019.14	3126	1886	1978	10033
ENSG00000114021.11	392	774	465	1539
ENSG00000114023.15	479	1119	1285	1489
ENSG00000114026.21	267	310	265	1069
ENSG00000114030.12	933	998	1056	3423
ENSG00000114054.13	441	680	942	2783
ENSG00000114062.19	1402	1945	1923	2175
ENSG00000114098.17	535	641	347	1890
ENSG00000114107.8	282	229	134	1142
ENSG00000114113.6	0	0	0	12
ENSG00000114115.9	1275	540	1780	5802
ENSG00000114120.12	1577	2819	1658	4939
ENSG00000114124.2	3	2	3	6
ENSG00000114125.13	605	761	1496	4764
ENSG00000114126.17	878	1153	825	3962
ENSG00000114127.10	721	436	826	1811
ENSG00000114166.7	43	244	377	204
ENSG00000114200.9	3	3	5	636
ENSG00000114204.14	4	12	0	22
ENSG00000114209.14	910	570	670	2074
ENSG00000114251.14	75	78	217	43
ENSG00000114268.11	177	823	393	147
ENSG00000114270.17	1436	519	352	479
ENSG00000114279.13	511	87	30	106
ENSG00000114302.15	566	12	1049	948
ENSG00000114315.3	492	215	441	514
ENSG00000114316.12	764	781	1239	1076
ENSG00000114331.13	2034	908	1205	2336
ENSG00000114346.13	1371	1018	664	2798
ENSG00000114349.9	3	0	1	2
ENSG00000114353.16	1788	2496	1915	2960
ENSG00000114354.13	1488	1474	1780	6541
ENSG00000114378.16	10	56	3	21
ENSG00000114383.9	231	358	551	591
ENSG00000114388.12	149	272	380	246
ENSG00000114391.12	3266	9849	7836	15413
ENSG00000114395.10	121	157	239	157
ENSG00000114405.10	26	1	37	92
ENSG00000114416.17	5126	2452	3380	6782
ENSG00000114423.20	1564	565	566	1683
ENSG00000114439.18	1110	1552	802	2644
ENSG00000114446.4	808	741	728	4710
ENSG00000114450.9	608	67	40	65
ENSG00000114455.13	2	9	1	7
ENSG00000114473.13	360	320	238	416
ENSG00000114480.12	259	811	425	271
ENSG00000114491.13	384	734	412	1843
ENSG00000114503.10	3595	2027	2367	4685
ENSG00000114520.10	635	1269	590	1743
ENSG00000114529.12	24	78	77	291
ENSG00000114541.14	866	871	814	578
ENSG00000114544.16	329	965	495	2266
ENSG00000114547.9	0	2	0	3
ENSG00000114554.11	2382	3311	2038	8095
ENSG00000114573.9	934	1125	1439	3554
ENSG00000114626.17	657	433	437	2435
ENSG00000114631.10	759	594	370	2081
ENSG00000114638.7	1051	494	564	964
ENSG00000114646.9	40	156	102	123
ENSG00000114648.11	285	451	410	480
ENSG00000114650.19	891	1764	1365	1712
ENSG00000114654.7	0	24	6	9
ENSG00000114656.11	9	11	16	40
ENSG00000114670.13	285	337	94	662
ENSG00000114686.8	1252	2009	1322	5463
ENSG00000114698.14	53	124	309	648
ENSG00000114735.9	379	949	413	763
ENSG00000114737.15	47	72	16	49
ENSG00000114738.10	393	721	539	815
ENSG00000114739.13	627	527	425	531
ENSG00000114742.13	457	984	725	876
ENSG00000114744.8	509	786	503	2089
ENSG00000114745.13	649	1284	964	1123
ENSG00000114757.18	5	2	1	1
ENSG00000114767.6	213	894	383	449
ENSG00000114770.16	2091	1055	2418	4385
ENSG00000114771.13	4	14	3	27
ENSG00000114779.19	175	2553	773	641
ENSG00000114784.3	293	357	753	822
ENSG00000114786.16	1	17	7	4
ENSG00000114790.12	42	16	18	3
ENSG00000114796.15	3705	1109	1761	4935
ENSG00000114805.17	7	34	6	2
ENSG00000114812.12	23	88	54	42
ENSG00000114841.17	207	904	168	318
ENSG00000114850.6	3416	2105	3614	9264
ENSG00000114853.13	103	568	612	475
ENSG00000114854.7	119	469	381	343
ENSG00000114857.17	2250	3003	3641	2590
ENSG00000114859.15	373	204	407	797
ENSG00000114861.20	242	362	57	301
ENSG00000114867.20	12599	7858	12896	24540
ENSG00000114902.13	589	1202	1152	1199
ENSG00000114904.12	295	914	399	380
ENSG00000114923.16	565	460	323	501
ENSG00000114933.15	671	593	507	690
ENSG00000114942.13	2287	10073	3118	3713
ENSG00000114948.12	0	4	0	0
ENSG00000114956.19	700	310	420	828
ENSG00000114978.17	3376	116	2885	3109
ENSG00000114982.17	1642	1307	1163	2361
ENSG00000114988.11	856	537	498	856
ENSG00000114993.16	1751	1226	1059	1239
ENSG00000114999.7	416	515	590	967
ENSG00000115008.5	6	2	12	59
ENSG00000115009.12	9	617	18	56
ENSG00000115020.16	1356	777	803	1068
ENSG00000115041.12	76	27	340	349
ENSG00000115042.9	223	370	335	627
ENSG00000115053.15	8579	15877	13566	21638
ENSG00000115073.7	1486	1411	1716	1927
ENSG00000115084.13	1088	597	1241	1904
ENSG00000115085.13	16	12	11	7
ENSG00000115091.11	3975	2382	3835	6047
ENSG00000115107.19	311	1017	671	1334
ENSG00000115109.13	1250	693	547	1077
ENSG00000115112.7	325	4191	553	867
ENSG00000115128.6	1187	1079	927	1195
ENSG00000115129.13	544	410	625	1081
ENSG00000115137.11	363	147	121	302
ENSG00000115138.10	5	1	1	1
ENSG00000115145.9	725	911	583	684
ENSG00000115155.17	8	2	2	20
ENSG00000115159.15	1053	1173	1189	1457
ENSG00000115163.14	118	124	80	385
ENSG00000115165.9	20	22	32	21
ENSG00000115170.13	421	288	317	452
ENSG00000115183.14	1191	936	854	1325
ENSG00000115194.10	19	0	12	14
ENSG00000115204.14	605	492	827	902
ENSG00000115207.13	2368	1817	1392	1985
ENSG00000115211.15	706	669	675	574
ENSG00000115216.13	2900	1321	1233	2435
ENSG00000115221.11	514	338	1010	482
ENSG00000115226.9	23	2	14	61
ENSG00000115232.13	29	26	10	28
ENSG00000115233.11	980	910	1172	1228
ENSG00000115234.10	1287	1145	874	2120
ENSG00000115239.21	41	23	81	144
ENSG00000115241.10	2538	2112	1896	3298
ENSG00000115252.18	9	131	210	165
ENSG00000115255.10	27	17	50	1
ENSG00000115257.15	200	28	48	136
ENSG00000115266.11	3	8	4	2
ENSG00000115267.6	355	198	497	354
ENSG00000115268.9	2075	5245	5556	6450
ENSG00000115271.10	892	306	510	360
ENSG00000115274.14	102	124	134	275
ENSG00000115275.12	1878	1218	1570	2632
ENSG00000115282.19	969	642	821	1211
ENSG00000115286.19	227	429	658	788
ENSG00000115289.13	321	185	370	361
ENSG00000115290.9	25	53	61	81
ENSG00000115295.19	951	342	707	1932
ENSG00000115297.10	2	0	1	2
ENSG00000115306.15	5379	7260	3762	9320
ENSG00000115307.16	2589	2524	3038	3225
ENSG00000115310.17	5748	1834	4522	6481
ENSG00000115317.11	433	568	484	628
ENSG00000115318.11	160	115	93	116
ENSG00000115325.13	265	87	105	231
ENSG00000115339.13	1926	1057	974	1279
ENSG00000115350.11	191	239	186	438
ENSG00000115353.10	79	10	2	9
ENSG00000115355.16	1069	578	300	1181
ENSG00000115361.7	0	4	10	0
ENSG00000115363.13	127	169	63	72
ENSG00000115364.13	686	504	442	827
ENSG00000115365.11	1098	795	594	846
ENSG00000115368.9	1475	912	563	1255
ENSG00000115380.19	307	48	313	388
ENSG00000115386.5	1	1651	14	4
ENSG00000115392.11	311	291	224	386
ENSG00000115414.18	15655	3363	10263	4604
ENSG00000115415.18	3779	1501	1756	3262
ENSG00000115419.12	2671	802	699	1555
ENSG00000115421.12	519	269	247	281
ENSG00000115423.18	194	179	50	29
ENSG00000115425.13	117	197	317	328
ENSG00000115446.11	567	476	556	933
ENSG00000115457.9	11538	5794	2325	12531
ENSG00000115459.17	365	179	249	534
ENSG00000115461.4	1003	691	729	826
ENSG00000115464.14	3508	2062	1819	2303
ENSG00000115468.11	356	32	197	181
ENSG00000115474.6	8	0	0	0
ENSG00000115484.14	3536	3662	2822	4077
ENSG00000115486.11	1194	889	1241	1248
ENSG00000115504.14	450	455	547	904
ENSG00000115507.9	23	50	18	11
ENSG00000115514.11	499	349	553	573
ENSG00000115520.8	726	412	657	549
ENSG00000115523.16	1	5	2	4
ENSG00000115524.15	14614	5621	8640	9452
ENSG00000115525.17	201	52	230	475
ENSG00000115526.10	251	317	221	430
ENSG00000115539.13	410	439	485	686
ENSG00000115540.14	982	575	721	579
ENSG00000115541.10	3689	2980	4411	3303
ENSG00000115548.16	2820	1069	1548	2734
ENSG00000115556.13	11	78	14	8
ENSG00000115561.15	2030	1357	1483	2065
ENSG00000115568.15	654	452	427	641
ENSG00000115590.13	8	23	90	44
ENSG00000115592.11	12	0	0	0
ENSG00000115594.11	2487	3099	1857	533
ENSG00000115596.3	417	9	34	54
ENSG00000115598.9	25	31	187	55
ENSG00000115602.16	0	4	788	3
ENSG00000115604.10	21	43	61	6
ENSG00000115616.2	238	326	1481	472
ENSG00000115641.18	584	670	1427	813
ENSG00000115648.13	306	612	428	1450
ENSG00000115649.15	1203	1344	1234	1309
ENSG00000115652.14	1261	591	1237	923
ENSG00000115657.13	97	169	168	187
ENSG00000115661.13	348	321	267	631
ENSG00000115677.16	7666	9370	8115	15643
ENSG00000115685.14	625	1084	756	898
ENSG00000115687.13	641	493	163	823
ENSG00000115694.14	2054	1746	1766	2426
ENSG00000115705.21	10	8	3	5
ENSG00000115718.17	9	24	5	34
ENSG00000115738.9	305	120	604	777
ENSG00000115750.16	407	308	170	532
ENSG00000115756.12	886	339	617	1137
ENSG00000115758.12	2162	2345	1822	4800
ENSG00000115760.14	2655	1675	1639	2118
ENSG00000115761.15	696	520	451	818
ENSG00000115762.16	2861	2274	2444	2982
ENSG00000115806.12	3020	1244	1741	2175
ENSG00000115808.11	1198	907	498	894
ENSG00000115816.14	1354	1025	1086	1423
ENSG00000115825.9	1016	532	246	651
ENSG00000115827.13	511	309	402	366
ENSG00000115828.16	43	2	29	163
ENSG00000115839.17	1181	1229	1398	1762
ENSG00000115840.13	371	427	592	502
ENSG00000115841.19	55	74	77	47
ENSG00000115844.10	1	0	4	2
ENSG00000115866.10	1586	2772	1599	2635
ENSG00000115875.18	2327	2279	2003	3817
ENSG00000115884.10	2514	856	382	1000
ENSG00000115896.15	9	13	94	6
ENSG00000115902.10	345	150	386	560
ENSG00000115904.12	1829	728	790	1472
ENSG00000115919.14	23	10	38	19
ENSG00000115935.17	244	58	201	168
ENSG00000115942.8	749	502	596	473
ENSG00000115944.14	1370	1290	1633	2534
ENSG00000115946.7	568	566	541	904
ENSG00000115947.13	917	1038	673	848
ENSG00000115956.9	138	32	43	100
ENSG00000115963.13	3731	1833	2622	2743
ENSG00000115966.16	1161	935	834	1054
ENSG00000115970.18	846	515	444	740
ENSG00000115977.18	1475	1231	1504	4365
ENSG00000115993.12	1304	650	1179	1646
ENSG00000115998.7	200	123	128	257
ENSG00000116001.15	4049	2297	1947	2267
ENSG00000116005.11	2323	1803	817	2277
ENSG00000116014.9	68	11	18	7
ENSG00000116016.13	1108	409	466	587
ENSG00000116017.10	809	31	274	367
ENSG00000116030.16	2400	1876	2054	3202
ENSG00000116031.8	44	1	0	5
ENSG00000116032.5	2	6	15	4
ENSG00000116035.3	153	14	30	94
ENSG00000116039.12	839	62	351	907
ENSG00000116044.15	2642	1344	602	2488
ENSG00000116062.14	1440	1283	730	1768
ENSG00000116095.10	809	385	297	566
ENSG00000116096.5	462	611	714	328
ENSG00000116106.11	659	169	184	127
ENSG00000116117.17	282	227	317	1016
ENSG00000116120.9	418	1102	989	796
ENSG00000116127.17	796	588	274	639
ENSG00000116128.10	1963	462	866	1890
ENSG00000116132.11	5	8	1	2
ENSG00000116133.12	2487	11392	7494	7220
ENSG00000116138.12	463	662	360	565
ENSG00000116141.15	14	49	1	81
ENSG00000116147.16	0	0	3	15
ENSG00000116151.13	123	328	102	447
ENSG00000116157.5	116	241	49	282
ENSG00000116161.17	2391	1699	2036	2825
ENSG00000116171.17	1157	1370	1094	2204
ENSG00000116183.10	3	10	1	3
ENSG00000116191.17	1985	564	1241	1154
ENSG00000116194.12	1	2	1	5
ENSG00000116198.12	619	765	866	603
ENSG00000116199.11	1851	1504	1048	2492
ENSG00000116205.13	194	354	101	455
ENSG00000116209.11	2873	2367	2432	5581
ENSG00000116212.14	558	401	250	1901
ENSG00000116213.15	290	554	347	581
ENSG00000116221.15	511	1405	650	2190
ENSG00000116237.15	1030	808	1020	1778
ENSG00000116251.10	3251	10365	8297	8747
ENSG00000116254.17	11	8	44	43
ENSG00000116260.16	11309	3552	4437	6606
ENSG00000116266.10	4080	1056	894	994
ENSG00000116273.5	493	288	197	403
ENSG00000116285.12	3091	2231	1870	1390
ENSG00000116288.12	1151	2904	2033	2585
ENSG00000116299.16	8	3	10	23
ENSG00000116329.10	2	0	2	5
ENSG00000116337.15	562	1007	1292	1385
ENSG00000116350.16	1765	2194	2052	2486
ENSG00000116353.15	242	428	330	476
ENSG00000116396.14	92	799	72	173
ENSG00000116406.18	1881	605	1222	1664
ENSG00000116455.13	302	471	575	793
ENSG00000116459.10	1389	2885	3444	2731
ENSG00000116473.14	587	681	1086	1147
ENSG00000116478.11	1729	1789	2213	3141
ENSG00000116489.12	2037	2042	2423	2999
ENSG00000116497.17	360	420	251	668
ENSG00000116514.16	355	297	153	844
ENSG00000116521.10	1008	1100	802	1413
ENSG00000116525.13	341	144	185	282
ENSG00000116539.12	2498	1600	1615	2602
ENSG00000116544.11	19	15	27	77
ENSG00000116560.10	6251	7037	6068	10571
ENSG00000116574.5	1705	1228	1930	2092
ENSG00000116580.18	2160	1207	1165	2104
ENSG00000116584.17	2342	1363	957	3486
ENSG00000116586.11	509	526	491	1366
ENSG00000116604.17	1738	984	1009	2469
ENSG00000116641.17	774	1347	312	1018
ENSG00000116649.9	240	763	865	998
ENSG00000116652.6	32	40	10	22
ENSG00000116661.10	374	7	649	902
ENSG00000116663.10	99	201	58	151
ENSG00000116667.13	755	79	123	442
ENSG00000116668.12	227	84	124	200
ENSG00000116670.14	315	312	253	474
ENSG00000116675.15	280	85	55	300
ENSG00000116678.19	243	145	55	134
ENSG00000116679.15	4332	1582	3309	4104
ENSG00000116685.15	877	1329	846	1688
ENSG00000116688.16	1592	2291	1656	2729
ENSG00000116690.12	69	339	90	35
ENSG00000116691.10	447	395	348	818
ENSG00000116698.21	3535	1988	2064	4445
ENSG00000116701.14	114	64	60	111
ENSG00000116704.7	147	274	191	330
ENSG00000116711.9	94	201	17	169
ENSG00000116717.12	1289	1489	677	2747
ENSG00000116729.13	657	1097	305	2127
ENSG00000116731.22	1169	822	974	2102
ENSG00000116741.7	94	63	117	38
ENSG00000116747.12	1143	527	696	534
ENSG00000116750.13	534	492	483	516
ENSG00000116752.5	1562	594	694	706
ENSG00000116754.13	4396	6260	9011	5974
ENSG00000116761.11	39	39	70	104
ENSG00000116771.5	16	38	29	68
ENSG00000116774.11	54	14	2	244
ENSG00000116785.13	52	5	11	9
ENSG00000116786.12	1132	901	822	2203
ENSG00000116791.13	268	279	524	368
ENSG00000116793.15	358	208	188	463
ENSG00000116809.11	468	268	395	742
ENSG00000116815.15	95	97	147	120
ENSG00000116819.7	13	104	7	22
ENSG00000116830.11	544	531	343	674
ENSG00000116833.13	73	64	1	0
ENSG00000116852.14	137	141	64	59
ENSG00000116857.16	1937	1862	1616	1873
ENSG00000116863.10	440	1523	440	1080
ENSG00000116871.15	1710	1863	1270	5582
ENSG00000116874.11	633	383	279	291
ENSG00000116883.8	174	787	32	337
ENSG00000116885.18	155	191	95	314
ENSG00000116898.11	447	842	795	1866
ENSG00000116903.7	431	242	527	451
ENSG00000116906.12	574	687	618	732
ENSG00000116918.13	841	492	781	623
ENSG00000116922.14	259	361	249	603
ENSG00000116954.7	377	506	269	1009
ENSG00000116962.14	10	0	7	16
ENSG00000116977.18	722	1009	952	1821
ENSG00000116983.12	5	5	12	126
ENSG00000116984.12	1143	1548	833	1972
ENSG00000116985.11	27	12	51	91
ENSG00000116990.10	134	69	184	582
ENSG00000116991.10	675	93	266	489
ENSG00000117000.8	712	1298	824	1091
ENSG00000117009.11	49	10	15	8
ENSG00000117010.16	66	45	65	90
ENSG00000117013.15	24	116	15	116
ENSG00000117016.9	158	64	128	636
ENSG00000117020.16	6	5	5	13
ENSG00000117036.11	1841	707	758	1182
ENSG00000117054.13	657	813	962	794
ENSG00000117069.14	297	211	753	151
ENSG00000117091.9	22	4	15	6
ENSG00000117114.19	2370	1946	254	2782
ENSG00000117115.12	194	441	279	674
ENSG00000117118.9	580	1198	1083	1259
ENSG00000117122.13	796	18	122	879
ENSG00000117133.10	394	521	483	626
ENSG00000117139.17	4864	1416	1792	3259
ENSG00000117143.13	541	546	528	899
ENSG00000117148.7	0	32	0	13
ENSG00000117151.12	232	90	205	246
ENSG00000117152.13	27	7	7	7
ENSG00000117153.15	1169	634	672	706
ENSG00000117155.16	391	251	574	823
ENSG00000117174.10	495	475	777	766
ENSG00000117215.14	0	1	0	1
ENSG00000117222.13	649	402	488	537
ENSG00000117226.11	309	452	445	742
ENSG00000117228.9	973	286	862	1301
ENSG00000117242.7	350	202	161	295
ENSG00000117245.12	38	35	4	99
ENSG00000117262.18	240	111	165	268
ENSG00000117266.15	631	617	1228	1018
ENSG00000117280.12	433	314	341	854
ENSG00000117281.15	3	1	3	1
ENSG00000117298.15	2380	1337	1254	3589
ENSG00000117305.14	308	412	270	597
ENSG00000117308.14	1036	1290	422	1258
ENSG00000117318.8	150	58	199	517
ENSG00000117322.17	11	73	2	2
ENSG00000117335.19	5643	5407	4738	4260
ENSG00000117360.12	1071	1204	1302	1278
ENSG00000117362.12	4801	3179	2897	7254
ENSG00000117385.15	294	395	609	662
ENSG00000117394.21	5828	16236	8919	6640
ENSG00000117395.12	687	1505	1115	2179
ENSG00000117399.13	194	1756	502	1414
ENSG00000117407.16	73	30	72	116
ENSG00000117408.10	349	407	642	1069
ENSG00000117410.13	1572	1608	2857	2476
ENSG00000117411.16	546	671	375	709
ENSG00000117419.15	497	959	837	1279
ENSG00000117425.13	5	17	14	46
ENSG00000117448.13	744	1232	1205	2432
ENSG00000117450.13	2609	3181	4577	4039
ENSG00000117461.14	278	461	425	295
ENSG00000117472.9	1051	1165	1105	1869
ENSG00000117475.13	539	274	507	729
ENSG00000117477.12	20	0	13	33
ENSG00000117479.13	506	275	361	519
ENSG00000117480.15	231	190	734	944
ENSG00000117481.10	351	464	766	735
ENSG00000117500.12	725	669	1521	1721
ENSG00000117505.12	914	597	1069	1294
ENSG00000117507.6	0	1	0	0
ENSG00000117519.15	1695	1108	2756	4006
ENSG00000117523.16	6511	6012	4015	4079
ENSG00000117525.13	376	1001	408	483
ENSG00000117528.12	350	692	877	786
ENSG00000117533.14	348	398	460	344
ENSG00000117543.20	185	401	276	405
ENSG00000117569.18	483	688	485	839
ENSG00000117586.10	37	10	20	28
ENSG00000117592.8	4026	3719	3414	7578
ENSG00000117593.10	801	506	417	1712
ENSG00000117594.9	2	0	1	0
ENSG00000117595.11	1148	680	756	1122
ENSG00000117597.17	563	1035	525	520
ENSG00000117600.12	14	2	3	2
ENSG00000117602.11	834	588	275	813
ENSG00000117614.9	794	1014	987	1486
ENSG00000117616.17	837	1487	2469	1844
ENSG00000117620.14	753	1234	784	919
ENSG00000117625.13	1058	881	803	1144
ENSG00000117632.22	3693	2708	1196	4486
ENSG00000117640.17	577	843	1155	1044
ENSG00000117643.14	38	40	41	65
ENSG00000117650.12	172	295	100	341
ENSG00000117676.13	557	960	601	682
ENSG00000117682.16	456	496	611	851
ENSG00000117691.9	330	438	354	728
ENSG00000117697.14	332	235	217	352
ENSG00000117713.19	3320	2272	2468	3720
ENSG00000117724.12	1083	2180	407	1901
ENSG00000117748.9	397	464	552	766
ENSG00000117751.17	780	691	630	1073
ENSG00000117758.13	510	400	448	605
ENSG00000117791.15	41	0	50	100
ENSG00000117859.18	987	1142	788	2185
ENSG00000117862.12	196	336	120	598
ENSG00000117868.15	3566	2169	4733	6170
ENSG00000117877.10	183	217	217	230
ENSG00000117899.10	892	328	550	981
ENSG00000117906.13	2590	837	859	1602
ENSG00000117971.11	6	11	15	35
ENSG00000117983.17	2	1552	102	60
ENSG00000117984.13	4351	4479	7279	6224
ENSG00000118004.17	9	0	2	51
ENSG00000118007.12	673	645	400	2495
ENSG00000118046.14	515	425	612	1039
ENSG00000118058.21	1635	1222	1699	1402
ENSG00000118094.11	26	11	45	14
ENSG00000118096.7	282	65	352	268
ENSG00000118113.11	0	3	0	0
ENSG00000118137.9	372	377	3799	1201
ENSG00000118156.12	2	9	19	15
ENSG00000118160.13	2	0	1	12
ENSG00000118162.13	63	34	38	183
ENSG00000118181.10	3440	4465	8985	9576
ENSG00000118193.11	254	347	132	301
ENSG00000118194.18	193	128	455	1197
ENSG00000118197.13	360	238	222	294
ENSG00000118200.14	1438	937	1167	1319
ENSG00000118217.5	1624	1326	817	2478
ENSG00000118231.4	0	0	3	0
ENSG00000118242.15	469	177	275	281
ENSG00000118246.13	891	561	408	792
ENSG00000118257.16	853	7406	2503	484
ENSG00000118260.14	1347	877	801	928
ENSG00000118263.14	981	908	360	263
ENSG00000118276.11	101	32	70	292
ENSG00000118292.8	50	26	39	62
ENSG00000118298.11	9	1	4	19
ENSG00000118307.18	143	88	28	39
ENSG00000118308.15	6	10	2	9
ENSG00000118322.13	229	808	118	96
ENSG00000118363.11	1529	1664	1868	1305
ENSG00000118369.12	281	252	513	346
ENSG00000118402.5	25	3	29	60
ENSG00000118407.14	76	14	27	164
ENSG00000118412.12	768	227	276	321
ENSG00000118418.14	974	577	1887	2311
ENSG00000118420.16	61	32	62	50
ENSG00000118454.12	461	313	708	530
ENSG00000118473.21	23	2	1	38
ENSG00000118482.11	1153	545	835	1639
ENSG00000118492.16	6	14	0	2
ENSG00000118495.19	356	16	21	205
ENSG00000118496.4	236	116	138	282
ENSG00000118503.14	1301	288	603	622
ENSG00000118507.16	15	31	64	75
ENSG00000118508.4	206	176	134	579
ENSG00000118513.18	116	35	34	77
ENSG00000118514.13	29	21	24	9
ENSG00000118515.11	1117	518	763	850
ENSG00000118518.15	774	155	650	734
ENSG00000118523.5	3599	2768	10894	6160
ENSG00000118557.15	75	39	23	7
ENSG00000118564.14	848	485	419	882
ENSG00000118579.12	1708	1473	1024	1444
ENSG00000118596.11	49	29	69	15
ENSG00000118600.11	300	399	211	513
ENSG00000118620.12	168	150	278	387
ENSG00000118640.10	1448	800	1765	2765
ENSG00000118655.5	145	156	154	288
ENSG00000118680.13	6273	4161	5074	17545
ENSG00000118689.14	2852	1210	1221	1548
ENSG00000118690.12	122	62	39	67
ENSG00000118705.16	8796	2851	3090	4987
ENSG00000118707.9	3239	1442	230	684
ENSG00000118729.11	7	0	1	25
ENSG00000118762.7	590	263	383	559
ENSG00000118777.11	1	0	1	0
ENSG00000118785.13	6859	4197	2845	3094
ENSG00000118804.8	56	56	18	50
ENSG00000118816.9	3132	2657	1764	4023
ENSG00000118849.9	82	555	6921	5794
ENSG00000118855.18	630	471	1195	2101
ENSG00000118873.15	1214	779	846	1113
ENSG00000118894.14	184	72	133	205
ENSG00000118898.15	5649	2164	7165	9057
ENSG00000118900.14	1451	545	967	1663
ENSG00000118922.17	710	299	209	344
ENSG00000118939.17	86	133	144	107
ENSG00000118946.11	721	0	3	0
ENSG00000118960.12	605	444	398	945
ENSG00000118961.14	150	194	160	202
ENSG00000118965.14	850	799	521	632
ENSG00000118971.7	21	7	5	700
ENSG00000118976.5	1	0	2	2
ENSG00000118985.15	175	477	211	127
ENSG00000118997.13	183	124	40	41
ENSG00000119004.15	243	205	176	264
ENSG00000119013.8	643	548	1051	656
ENSG00000119041.10	1414	657	773	950
ENSG00000119042.16	2	2	62	1
ENSG00000119048.7	1130	604	999	1464
ENSG00000119121.21	0	24	0	3
ENSG00000119125.16	44	38	106	10
ENSG00000119138.4	160	549	92	388
ENSG00000119139.19	398	338	300	199
ENSG00000119147.9	0	3	37	52
ENSG00000119185.12	1555	563	862	1010
ENSG00000119203.13	1138	628	464	896
ENSG00000119227.7	6	79	57	395
ENSG00000119231.10	1451	666	952	2861
ENSG00000119242.8	718	276	384	1039
ENSG00000119280.16	1718	937	1223	1703
ENSG00000119283.15	5	5	1	4
ENSG00000119285.10	1142	1434	1355	2098
ENSG00000119314.15	2386	1687	869	1752
ENSG00000119318.12	2880	3796	2394	3389
ENSG00000119321.8	661	655	446	743
ENSG00000119326.14	261	539	180	254
ENSG00000119328.11	342	314	178	280
ENSG00000119333.11	884	1368	536	1005
ENSG00000119335.16	6302	7808	4862	8620
ENSG00000119383.19	2453	3701	1593	2125
ENSG00000119392.14	632	890	240	469
ENSG00000119396.10	1579	1691	1072	1275
ENSG00000119397.16	474	261	158	361
ENSG00000119401.10	224	245	144	197
ENSG00000119402.16	1554	1651	710	1455
ENSG00000119403.14	161	265	159	654
ENSG00000119408.16	270	1103	324	426
ENSG00000119411.10	266	494	112	237
ENSG00000119414.11	678	873	600	932
ENSG00000119421.6	428	1113	523	539
ENSG00000119431.9	354	594	130	282
ENSG00000119446.13	458	515	246	388
ENSG00000119457.7	7	11	9	4
ENSG00000119471.14	380	346	319	342
ENSG00000119487.16	1105	1045	817	1631
ENSG00000119508.17	85	53	80	49
ENSG00000119509.12	196	247	87	276
ENSG00000119514.6	412	437	211	356
ENSG00000119522.16	438	577	219	438
ENSG00000119523.9	491	515	372	643
ENSG00000119535.17	170	22	239	53
ENSG00000119537.17	778	488	246	1214
ENSG00000119541.9	1200	660	388	1436
ENSG00000119547.5	3	105	4	13
ENSG00000119559.15	170	187	208	321
ENSG00000119574.12	272	86	102	523
ENSG00000119596.17	1454	1679	1140	2428
ENSG00000119599.16	166	354	335	756
ENSG00000119608.12	1	5	2	1
ENSG00000119616.11	779	1171	939	1608
ENSG00000119630.13	93	22	148	115
ENSG00000119632.3	120	70	364	433
ENSG00000119636.15	127	112	75	123
ENSG00000119638.12	744	1336	749	2141
ENSG00000119640.8	87	130	149	194
ENSG00000119650.12	266	303	233	577
ENSG00000119655.10	2942	3171	2762	4601
ENSG00000119661.14	556	580	386	697
ENSG00000119669.4	2373	1799	1250	3605
ENSG00000119673.14	97	121	136	218
ENSG00000119681.11	1493	314	641	1676
ENSG00000119682.16	1379	910	1226	2301
ENSG00000119684.15	290	406	259	484
ENSG00000119685.19	505	579	416	1053
ENSG00000119686.9	60	46	54	82
ENSG00000119688.20	1087	1184	921	1567
ENSG00000119689.14	1312	2427	1603	2480
ENSG00000119698.11	2	9	7	25
ENSG00000119699.7	124	33	47	116
ENSG00000119703.13	77	108	80	143
ENSG00000119705.9	274	683	763	994
ENSG00000119707.13	5052	6530	5710	6991
ENSG00000119711.12	388	411	513	939
ENSG00000119714.10	1	6	3	13
ENSG00000119715.15	38	12	11	11
ENSG00000119718.10	244	392	402	939
ENSG00000119720.17	749	642	611	803
ENSG00000119723.16	246	323	325	591
ENSG00000119725.18	64	46	45	133
ENSG00000119729.11	1506	1308	1048	3694
ENSG00000119737.5	69	13	31	72
ENSG00000119760.15	1505	864	880	2149
ENSG00000119771.14	630	305	333	528
ENSG00000119772.16	4352	1215	1514	3591
ENSG00000119777.19	1215	797	1000	2352
ENSG00000119778.14	420	193	196	282
ENSG00000119782.13	170	28	71	75
ENSG00000119787.13	2787	1272	1057	2697
ENSG00000119801.12	1719	778	1339	2075
ENSG00000119812.18	714	700	976	692
ENSG00000119820.10	2236	1188	1335	1811
ENSG00000119844.15	1402	586	937	1289
ENSG00000119862.12	317	193	257	721
ENSG00000119865.8	5	2	2	4
ENSG00000119866.21	290	60	54	141
ENSG00000119878.5	580	265	484	635
ENSG00000119888.10	11508	5624	4344	11614
ENSG00000119899.12	1252	200	535	1018
ENSG00000119900.8	359	175	265	236
ENSG00000119906.12	899	534	400	1347
ENSG00000119912.16	669	269	434	1136
ENSG00000119915.4	10	1	35	39
ENSG00000119917.13	581	221	278	2259
ENSG00000119922.9	497	97	187	2476
ENSG00000119927.13	314	311	190	585
ENSG00000119929.12	135	136	146	167
ENSG00000119938.8	15	1	80	144
ENSG00000119943.12	121	80	49	566
ENSG00000119946.10	1	95	7	9
ENSG00000119950.20	1263	1358	670	1778
ENSG00000119953.12	718	567	542	1220
ENSG00000119965.12	167	59	133	294
ENSG00000119969.14	279	393	311	933
ENSG00000119977.20	812	502	551	1427
ENSG00000119979.17	476	343	243	895
ENSG00000119986.6	162	72	144	315
ENSG00000120008.15	1611	1630	1023	2170
ENSG00000120029.12	536	592	382	1095
ENSG00000120049.19	61	27	73	77
ENSG00000120051.14	13	13	1	19
ENSG00000120053.11	611	1057	1070	1619
ENSG00000120055.7	51	41	31	26
ENSG00000120057.4	7	2	19	10
ENSG00000120063.9	1237	1421	523	1660
ENSG00000120068.6	245	0	117	23
ENSG00000120071.14	1384	704	675	1694
ENSG00000120075.5	580	28	33	17
ENSG00000120093.11	2923	137	1649	937
ENSG00000120129.5	1339	2969	953	1955
ENSG00000120137.6	1509	1843	966	1763
ENSG00000120156.20	1	11	8	6
ENSG00000120158.11	140	294	275	207
ENSG00000120159.12	316	315	494	341
ENSG00000120160.10	1	2	5	0
ENSG00000120162.9	472	254	255	397
ENSG00000120210.7	1	0	18	0
ENSG00000120217.13	16	9	10	20
ENSG00000120251.19	48	3	7	1
ENSG00000120253.13	501	417	397	804
ENSG00000120254.15	740	560	418	775
ENSG00000120256.10	70	54	39	117
ENSG00000120262.9	48	167	7	13
ENSG00000120265.17	1039	707	903	1794
ENSG00000120278.16	1052	393	312	973
ENSG00000120280.5	12	5	11	3
ENSG00000120306.10	300	1408	569	1268
ENSG00000120314.18	978	2413	1235	1286
ENSG00000120318.15	411	487	314	610
ENSG00000120322.3	34	11	167	48
ENSG00000120324.8	22	22	151	77
ENSG00000120327.6	131	53	173	112
ENSG00000120328.6	105	29	47	25
ENSG00000120333.4	364	221	325	713
ENSG00000120334.15	160	124	105	337
ENSG00000120337.8	1	0	2	5
ENSG00000120341.18	13	5	6	16
ENSG00000120370.12	284	257	236	234
ENSG00000120437.8	295	442	333	286
ENSG00000120438.11	4905	2490	2656	4172
ENSG00000120440.14	0	0	0	0
ENSG00000120451.10	1335	499	1482	2960
ENSG00000120457.11	28	15	19	552
ENSG00000120458.11	249	64	364	351
ENSG00000120471.15	0	9	6	17
ENSG00000120509.10	168	276	311	743
ENSG00000120519.14	99	76	145	191
ENSG00000120526.10	777	873	306	474
ENSG00000120533.12	1375	2074	697	1163
ENSG00000120539.14	302	94	165	605
ENSG00000120549.17	4051	1539	1732	4926
ENSG00000120555.13	4	3	0	4
ENSG00000120594.16	1046	418	209	1694
ENSG00000120616.15	1105	300	603	1804
ENSG00000120645.11	347	147	399	246
ENSG00000120647.9	168	246	159	255
ENSG00000120656.11	167	216	280	223
ENSG00000120658.13	9	0	15	43
ENSG00000120659.14	0	2	3	1
ENSG00000120662.15	248	93	157	177
ENSG00000120664.10	4	3	7	14
ENSG00000120669.15	10	0	2	5
ENSG00000120675.5	20	123	261	435
ENSG00000120685.19	1381	510	781	1246
ENSG00000120686.11	1711	757	1675	1433
ENSG00000120688.8	337	129	214	328
ENSG00000120690.15	1962	463	941	1065
ENSG00000120693.13	9	10	84	94
ENSG00000120694.19	5577	1955	6396	5396
ENSG00000120696.8	212	51	122	151
ENSG00000120697.8	389	196	360	397
ENSG00000120699.12	414	323	458	294
ENSG00000120705.12	1870	4131	2546	3800
ENSG00000120708.16	570	398	755	797
ENSG00000120709.10	989	2325	637	1613
ENSG00000120725.12	365	828	750	960
ENSG00000120727.12	843	1916	1368	1299
ENSG00000120733.13	1991	3513	1794	2460
ENSG00000120738.7	2707	1731	2352	5571
ENSG00000120742.10	2325	1706	3830	11709
ENSG00000120756.12	390	803	456	602
ENSG00000120784.16	197	93	139	404
ENSG00000120798.16	577	591	414	887
ENSG00000120800.4	568	525	349	959
ENSG00000120802.13	2100	2075	1027	3481
ENSG00000120805.13	1730	986	1325	2380
ENSG00000120820.12	4	5	1	26
ENSG00000120832.9	220	258	221	674
ENSG00000120833.13	13	66	1	3
ENSG00000120837.7	562	477	328	991
ENSG00000120860.10	201	133	187	498
ENSG00000120868.13	906	423	311	710
ENSG00000120875.8	1694	1920	37	33
ENSG00000120885.21	6708	7186	31890	9871
ENSG00000120889.12	2680	1343	890	2399
ENSG00000120896.13	2093	177	543	2177
ENSG00000120899.17	1039	204	809	908
ENSG00000120910.14	185	83	66	196
ENSG00000120913.23	682	372	361	577
ENSG00000120915.13	277	280	185	391
ENSG00000120925.15	764	736	388	656
ENSG00000120942.13	297	451	287	608
ENSG00000120948.17	2127	2415	2427	3553
ENSG00000120949.14	8	4	4	21
ENSG00000120963.11	2024	1551	860	848
ENSG00000120992.17	1551	2348	717	1007
ENSG00000121005.8	268	187	70	7
ENSG00000121022.13	1379	1351	1021	1533
ENSG00000121039.9	201	156	182	353
ENSG00000121057.12	688	1585	884	973
ENSG00000121058.4	536	457	414	724
ENSG00000121060.17	1685	1903	1620	2076
ENSG00000121064.12	559	209	1745	1050
ENSG00000121067.17	565	856	689	903
ENSG00000121068.13	1706	12	7	8
ENSG00000121073.14	1025	626	766	1229
ENSG00000121075.10	0	3	2	9
ENSG00000121089.4	2	4	2	3
ENSG00000121101.15	21	2	6	0
ENSG00000121104.7	236	324	258	540
ENSG00000121152.9	149	423	126	618
ENSG00000121207.11	35	50	82	20
ENSG00000121210.15	48	191	101	350
ENSG00000121211.7	26	87	46	79
ENSG00000121236.20	38	32	39	152
ENSG00000121270.15	9	5	18	6
ENSG00000121274.12	274	199	347	409
ENSG00000121281.12	542	363	359	603
ENSG00000121289.17	533	623	410	1546
ENSG00000121297.6	5	19	9	12
ENSG00000121310.16	770	1437	624	2160
ENSG00000121316.10	233	114	163	390
ENSG00000121318.2	3	2	2	5
ENSG00000121350.15	473	320	304	502
ENSG00000121351.7	0	13	0	0
ENSG00000121361.3	0	12	1	0
ENSG00000121380.12	9	24	0	3
ENSG00000121390.18	1341	655	593	1474
ENSG00000121406.8	227	83	139	557
ENSG00000121410.11	1	3	8	79
ENSG00000121413.12	1817	505	1238	6539
ENSG00000121417.13	230	46	203	1098
ENSG00000121440.14	94	21	110	76
ENSG00000121454.5	19	95	32	25
ENSG00000121481.10	601	329	364	766
ENSG00000121486.11	584	367	392	775
ENSG00000121542.11	178	179	171	538
ENSG00000121552.3	10	8	23	133
ENSG00000121577.13	18	7	19	67
ENSG00000121578.12	358	347	316	1571
ENSG00000121579.12	1880	2893	2212	6246
ENSG00000121594.11	5	1	3	1
ENSG00000121621.6	108	231	72	367
ENSG00000121634.5	12	1	1	8
ENSG00000121644.18	1585	753	975	1311
ENSG00000121653.11	1222	606	316	1169
ENSG00000121671.11	629	325	261	264
ENSG00000121680.15	346	270	357	481
ENSG00000121690.10	6	6	7	22
ENSG00000121691.5	651	2721	555	1088
ENSG00000121716.20	372	388	1177	1004
ENSG00000121741.16	2921	985	2223	5021
ENSG00000121742.17	15	1	14	72
ENSG00000121743.3	1	7	1	6
ENSG00000121749.15	690	693	553	1212
ENSG00000121753.12	274	57	275	526
ENSG00000121764.11	1	0	0	5
ENSG00000121766.15	375	510	334	821
ENSG00000121769.7	175	83	23	1579
ENSG00000121774.17	3110	3298	1974	4226
ENSG00000121775.17	170	257	160	440
ENSG00000121797.9	10	4	9	7
ENSG00000121807.5	0	4	0	4
ENSG00000121851.12	171	54	209	345
ENSG00000121858.10	1449	53	266	980
ENSG00000121864.9	896	480	661	1801
ENSG00000121879.4	1602	574	549	1628
ENSG00000121892.14	1916	2335	1504	1624
ENSG00000121897.14	131	399	239	168
ENSG00000121898.12	1607	10	13	625
ENSG00000121900.18	400	273	288	195
ENSG00000121903.14	98	111	67	100
ENSG00000121904.17	4	15	6	21
ENSG00000121905.9	5	6	3	14
ENSG00000121931.15	304	189	356	499
ENSG00000121933.18	16	13	5	16
ENSG00000121940.15	2842	812	793	856
ENSG00000121957.13	1105	362	335	472
ENSG00000121964.14	160	158	373	294
ENSG00000121966.6	41	156	164	107
ENSG00000121988.17	113	180	99	194
ENSG00000121989.14	301	284	259	187
ENSG00000122008.15	370	400	140	528
ENSG00000122012.13	64	9	3	2
ENSG00000122025.14	0	4	0	4
ENSG00000122026.10	4956	7584	12290	11007
ENSG00000122033.14	302	187	326	373
ENSG00000122034.14	842	842	1582	1219
ENSG00000122035.6	7	64	25	48
ENSG00000122042.9	1473	395	465	896
ENSG00000122068.12	2893	1025	2056	3387
ENSG00000122085.16	349	635	523	628
ENSG00000122122.9	47	23	24	46
ENSG00000122126.16	473	637	403	1496
ENSG00000122133.16	8	726	4	28
ENSG00000122136.13	12	445	1	20
ENSG00000122140.10	429	1203	530	622
ENSG00000122176.11	192	203	304	1219
ENSG00000122188.12	3	3	2	3
ENSG00000122203.14	1486	1332	1641	1638
ENSG00000122218.15	4350	3805	4388	9123
ENSG00000122223.12	0	2	4	1
ENSG00000122254.6	9	1	1	3
ENSG00000122257.19	1970	1218	1392	2689
ENSG00000122299.11	836	340	754	1138
ENSG00000122335.15	412	106	118	185
ENSG00000122359.17	5042	5188	4810	10790
ENSG00000122367.19	16	3	2	21
ENSG00000122376.11	700	303	372	1294
ENSG00000122378.13	1359	521	1506	3081
ENSG00000122386.10	346	391	247	506
ENSG00000122390.18	962	312	693	1406
ENSG00000122406.13	6165	22993	14913	18661
ENSG00000122417.15	692	496	625	1113
ENSG00000122432.17	4	11	11	11
ENSG00000122435.9	264	249	428	339
ENSG00000122477.12	28	24	17	36
ENSG00000122481.16	63	81	52	154
ENSG00000122482.20	957	1056	887	1065
ENSG00000122483.17	57	169	123	204
ENSG00000122484.8	414	793	589	522
ENSG00000122490.18	747	625	260	552
ENSG00000122507.20	173	166	130	397
ENSG00000122512.15	362	116	184	456
ENSG00000122515.14	2515	1976	1602	5529
ENSG00000122545.19	2339	1755	1221	3620
ENSG00000122547.10	58	91	70	132
ENSG00000122550.17	659	144	210	1039
ENSG00000122557.9	498	301	318	1109
ENSG00000122565.18	3727	2225	2091	9109
ENSG00000122566.21	12904	9861	12111	27480
ENSG00000122574.10	31	40	15	173
ENSG00000122585.7	75	0	7	4
ENSG00000122591.11	185	32	195	593
ENSG00000122592.7	0	59	12	359
ENSG00000122641.10	86	1	0	2
ENSG00000122642.10	2607	1687	921	4110
ENSG00000122643.19	436	563	196	665
ENSG00000122644.12	161	93	83	392
ENSG00000122674.11	483	186	299	435
ENSG00000122678.16	597	352	273	1110
ENSG00000122679.8	0	0	1	3
ENSG00000122687.17	432	230	204	650
ENSG00000122691.12	3	7	2	1
ENSG00000122692.8	905	1134	1013	1065
ENSG00000122694.15	375	86	193	188
ENSG00000122696.13	124	123	228	122
ENSG00000122705.16	1728	3012	3138	2778
ENSG00000122707.11	46	100	85	107
ENSG00000122728.6	3	4	0	1
ENSG00000122729.18	284	384	726	337
ENSG00000122733.12	12	1	0	25
ENSG00000122735.15	53	52	9	12
ENSG00000122741.15	537	762	903	764
ENSG00000122756.14	17	15	4	109
ENSG00000122778.9	528	111	273	638
ENSG00000122779.17	694	257	639	1023
ENSG00000122783.16	727	209	750	1144
ENSG00000122786.19	3932	581	2175	5397
ENSG00000122824.10	0	4	2	10
ENSG00000122861.15	576	138	145	559
ENSG00000122862.4	619	284	451	601
ENSG00000122863.5	43	28	166	734
ENSG00000122870.11	23	20	117	4
ENSG00000122873.11	275	214	248	483
ENSG00000122877.15	75	13	102	248
ENSG00000122882.10	540	283	350	1258
ENSG00000122884.12	2971	1982	1948	2423
ENSG00000122912.14	502	311	533	1694
ENSG00000122952.16	546	520	422	1475
ENSG00000122958.14	1436	499	845	2664
ENSG00000122965.10	742	748	1089	1245
ENSG00000122966.15	352	686	268	886
ENSG00000122970.15	507	389	245	868
ENSG00000122971.8	226	322	102	389
ENSG00000122986.13	9	4	6	18
ENSG00000123009.4	0	5	0	0
ENSG00000123064.12	1525	2160	1586	2733
ENSG00000123066.8	2662	1488	1907	3653
ENSG00000123080.10	16	745	114	332
ENSG00000123091.4	1192	828	978	2094
ENSG00000123094.15	167	1223	377	245
ENSG00000123095.5	744	7205	8317	7891
ENSG00000123096.11	110	592	706	821
ENSG00000123104.11	652	357	302	588
ENSG00000123106.10	263	293	362	795
ENSG00000123119.11	6	15	0	3
ENSG00000123124.13	1200	999	627	841
ENSG00000123130.16	326	502	359	688
ENSG00000123131.12	338	1084	500	589
ENSG00000123136.14	960	1875	1578	3734
ENSG00000123143.12	2280	5027	2439	10483
ENSG00000123144.10	1544	7996	2496	4325
ENSG00000123146.19	917	1528	559	1269
ENSG00000123154.11	109	427	186	343
ENSG00000123159.15	2819	3241	4283	7447
ENSG00000123178.14	222	180	336	212
ENSG00000123179.13	279	816	395	542
ENSG00000123191.14	398	264	277	354
ENSG00000123200.16	1861	872	1177	1695
ENSG00000123201.14	21	136	30	58
ENSG00000123213.22	816	1562	316	855
ENSG00000123219.12	75	217	48	251
ENSG00000123240.16	2497	429	1251	5859
ENSG00000123243.14	871	74	952	1861
ENSG00000123268.8	477	302	370	561
ENSG00000123297.17	433	273	379	806
ENSG00000123329.17	37	24	18	79
ENSG00000123338.12	130	77	91	108
ENSG00000123342.15	111	64	96	52
ENSG00000123349.13	2387	2374	2446	3522
ENSG00000123352.17	531	195	347	569
ENSG00000123353.9	655	519	629	806
ENSG00000123358.19	2034	1115	1223	1509
ENSG00000123360.11	13	53	12	112
ENSG00000123364.4	0	39	5	4
ENSG00000123374.10	1371	627	561	1547
ENSG00000123384.13	4754	577	2867	6508
ENSG00000123388.4	1	21	1	0
ENSG00000123395.14	1143	752	852	1680
ENSG00000123405.13	8	16	18	34
ENSG00000123411.14	279	104	140	287
ENSG00000123415.15	758	354	416	710
ENSG00000123416.15	7236	12764	5243	13864
ENSG00000123427.16	121	103	77	164
ENSG00000123444.13	505	459	319	326
ENSG00000123453.17	35	16	11	57
ENSG00000123472.12	516	856	975	1384
ENSG00000123473.15	192	389	110	524
ENSG00000123485.11	254	440	343	1168
ENSG00000123496.7	3	11	10	26
ENSG00000123500.9	1	0	0	0
ENSG00000123505.15	1026	982	1291	1828
ENSG00000123545.5	286	167	294	242
ENSG00000123552.17	214	151	208	225
ENSG00000123562.16	2847	3452	2889	7055
ENSG00000123569.8	0	2	0	10
ENSG00000123570.3	16	7	0	30
ENSG00000123575.8	673	950	833	1607
ENSG00000123584.7	0	0	0	12
ENSG00000123595.7	192	211	138	507
ENSG00000123600.19	327	390	361	458
ENSG00000123607.14	429	282	258	326
ENSG00000123609.10	563	421	317	916
ENSG00000123610.4	4	1	0	0
ENSG00000123612.15	21	4	63	13
ENSG00000123636.17	1669	416	905	1073
ENSG00000123643.12	202	128	450	681
ENSG00000123684.12	670	1019	484	1175
ENSG00000123685.8	10	4	6	14
ENSG00000123689.5	24	13	31	34
ENSG00000123700.4	11	20	2	1
ENSG00000123728.9	263	372	700	885
ENSG00000123737.12	293	363	247	468
ENSG00000123739.10	383	508	501	611
ENSG00000123810.7	87	77	46	203
ENSG00000123815.11	524	315	766	2836
ENSG00000123836.14	861	240	1682	952
ENSG00000123843.12	1	13	2	3
ENSG00000123870.10	86	51	33	52
ENSG00000123892.11	27	109	29	92
ENSG00000123901.8	6	8	7	14
ENSG00000123908.11	3502	4061	2595	2471
ENSG00000123933.16	1067	1906	644	1189
ENSG00000123965.13	12	10	4	2
ENSG00000123975.4	286	614	231	555
ENSG00000123977.9	1	32	5	16
ENSG00000123983.13	1407	865	1066	1466
ENSG00000123989.13	2143	773	1162	2054
ENSG00000123992.19	893	1080	746	1194
ENSG00000123999.4	59	5	10	88
ENSG00000124003.12	0	3	1	0
ENSG00000124006.14	3048	3666	1784	3865
ENSG00000124019.9	1	1	0	1
ENSG00000124067.16	946	372	494	845
ENSG00000124074.11	163	32	153	246
ENSG00000124092.12	1049	0	1474	255
ENSG00000124097.7	10	6	3	7
ENSG00000124098.9	1060	805	998	1651
ENSG00000124102.4	52	48	274	417
ENSG00000124103.8	3	6	6	11
ENSG00000124104.18	424	194	254	273
ENSG00000124107.5	5764	2352	29501	17352
ENSG00000124116.18	15	10	13	17
ENSG00000124120.10	786	437	1320	1265
ENSG00000124126.13	658	282	252	576
ENSG00000124134.8	28	2	145	124
ENSG00000124140.13	4	6	38	39
ENSG00000124143.10	265	88	461	58
ENSG00000124145.6	5275	5598	10500	6307
ENSG00000124151.18	2326	1072	1356	2235
ENSG00000124155.17	3010	1240	3436	4157
ENSG00000124159.15	4	0	13	29
ENSG00000124160.11	1336	728	1189	1387
ENSG00000124164.15	1928	830	1346	2329
ENSG00000124171.8	1866	622	889	1105
ENSG00000124172.9	2224	1533	4473	4933
ENSG00000124177.14	3140	1655	2472	1991
ENSG00000124181.14	2534	1085	2121	1893
ENSG00000124191.17	88	78	81	216
ENSG00000124193.14	6249	3496	8514	6292
ENSG00000124194.16	0	0	4	12
ENSG00000124198.8	2944	1386	1590	2540
ENSG00000124201.14	2515	646	1734	2628
ENSG00000124207.16	2770	1954	1728	2864
ENSG00000124209.3	1344	604	1347	1995
ENSG00000124212.5	127	95	146	544
ENSG00000124214.19	4365	2108	1955	4164
ENSG00000124215.16	12	7	29	22
ENSG00000124216.3	17	9	56	61
ENSG00000124217.4	499	267	273	626
ENSG00000124222.22	3145	1738	4072	5294
ENSG00000124224.16	71	70	169	348
ENSG00000124225.15	1273	676	1119	1200
ENSG00000124226.10	2220	1188	2266	2212
ENSG00000124228.14	2333	1247	1904	2561
ENSG00000124232.10	5	0	3	4
ENSG00000124237.5	18	14	0	3
ENSG00000124243.17	412	277	399	697
ENSG00000124249.6	547	170	1693	1701
ENSG00000124251.10	5	4	4	2
ENSG00000124253.10	210	19	17	1198
ENSG00000124256.14	10	4	9	117
ENSG00000124257.6	59	84	74	128
ENSG00000124260.11	3	0	1	951
ENSG00000124275.14	301	743	841	533
ENSG00000124279.11	99	182	165	143
ENSG00000124299.13	516	548	648	1889
ENSG00000124302.12	3	1	1	5
ENSG00000124313.14	154	257	130	563
ENSG00000124343.13	1	3	0	10
ENSG00000124356.15	1117	774	795	1206
ENSG00000124357.12	1557	1017	1121	1765
ENSG00000124370.10	66	75	83	95
ENSG00000124374.8	380	103	281	409
ENSG00000124380.10	698	348	351	629
ENSG00000124383.8	967	557	924	1131
ENSG00000124391.4	0	3	0	3
ENSG00000124406.16	86	345	215	61
ENSG00000124422.11	4737	2585	3001	6122
ENSG00000124429.17	140	69	24	620
ENSG00000124440.15	728	33	717	1140
ENSG00000124444.15	137	96	229	205
ENSG00000124459.11	164	46	164	166
ENSG00000124466.8	273	5	35	32
ENSG00000124479.9	0	3	0	1
ENSG00000124486.12	1999	2213	1631	2597
ENSG00000124491.15	33	8	16	14
ENSG00000124493.13	5	2	3	85
ENSG00000124496.12	484	283	105	485
ENSG00000124507.10	110	16	11	164
ENSG00000124508.16	202	83	273	352
ENSG00000124523.15	489	537	559	800
ENSG00000124532.14	661	406	740	986
ENSG00000124535.15	1121	1100	879	1692
ENSG00000124541.6	533	173	411	691
ENSG00000124549.14	62	20	73	105
ENSG00000124562.9	791	487	818	1481
ENSG00000124570.19	746	1890	807	1342
ENSG00000124571.17	1124	2457	1035	1690
ENSG00000124574.14	782	578	497	1128
ENSG00000124575.6	2	12	1	20
ENSG00000124587.13	461	124	510	1747
ENSG00000124588.19	368	225	190	348
ENSG00000124593.16	158	46	103	103
ENSG00000124596.16	343	134	208	410
ENSG00000124602.9	88	66	53	102
ENSG00000124608.4	437	977	384	510
ENSG00000124613.8	81	50	80	117
ENSG00000124614.15	1363	2335	3090	3251
ENSG00000124615.19	232	138	165	411
ENSG00000124635.8	11	34	24	95
ENSG00000124641.15	380	124	318	329
ENSG00000124657.1	1	3	8	12
ENSG00000124659.6	429	113	245	915
ENSG00000124664.10	8	60	1	4
ENSG00000124678.17	15	1	1	6
ENSG00000124688.13	295	335	195	407
ENSG00000124702.17	1680	764	880	2317
ENSG00000124713.5	1	4	0	3
ENSG00000124721.17	1	2	0	2
ENSG00000124731.12	59	52	46	97
ENSG00000124733.4	796	417	669	1029
ENSG00000124743.5	97	11	13	43
ENSG00000124749.16	0	30	8	2
ENSG00000124762.13	643	129	137	373
ENSG00000124766.6	4179	1845	748	1536
ENSG00000124767.6	2781	1378	1335	2310
ENSG00000124772.11	2	2	2	4
ENSG00000124780.13	0	4	0	2
ENSG00000124782.19	1461	974	534	2140
ENSG00000124783.13	3163	2006	2575	2977
ENSG00000124784.8	411	348	322	582
ENSG00000124785.8	3	0	1	28
ENSG00000124786.11	431	244	626	624
ENSG00000124787.13	85	245	177	217
ENSG00000124788.18	699	350	411	981
ENSG00000124789.11	1268	1485	924	1727
ENSG00000124795.15	2271	2855	1781	4264
ENSG00000124802.11	182	216	253	372
ENSG00000124813.21	77	131	16	42
ENSG00000124831.18	3364	2661	2630	3545
ENSG00000124839.12	260	892	684	1270
ENSG00000124875.9	16	8	13	5
ENSG00000124882.3	28	10	39	17
ENSG00000124915.10	5	2	4	2
ENSG00000124920.13	3451	4274	3111	2785
ENSG00000124935.3	12	150	74	68
ENSG00000124939.5	63	162	102	59
ENSG00000124942.13	21444	29633	27353	22119
ENSG00000125037.12	607	855	712	1770
ENSG00000125046.14	31	19	19	189
ENSG00000125089.16	503	584	72	315
ENSG00000125107.17	2298	2140	2968	3175
ENSG00000125122.15	27	5	35	60
ENSG00000125124.11	602	411	832	970
ENSG00000125144.13	1481	2533	8288	302
ENSG00000125148.6	1657	3293	2781	827
ENSG00000125149.11	266	160	290	291
ENSG00000125166.12	739	1072	1376	1257
ENSG00000125170.10	405	253	568	544
ENSG00000125207.7	2	31	11	12
ENSG00000125246.15	134	97	155	81
ENSG00000125247.15	1239	955	708	799
ENSG00000125249.6	662	538	653	840
ENSG00000125257.14	237	1722	251	320
ENSG00000125266.7	4052	1009	608	4678
ENSG00000125285.5	0	4	0	1
ENSG00000125304.9	5270	2747	6211	4916
ENSG00000125319.14	83	122	41	206
ENSG00000125337.17	63	1	2	4
ENSG00000125347.13	754	963	280	1910
ENSG00000125351.11	194	436	214	557
ENSG00000125352.5	107	191	141	314
ENSG00000125354.22	103	130	73	445
ENSG00000125355.15	9	3	0	60
ENSG00000125356.6	500	1352	1125	1933
ENSG00000125375.14	410	629	427	935
ENSG00000125378.15	14	79	37	115
ENSG00000125384.6	21	12	569	58
ENSG00000125386.15	879	771	246	785
ENSG00000125388.19	34	50	16	38
ENSG00000125398.6	800	566	431	1235
ENSG00000125409.12	14	3	1	7
ENSG00000125430.8	4	16	21	24
ENSG00000125434.10	40	25	91	388
ENSG00000125445.10	954	1098	574	1642
ENSG00000125447.17	2130	995	1025	2841
ENSG00000125449.6	176	188	128	328
ENSG00000125450.10	802	788	341	1596
ENSG00000125454.11	202	325	150	392
ENSG00000125457.14	198	140	78	364
ENSG00000125458.6	573	1172	266	737
ENSG00000125459.15	463	264	497	709
ENSG00000125462.16	7	5	3	6
ENSG00000125482.12	393	330	121	294
ENSG00000125484.11	1132	1225	432	837
ENSG00000125485.17	229	489	251	301
ENSG00000125503.12	1258	479	767	3141
ENSG00000125505.16	1900	737	1803	2178
ENSG00000125508.3	40	3	5	11
ENSG00000125510.15	105	7	14	144
ENSG00000125520.13	1180	1715	1405	1956
ENSG00000125531.6	200	11	37	64
ENSG00000125534.9	3402	1172	4683	4385
ENSG00000125538.11	30	8	29	52
ENSG00000125551.18	3	3	1	3
ENSG00000125611.15	256	185	369	466
ENSG00000125618.16	5327	3005	5972	8550
ENSG00000125629.14	493	795	422	325
ENSG00000125630.15	582	624	653	797
ENSG00000125633.10	973	1348	608	790
ENSG00000125637.15	914	761	947	1531
ENSG00000125648.14	3122	2889	1083	1668
ENSG00000125650.4	40	49	8	45
ENSG00000125651.13	1841	2242	706	1352
ENSG00000125652.7	616	1408	627	805
ENSG00000125656.9	501	1023	262	423
ENSG00000125657.4	32	976	84	26
ENSG00000125676.19	754	1307	491	1819
ENSG00000125686.11	931	2888	368	997
ENSG00000125691.12	5450	32822	5141	13345
ENSG00000125703.14	161	150	79	162
ENSG00000125726.10	2	87	10	7
ENSG00000125730.16	1960	6307	17734	13642
ENSG00000125731.12	1970	1672	687	1134
ENSG00000125733.17	1836	1604	610	1306
ENSG00000125734.15	1106	1144	630	763
ENSG00000125735.10	18	77	18	110
ENSG00000125740.13	3562	1826	4916	3329
ENSG00000125741.4	501	253	406	460
ENSG00000125743.10	1236	1288	1553	1343
ENSG00000125744.11	128	37	89	69
ENSG00000125746.16	936	206	581	931
ENSG00000125753.13	1751	553	1173	1377
ENSG00000125755.18	1146	1061	1171	1630
ENSG00000125772.12	590	1210	589	882
ENSG00000125775.14	266	54	96	541
ENSG00000125779.22	1288	1095	611	1306
ENSG00000125780.11	32	4	2	23
ENSG00000125787.11	1	3	0	9
ENSG00000125788.5	1	0	0	3
ENSG00000125798.14	130	116	0	5
ENSG00000125804.13	36	5	1	2
ENSG00000125810.9	64	31	67	96
ENSG00000125812.15	649	181	290	408
ENSG00000125814.17	546	181	497	723
ENSG00000125817.7	2671	1556	2559	3128
ENSG00000125818.17	1908	2920	2214	2881
ENSG00000125821.12	450	240	601	888
ENSG00000125823.12	1	0	2	6
ENSG00000125826.20	1842	1522	2835	3609
ENSG00000125827.8	798	844	893	951
ENSG00000125834.12	2232	1670	1245	1970
ENSG00000125835.18	3734	5033	3381	4979
ENSG00000125841.12	897	574	1107	1202
ENSG00000125843.10	378	458	381	619
ENSG00000125844.15	6948	3288	6460	11900
ENSG00000125845.6	26	0	13	1
ENSG00000125846.15	465	95	441	1038
ENSG00000125848.9	159	39	10	56
ENSG00000125850.10	205	153	232	301
ENSG00000125851.9	0	9	12	0
ENSG00000125863.19	487	193	427	773
ENSG00000125864.13	20	21	6	25
ENSG00000125868.15	4012	1476	3095	4469
ENSG00000125869.9	1	7	8	104
ENSG00000125870.10	1340	450	818	1631
ENSG00000125871.13	773	237	614	836
ENSG00000125872.7	99	8	53	711
ENSG00000125875.13	1344	1000	1364	1593
ENSG00000125877.12	1508	2459	1224	1826
ENSG00000125878.6	13	107	19	66
ENSG00000125885.13	631	503	382	752
ENSG00000125895.5	23	41	25	41
ENSG00000125898.12	293	41	153	167
ENSG00000125901.5	1117	1632	1014	1400
ENSG00000125910.5	4	1	0	4
ENSG00000125912.10	672	888	696	1230
ENSG00000125944.19	2396	2825	2445	5056
ENSG00000125945.14	312	225	254	444
ENSG00000125952.18	797	921	1148	1860
ENSG00000125954.12	0	0	0	1
ENSG00000125962.14	167	182	137	495
ENSG00000125965.8	19	1	1	42
ENSG00000125966.9	255	353	52	923
ENSG00000125967.16	499	830	656	1884
ENSG00000125968.8	587	984	1255	2240
ENSG00000125970.11	3639	2801	2109	5566
ENSG00000125971.16	2449	1018	1382	2618
ENSG00000125977.6	3247	2548	3101	7102
ENSG00000125991.19	5829	3158	3131	14753
ENSG00000125995.15	732	871	1044	3204
ENSG00000125998.7	0	0	3	3
ENSG00000125999.10	0	5	92	62
ENSG00000126001.15	1905	1277	1036	6231
ENSG00000126003.6	2308	1199	497	2088
ENSG00000126005.16	901	630	1137	2889
ENSG00000126012.11	1438	2247	1813	6084
ENSG00000126016.15	1226	989	952	2785
ENSG00000126062.3	375	470	647	719
ENSG00000126067.11	1144	1405	1421	2560
ENSG00000126070.19	783	1444	704	1671
ENSG00000126088.13	343	652	927	1510
ENSG00000126091.20	41	69	82	127
ENSG00000126106.13	187	92	130	221
ENSG00000126107.14	596	983	1153	1199
ENSG00000126214.21	939	992	824	1867
ENSG00000126215.13	172	386	171	441
ENSG00000126216.14	475	638	396	874
ENSG00000126217.20	690	1036	419	701
ENSG00000126218.11	8	29	12	14
ENSG00000126226.21	582	701	621	960
ENSG00000126233.1	0	10	0	0
ENSG00000126243.8	101	48	144	478
ENSG00000126246.9	8	1	9	58
ENSG00000126247.10	2541	1520	3408	7478
ENSG00000126249.7	71	145	146	350
ENSG00000126254.11	610	486	1001	4413
ENSG00000126259.19	29	0	6	52
ENSG00000126261.12	1111	1446	1717	4255
ENSG00000126262.4	10	0	5	5
ENSG00000126264.9	33	7	21	85
ENSG00000126266.3	34	30	1	81
ENSG00000126267.9	1135	915	2471	4662
ENSG00000126351.12	460	1252	157	1033
ENSG00000126353.3	2	4	3	0
ENSG00000126368.5	148	181	131	338
ENSG00000126391.13	1263	668	577	1069
ENSG00000126432.13	3301	3333	4481	4259
ENSG00000126453.9	275	102	274	351
ENSG00000126456.15	1749	831	1931	1368
ENSG00000126457.21	2415	1648	2012	2002
ENSG00000126458.3	460	85	265	426
ENSG00000126460.10	123	88	148	85
ENSG00000126461.14	1950	824	1422	1892
ENSG00000126464.13	1253	659	838	1128
ENSG00000126500.3	9	4	2	9
ENSG00000126522.16	297	453	689	608
ENSG00000126524.9	1038	786	1604	1432
ENSG00000126561.16	234	518	121	1181
ENSG00000126562.16	7	9	5	7
ENSG00000126581.12	814	1378	743	1650
ENSG00000126583.10	2	13	18	94
ENSG00000126602.10	1373	1863	1741	2027
ENSG00000126603.8	1512	428	1050	2197
ENSG00000126653.17	430	320	337	884
ENSG00000126698.10	1035	1152	790	1037
ENSG00000126705.14	1145	2930	1359	1684
ENSG00000126709.14	2004	964	3587	1374
ENSG00000126746.17	1465	1009	1047	2125
ENSG00000126749.15	629	554	376	1082
ENSG00000126752.7	0	1	58	11
ENSG00000126756.11	220	561	341	1317
ENSG00000126759.13	14	20	4	38
ENSG00000126767.17	342	794	407	1779
ENSG00000126768.12	307	1047	411	976
ENSG00000126773.12	726	720	733	1051
ENSG00000126775.8	516	585	301	1093
ENSG00000126777.17	3868	3670	3090	6983
ENSG00000126778.9	30	218	54	5
ENSG00000126787.12	177	449	137	765
ENSG00000126790.11	108	290	100	576
ENSG00000126803.9	1132	6	129	1477
ENSG00000126804.13	755	627	591	1347
ENSG00000126814.6	263	375	200	329
ENSG00000126821.7	75	27	149	132
ENSG00000126822.16	2033	1074	1822	3339
ENSG00000126838.9	1	1	10	0
ENSG00000126856.14	4	0	1	0
ENSG00000126858.17	622	346	283	789
ENSG00000126860.11	21	13	9	23
ENSG00000126870.15	594	314	567	1292
ENSG00000126878.12	2683	3841	881	1426
ENSG00000126882.12	22	16	20	36
ENSG00000126883.16	955	1431	693	1370
ENSG00000126890.13	2	0	0	168
ENSG00000126895.14	110	6	42	343
ENSG00000126903.15	535	627	970	934
ENSG00000126934.13	623	901	1057	1904
ENSG00000126945.8	886	1368	724	2997
ENSG00000126947.12	233	50	99	953
ENSG00000126950.7	2	0	1	54
ENSG00000126953.6	74	195	94	349
ENSG00000126970.15	70	0	27	161
ENSG00000127022.14	15124	12896	13558	22215
ENSG00000127054.20	1269	1916	2119	2655
ENSG00000127080.9	304	306	427	292
ENSG00000127081.13	59	32	91	87
ENSG00000127084.18	194	98	272	156
ENSG00000127124.15	66	54	174	306
ENSG00000127125.8	613	854	826	1042
ENSG00000127129.9	320	92	42	265
ENSG00000127152.17	3	2	0	53
ENSG00000127184.12	2206	5041	2764	5620
ENSG00000127191.17	364	653	258	481
ENSG00000127220.5	191	124	196	1018
ENSG00000127241.16	26	1	13	76
ENSG00000127249.14	18	24	4	8
ENSG00000127252.5	20	48	33	101
ENSG00000127311.9	297	370	143	224
ENSG00000127314.17	1520	1386	1056	2414
ENSG00000127324.8	9	120	0	7
ENSG00000127328.21	1372	656	466	922
ENSG00000127329.15	83	1380	8	15
ENSG00000127334.10	2329	1190	1187	2590
ENSG00000127337.6	249	249	170	443
ENSG00000127364.3	22	20	14	18
ENSG00000127366.5	28	19	21	28
ENSG00000127377.9	13	2	6	13
ENSG00000127399.14	532	24	268	1287
ENSG00000127412.6	7	1	0	0
ENSG00000127415.12	167	325	55	688
ENSG00000127418.14	545	616	966	1130
ENSG00000127419.16	201	217	288	386
ENSG00000127423.10	36	96	53	123
ENSG00000127445.13	757	2332	481	1788
ENSG00000127452.8	510	465	152	919
ENSG00000127463.14	1364	1617	1085	1709
ENSG00000127472.10	0	12	0	0
ENSG00000127481.14	3199	6176	3074	3559
ENSG00000127483.17	2972	4278	3272	4309
ENSG00000127507.17	75	21	31	41
ENSG00000127511.9	1310	3104	1340	4476
ENSG00000127526.14	1285	4175	1541	3383
ENSG00000127527.13	416	1003	609	1463
ENSG00000127528.5	39	165	29	405
ENSG00000127533.3	27	25	28	169
ENSG00000127540.11	436	574	1053	899
ENSG00000127554.12	412	215	331	518
ENSG00000127561.14	278	27	236	184
ENSG00000127564.16	259	471	168	604
ENSG00000127578.6	19	5	10	78
ENSG00000127580.16	230	91	148	529
ENSG00000127585.11	166	70	243	219
ENSG00000127586.16	758	567	851	1564
ENSG00000127588.4	0	1	2	3
ENSG00000127589.4	19	12	6	39
ENSG00000127603.25	4655	8517	3112	5853
ENSG00000127616.18	4963	9857	1771	6869
ENSG00000127663.14	1624	1925	653	1163
ENSG00000127666.9	391	245	113	381
ENSG00000127720.7	51	84	40	165
ENSG00000127774.6	228	170	229	463
ENSG00000127804.12	528	349	443	862
ENSG00000127824.13	295	1551	442	734
ENSG00000127831.10	29	39	16	10
ENSG00000127837.9	1765	2367	1680	2718
ENSG00000127838.13	2491	1842	1625	2310
ENSG00000127863.15	143	84	18	195
ENSG00000127870.16	782	232	802	1109
ENSG00000127884.4	1309	977	2028	2870
ENSG00000127903.13	22	38	5	13
ENSG00000127914.16	1531	1034	1744	1378
ENSG00000127920.5	17	139	17	191
ENSG00000127922.9	1013	1506	1076	1458
ENSG00000127928.12	16	2	36	14
ENSG00000127946.16	1462	2222	1124	1976
ENSG00000127947.15	2444	1447	2555	2349
ENSG00000127948.15	2468	2211	6517	1950
ENSG00000127951.6	36	48	51	67
ENSG00000127952.16	313	419	887	666
ENSG00000127954.12	60	415	94	270
ENSG00000127955.16	751	441	850	298
ENSG00000127957.17	117	132	369	258
ENSG00000127980.15	644	506	832	508
ENSG00000127989.13	212	183	295	282
ENSG00000127990.17	644	317	373	1059
ENSG00000127993.15	352	182	585	305
ENSG00000127995.16	249	384	200	516
ENSG00000128000.15	312	171	220	827
ENSG00000128011.4	37	43	35	492
ENSG00000128016.5	1097	548	1059	3190
ENSG00000128039.10	172	933	109	295
ENSG00000128040.10	1	1	1	7
ENSG00000128045.6	5	3	5	7
ENSG00000128050.8	886	2387	1000	1362
ENSG00000128052.9	31	87	11	215
ENSG00000128059.8	222	423	330	341
ENSG00000128159.11	549	755	1382	1456
ENSG00000128165.8	164	33	217	425
ENSG00000128185.9	130	233	677	577
ENSG00000128191.15	834	727	1064	1727
ENSG00000128203.6	26	41	19	95
ENSG00000128218.7	1	6	0	20
ENSG00000128228.4	300	134	1057	2039
ENSG00000128242.12	11	6	14	42
ENSG00000128245.14	903	1920	644	2511
ENSG00000128253.13	2	7	17	9
ENSG00000128254.13	2	0	0	7
ENSG00000128262.8	2	0	0	20
ENSG00000128266.8	94	291	90	286
ENSG00000128268.11	560	304	789	685
ENSG00000128272.14	3723	3389	3542	7699
ENSG00000128274.16	162	639	148	503
ENSG00000128283.6	591	620	414	1438
ENSG00000128284.19	43	67	57	750
ENSG00000128294.15	122	139	130	302
ENSG00000128298.16	11	17	19	20
ENSG00000128309.16	197	406	263	637
ENSG00000128311.13	120	159	71	525
ENSG00000128335.13	498	932	1606	1453
ENSG00000128340.14	33	94	21	93
ENSG00000128342.4	998	600	2844	1960
ENSG00000128346.10	18	26	12	37
ENSG00000128383.12	99	3	17	12
ENSG00000128394.16	54	157	38	178
ENSG00000128408.8	38	91	12	49
ENSG00000128422.16	7514	290	889	5438
ENSG00000128463.12	1146	1354	1675	1824
ENSG00000128482.15	32	40	5	144
ENSG00000128487.16	1510	781	1156	2079
ENSG00000128510.11	159	11	38	186
ENSG00000128512.20	520	452	285	249
ENSG00000128513.14	350	289	344	422
ENSG00000128524.4	835	431	1467	1764
ENSG00000128534.7	794	611	573	1499
ENSG00000128536.15	24	149	13	30
ENSG00000128563.13	776	877	541	1242
ENSG00000128564.6	41	9	2	20
ENSG00000128567.16	2052	1130	2142	9807
ENSG00000128578.9	15	8	28	49
ENSG00000128581.15	474	580	267	868
ENSG00000128585.17	865	439	668	1531
ENSG00000128590.4	497	140	862	1733
ENSG00000128591.15	1570	92	650	3258
ENSG00000128594.7	74	15	100	18
ENSG00000128595.16	4653	1135	3280	7127
ENSG00000128596.16	17	5	12	69
ENSG00000128602.9	605	150	232	506
ENSG00000128604.19	222	89	158	318
ENSG00000128606.12	11	19	34	15
ENSG00000128607.13	1625	860	920	1954
ENSG00000128609.14	1380	1180	1521	1721
ENSG00000128626.11	387	242	544	1388
ENSG00000128641.18	1418	1095	97	1013
ENSG00000128645.14	44	451	3	32
ENSG00000128652.11	0	27	0	8
ENSG00000128654.13	821	713	679	797
ENSG00000128655.17	129	17	6	4
ENSG00000128656.13	192	17	40	140
ENSG00000128683.13	1	33	9	7
ENSG00000128692.8	8	10	6	32
ENSG00000128694.11	236	179	86	199
ENSG00000128699.13	1177	1042	489	1010
ENSG00000128708.12	737	691	672	1024
ENSG00000128709.12	0	135	11	19
ENSG00000128731.16	1705	2528	2316	2249
ENSG00000128739.22	3	358	1024	562
ENSG00000128789.20	616	366	508	1714
ENSG00000128791.11	890	740	1376	2550
ENSG00000128805.14	12	91	28	82
ENSG00000128815.19	32	19	27	67
ENSG00000128829.11	783	711	516	1334
ENSG00000128833.12	690	2174	521	1287
ENSG00000128849.10	144	79	91	213
ENSG00000128872.9	36	107	214	227
ENSG00000128881.16	295	331	218	480
ENSG00000128886.11	10	44	7	21
ENSG00000128891.15	194	229	220	292
ENSG00000128908.16	671	823	394	920
ENSG00000128915.11	510	865	334	692
ENSG00000128917.7	44	18	2	18
ENSG00000128918.14	43	26	98	68
ENSG00000128923.10	1228	818	497	1288
ENSG00000128928.8	984	1769	1085	2381
ENSG00000128944.13	198	233	145	614
ENSG00000128951.13	513	1624	470	2453
ENSG00000128965.12	77	67	99	295
ENSG00000128973.12	357	1517	373	709
ENSG00000128989.10	2232	2190	1118	2144
ENSG00000129003.17	1581	2127	794	1203
ENSG00000129007.14	34	47	6	51
ENSG00000129009.12	17	0	2	111
ENSG00000129028.8	46	74	21	197
ENSG00000129038.15	317	57	104	643
ENSG00000129048.6	3	2	1	5
ENSG00000129055.12	503	304	459	1663
ENSG00000129071.9	430	410	424	1778
ENSG00000129083.12	2355	2228	1663	3874
ENSG00000129084.17	1129	1129	733	1406
ENSG00000129103.17	1480	1523	862	2426
ENSG00000129116.18	768	658	512	1548
ENSG00000129128.12	1724	798	2549	2310
ENSG00000129151.8	13	40	71	146
ENSG00000129152.3	8	0	5	3
ENSG00000129158.10	123	176	106	164
ENSG00000129159.7	7	4	1	33
ENSG00000129167.9	45	66	18	45
ENSG00000129173.12	80	162	92	393
ENSG00000129187.14	544	580	755	1000
ENSG00000129194.7	289	4	25	8
ENSG00000129195.15	72	116	47	323
ENSG00000129197.14	1153	673	620	1458
ENSG00000129204.16	25	2	3	7
ENSG00000129214.14	0	11	0	9
ENSG00000129219.13	633	339	499	942
ENSG00000129226.13	68	56	48	52
ENSG00000129235.10	366	547	295	702
ENSG00000129244.8	9	1	2	9
ENSG00000129245.11	691	1001	373	871
ENSG00000129250.11	2431	1529	4981	5924
ENSG00000129255.15	594	1294	363	1037
ENSG00000129292.20	1471	1475	2131	1230
ENSG00000129295.8	142	220	103	149
ENSG00000129315.10	1538	876	664	1074
ENSG00000129317.14	912	454	477	332
ENSG00000129347.19	1035	2607	929	2463
ENSG00000129351.17	10768	20247	4673	16851
ENSG00000129353.14	6207	7478	4606	7840
ENSG00000129354.11	990	3697	749	3054
ENSG00000129355.6	186	239	112	277
ENSG00000129422.14	2050	1206	490	718
ENSG00000129437.10	18	57	1	32
ENSG00000129450.8	23	11	17	26
ENSG00000129451.11	1585	2288	1031	1721
ENSG00000129455.15	385	428	1196	384
ENSG00000129460.15	518	448	383	747
ENSG00000129465.15	219	6	144	160
ENSG00000129467.13	36	20	11	41
ENSG00000129472.14	648	314	418	1838
ENSG00000129473.9	834	1218	1266	1402
ENSG00000129474.15	2239	867	1093	2521
ENSG00000129480.12	237	240	202	427
ENSG00000129484.13	521	478	465	2535
ENSG00000129493.14	530	361	333	714
ENSG00000129514.5	3	425	1	0
ENSG00000129515.18	1814	1209	932	1718
ENSG00000129518.8	452	473	442	812
ENSG00000129521.13	997	455	174	418
ENSG00000129534.13	389	559	193	679
ENSG00000129535.12	21	12	17	50
ENSG00000129538.13	666	421	55	250
ENSG00000129559.12	975	784	861	1302
ENSG00000129562.10	1639	1408	1684	1803
ENSG00000129566.12	995	482	506	2882
ENSG00000129595.12	794	841	210	872
ENSG00000129625.12	1149	2007	543	1540
ENSG00000129636.12	1285	373	803	1021
ENSG00000129646.14	92	88	19	163
ENSG00000129654.7	1746	2057	54	143
ENSG00000129657.15	1370	1461	315	888
ENSG00000129667.12	1111	798	173	864
ENSG00000129673.9	0	8	0	0
ENSG00000129675.15	21	64	21	36
ENSG00000129680.15	95	508	416	588
ENSG00000129682.15	21	97	147	3
ENSG00000129691.15	953	987	289	644
ENSG00000129696.12	181	200	50	138
ENSG00000129744.2	4	47	0	0
ENSG00000129749.3	11	22	13	8
ENSG00000129757.13	1022	670	149	997
ENSG00000129810.14	51	158	72	147
ENSG00000129910.7	17	0	42	62
ENSG00000129911.8	472	552	510	1014
ENSG00000129925.10	1973	649	1303	1842
ENSG00000129932.8	143	136	198	319
ENSG00000129933.20	1147	1286	974	1970
ENSG00000129946.10	85	2	33	69
ENSG00000129951.18	5	1	3	1
ENSG00000129968.15	479	361	786	1010
ENSG00000129990.14	38	2	0	144
ENSG00000129991.12	194	49	18	283
ENSG00000129993.14	16	4	3	4
ENSG00000130005.12	41	257	120	5
ENSG00000130021.13	144	133	130	567
ENSG00000130023.15	326	196	159	210
ENSG00000130024.14	1967	817	510	1097
ENSG00000130032.15	11	4	1	49
ENSG00000130035.7	1	0	0	40
ENSG00000130037.4	6	2	0	8
ENSG00000130038.9	19	43	11	46
ENSG00000130045.16	40	65	17	53
ENSG00000130052.13	38	23	11	21
ENSG00000130054.4	66	35	33	261
ENSG00000130055.13	6	2	8	3
ENSG00000130066.16	1713	2876	539	1104
ENSG00000130119.15	185	350	177	621
ENSG00000130147.15	2774	2185	2139	2761
ENSG00000130150.11	293	279	268	190
ENSG00000130158.13	983	1250	399	1052
ENSG00000130159.13	230	1307	225	1155
ENSG00000130164.13	993	10580	641	776
ENSG00000130165.10	475	1601	489	1393
ENSG00000130175.9	6721	18299	3657	12443
ENSG00000130176.7	8	3	2	117
ENSG00000130177.15	1156	1203	769	1702
ENSG00000130182.7	0	0	1	2
ENSG00000130193.7	954	2363	1160	582
ENSG00000130202.9	5026	1344	1924	7444
ENSG00000130203.9	4195	793	1064	4629
ENSG00000130204.12	806	1087	841	1117
ENSG00000130208.9	209	98	143	270
ENSG00000130222.10	18	78	41	124
ENSG00000130224.14	15	0	0	207
ENSG00000130226.16	1	50	5	158
ENSG00000130227.16	2631	1919	979	1297
ENSG00000130234.10	3	3	1	0
ENSG00000130244.12	193	87	403	717
ENSG00000130254.11	1085	1892	1036	1499
ENSG00000130255.12	4683	14207	6247	7188
ENSG00000130270.16	5	101	13	6
ENSG00000130287.13	0	0	0	13
ENSG00000130294.16	7814	2147	1152	12381
ENSG00000130299.16	379	1342	559	1575
ENSG00000130300.8	186	175	13	28
ENSG00000130303.12	2920	8181	11445	2789
ENSG00000130304.16	331	952	460	1044
ENSG00000130305.16	597	594	683	1543
ENSG00000130307.11	15	3	0	27
ENSG00000130309.10	1629	4967	1289	4041
ENSG00000130311.10	1016	1838	1059	3177
ENSG00000130312.6	231	813	473	998
ENSG00000130313.6	348	2048	763	2152
ENSG00000130332.14	321	319	414	736
ENSG00000130338.12	1302	549	438	792
ENSG00000130340.15	1637	742	270	996
ENSG00000130347.12	72	50	90	109
ENSG00000130348.11	240	148	245	424
ENSG00000130349.9	162	138	204	213
ENSG00000130363.11	341	177	265	405
ENSG00000130382.8	2615	2009	634	1559
ENSG00000130383.7	11	0	0	0
ENSG00000130396.20	16892	3100	4109	8260
ENSG00000130402.11	17405	5336	14050	28247
ENSG00000130413.15	133	344	60	707
ENSG00000130414.11	1761	2740	1698	2710
ENSG00000130429.14	1300	1610	2402	2425
ENSG00000130449.5	632	582	287	538
ENSG00000130475.14	248	255	196	414
ENSG00000130477.15	10	64	12	80
ENSG00000130479.10	440	399	347	1337
ENSG00000130487.7	15	0	58	784
ENSG00000130489.14	8	16	21	60
ENSG00000130508.10	9085	4527	3187	12722
ENSG00000130511.15	598	645	765	2263
ENSG00000130513.6	299	1405	502	1702
ENSG00000130517.13	711	695	1205	1992
ENSG00000130518.16	179	199	55	841
ENSG00000130520.10	923	1244	1561	2475
ENSG00000130522.5	2607	2560	2296	6213
ENSG00000130528.11	74	0	0	6
ENSG00000130529.15	794	290	431	764
ENSG00000130540.13	3	220	32	204
ENSG00000130544.11	257	232	74	346
ENSG00000130545.15	772	834	276	482
ENSG00000130558.19	1	0	1	67
ENSG00000130559.18	1188	998	815	894
ENSG00000130560.8	468	858	604	673
ENSG00000130561.16	0	3	3	2
ENSG00000130584.10	1109	195	519	1080
ENSG00000130589.16	3862	1155	1502	2037
ENSG00000130590.13	371	198	326	345
ENSG00000130592.15	166	141	103	170
ENSG00000130595.18	82	1	7	239
ENSG00000130598.15	154	7	56	311
ENSG00000130600.18	90440	82555	49	42901
ENSG00000130612.14	2	0	0	5
ENSG00000130635.15	588	28	462	2733
ENSG00000130638.16	810	740	841	1725
ENSG00000130640.13	839	631	1294	2066
ENSG00000130649.9	41	180	11	27
ENSG00000130653.15	106	69	126	173
ENSG00000130669.17	906	621	983	3320
ENSG00000130675.14	0	1	0	0
ENSG00000130684.13	978	723	415	933
ENSG00000130695.15	331	515	370	635
ENSG00000130699.18	1114	688	850	1022
ENSG00000130700.6	5	8	1	106
ENSG00000130701.3	121	88	82	30
ENSG00000130702.15	36788	25125	25153	31429
ENSG00000130703.16	2255	1609	2104	2252
ENSG00000130706.12	1297	1370	1899	2452
ENSG00000130707.17	3737	13019	5538	5716
ENSG00000130713.15	401	858	331	515
ENSG00000130714.15	394	709	276	501
ENSG00000130717.12	236	509	170	349
ENSG00000130723.19	5797	6762	3133	5849
ENSG00000130724.8	1051	661	1361	3088
ENSG00000130725.7	905	560	1052	3788
ENSG00000130726.11	3822	2675	3142	14283
ENSG00000130731.15	526	441	816	1012
ENSG00000130733.10	1376	3037	1128	3168
ENSG00000130734.9	569	1071	240	826
ENSG00000130741.10	1401	3583	1822	5374
ENSG00000130748.6	194	159	358	417
ENSG00000130749.9	1045	607	507	1073
ENSG00000130751.9	27	6	13	53
ENSG00000130755.12	30	11	15	23
ENSG00000130758.7	141	77	152	1350
ENSG00000130762.14	714	381	372	667
ENSG00000130764.9	751	1221	752	1339
ENSG00000130766.4	342	155	321	746
ENSG00000130768.14	370	562	416	585
ENSG00000130770.17	442	1399	1528	1261
ENSG00000130772.13	201	153	125	117
ENSG00000130775.15	1336	541	936	776
ENSG00000130779.20	2849	868	1640	3727
ENSG00000130783.13	6	3	4	14
ENSG00000130787.13	1391	923	559	1252
ENSG00000130803.14	720	1523	353	1542
ENSG00000130810.19	195	744	153	643
ENSG00000130811.11	1434	5930	1105	4230
ENSG00000130812.10	24	40	30	16
ENSG00000130813.17	379	824	342	933
ENSG00000130816.15	1276	4017	735	3338
ENSG00000130818.11	747	1265	149	739
ENSG00000130821.15	646	3233	1031	997
ENSG00000130822.15	18	122	102	106
ENSG00000130826.17	544	3422	2068	1938
ENSG00000130827.6	1751	3635	4400	6103
ENSG00000130829.17	112	163	164	144
ENSG00000130830.14	154	82	280	188
ENSG00000130844.17	282	181	369	424
ENSG00000130856.16	384	265	71	411
ENSG00000130876.11	4	0	40	70
ENSG00000130881.13	187	585	434	1176
ENSG00000130921.7	367	440	237	449
ENSG00000130935.9	971	822	526	1317
ENSG00000130939.18	1333	1272	1143	1564
ENSG00000130940.14	676	538	203	826
ENSG00000130943.6	2	1	7	9
ENSG00000130948.10	2	6	0	4
ENSG00000130956.13	312	128	170	230
ENSG00000130958.12	178	136	82	219
ENSG00000130962.17	193	357	167	311
ENSG00000130985.16	3351	7384	6011	25404
ENSG00000130988.12	5	60	45	448
ENSG00000130997.16	14	111	21	20
ENSG00000131013.3	429	244	388	739
ENSG00000131015.4	2	12	118	25
ENSG00000131016.16	8857	148	1192	7226
ENSG00000131018.22	96	77	71	75
ENSG00000131019.10	14	11	20	22
ENSG00000131023.12	678	353	296	626
ENSG00000131037.14	4942	1679	3145	4710
ENSG00000131042.14	97	3	48	34
ENSG00000131043.11	921	619	425	830
ENSG00000131044.17	122	321	5	93
ENSG00000131050.10	0	1	6	9
ENSG00000131051.22	11185	5997	9472	6844
ENSG00000131055.4	0	0	0	7
ENSG00000131061.13	276	211	145	203
ENSG00000131067.16	1197	535	1072	1639
ENSG00000131069.19	1182	381	667	1412
ENSG00000131080.14	2	1	12	21
ENSG00000131089.15	215	251	186	659
ENSG00000131094.3	5	4	12	53
ENSG00000131095.12	6	7	22	8
ENSG00000131096.10	3	0	1	1
ENSG00000131100.12	822	834	1416	1879
ENSG00000131115.15	194	79	209	317
ENSG00000131116.11	538	234	748	1114
ENSG00000131127.13	122	176	60	140
ENSG00000131142.13	1	2	0	11
ENSG00000131143.8	2056	2905	4669	4820
ENSG00000131148.8	294	217	326	551
ENSG00000131149.18	2299	1092	2727	3023
ENSG00000131153.8	62	99	46	147
ENSG00000131165.14	1172	627	674	1677
ENSG00000131171.12	468	508	555	1258
ENSG00000131174.5	614	1519	1635	1828
ENSG00000131187.9	70	1	184	27
ENSG00000131188.11	172	195	211	344
ENSG00000131196.17	12	85	62	337
ENSG00000131203.12	16	133	12	92
ENSG00000131236.16	3447	4859	3603	5712
ENSG00000131238.17	1596	3916	1860	3607
ENSG00000131242.17	3487	539	713	2606
ENSG00000131263.12	711	1224	565	1762
ENSG00000131269.16	130	665	233	830
ENSG00000131323.14	724	850	438	908
ENSG00000131351.14	99	312	75	313
ENSG00000131368.7	644	2576	1348	1309
ENSG00000131370.15	509	1005	466	1423
ENSG00000131373.14	88	179	174	212
ENSG00000131374.14	753	1194	875	851
ENSG00000131375.9	495	754	479	665
ENSG00000131378.13	65	99	103	202
ENSG00000131379.9	0	18	0	6
ENSG00000131381.12	346	552	473	617
ENSG00000131386.18	13	0	3	14
ENSG00000131389.17	656	746	654	413
ENSG00000131398.13	677	119	866	1214
ENSG00000131400.7	10	10	29	11
ENSG00000131401.11	0	3	4	3
ENSG00000131408.13	797	403	834	975
ENSG00000131409.12	9	2	0	9
ENSG00000131435.12	229	574	168	973
ENSG00000131437.15	473	706	697	552
ENSG00000131446.16	2610	1632	3940	3085
ENSG00000131459.12	37	23	80	35
ENSG00000131462.7	271	921	286	526
ENSG00000131467.10	1386	2237	947	2443
ENSG00000131469.14	2869	14320	5499	9449
ENSG00000131470.14	120	196	60	167
ENSG00000131471.6	23	86	2	123
ENSG00000131473.16	1999	3453	1034	2239
ENSG00000131475.6	689	1148	530	1141
ENSG00000131477.10	5	3	0	47
ENSG00000131480.8	18	74	4	93
ENSG00000131495.8	382	1377	1260	919
ENSG00000131503.20	187	354	377	387
ENSG00000131504.16	3715	9582	5013	6710
ENSG00000131507.10	1981	1959	2434	2562
ENSG00000131508.15	1499	3442	2250	2705
ENSG00000131558.14	1260	651	793	1575
ENSG00000131584.18	704	363	1872	1456
ENSG00000131591.17	487	408	335	559
ENSG00000131620.17	70	64	85	20
ENSG00000131626.18	1357	1854	1657	805
ENSG00000131650.13	438	4	22	164
ENSG00000131652.13	600	961	606	980
ENSG00000131653.12	2230	1028	2867	3585
ENSG00000131668.13	4	1	12	5
ENSG00000131669.9	208	230	259	287
ENSG00000131697.17	324	494	316	511
ENSG00000131711.14	1481	321	87	3092
ENSG00000131724.10	924	2516	609	1535
ENSG00000131725.13	220	209	217	435
ENSG00000131730.15	33	273	48	95
ENSG00000131732.11	281	274	153	461
ENSG00000131737.5	1	0	0	2
ENSG00000131746.12	27	39	105	113
ENSG00000131747.14	1031	4548	526	3098
ENSG00000131748.15	739	1730	323	1175
ENSG00000131759.17	508	934	312	841
ENSG00000131771.13	82	2135	2	27
ENSG00000131773.13	413	414	182	356
ENSG00000131778.18	799	584	805	1195
ENSG00000131779.10	431	219	372	797
ENSG00000131781.12	18	16	54	74
ENSG00000131788.15	1105	1168	833	1587
ENSG00000131791.7	709	321	561	1173
ENSG00000131797.12	520	239	451	742
ENSG00000131828.13	681	2085	1322	817
ENSG00000131831.17	319	204	202	906
ENSG00000131844.15	1297	1680	459	1868
ENSG00000131845.14	317	95	263	845
ENSG00000131848.9	78	49	70	242
ENSG00000131849.11	52	44	13	218
ENSG00000131871.14	706	261	778	1241
ENSG00000131873.6	758	389	466	647
ENSG00000131876.16	584	470	714	874
ENSG00000131885.17	2	0	2	0
ENSG00000131899.10	929	389	300	1094
ENSG00000131910.4	4	0	1	0
ENSG00000131914.10	26	0	0	1
ENSG00000131931.8	217	159	150	211
ENSG00000131941.7	2800	1644	1207	4697
ENSG00000131943.17	271	850	418	1530
ENSG00000131944.9	50	32	26	90
ENSG00000131966.13	819	730	910	1536
ENSG00000131969.14	8	2	1	4
ENSG00000131979.18	274	196	103	182
ENSG00000131981.15	1719	3452	3042	7974
ENSG00000132000.12	13	31	37	23
ENSG00000132002.7	3631	3482	5724	6352
ENSG00000132003.9	639	1243	335	2697
ENSG00000132004.12	144	1370	142	500
ENSG00000132005.8	443	542	283	981
ENSG00000132010.15	17	39	7	28
ENSG00000132016.11	66	87	72	191
ENSG00000132017.10	629	1199	672	1658
ENSG00000132024.17	665	2506	1153	3195
ENSG00000132026.13	2	1	4	8
ENSG00000132031.12	67	10	16	112
ENSG00000132109.9	225	95	127	335
ENSG00000132122.11	113	229	62	166
ENSG00000132128.16	1447	370	3427	2221
ENSG00000132141.13	27	29	2	93
ENSG00000132153.14	933	1715	1263	1521
ENSG00000132155.11	1463	1503	1474	1923
ENSG00000132164.9	0	106	41	76
ENSG00000132170.20	11	6	7	10
ENSG00000132182.11	1309	2546	943	2407
ENSG00000132185.16	1	0	0	4
ENSG00000132196.14	201	128	166	271
ENSG00000132199.19	911	1571	1465	3390
ENSG00000132205.10	522	58	87	658
ENSG00000132207.17	0	6	1	4
ENSG00000132254.12	879	804	536	1627
ENSG00000132256.18	437	238	319	687
ENSG00000132259.12	4	12	1	7
ENSG00000132274.15	237	230	119	182
ENSG00000132275.10	286	323	160	298
ENSG00000132286.11	547	363	326	632
ENSG00000132294.14	2244	1642	3442	1882
ENSG00000132300.18	2159	1520	1606	2368
ENSG00000132305.20	1269	1658	1602	2121
ENSG00000132313.14	764	663	382	799
ENSG00000132321.16	269	3	397	690
ENSG00000132323.8	457	413	397	615
ENSG00000132326.11	952	1281	1416	697
ENSG00000132329.10	8	102	28	44
ENSG00000132330.16	89	147	100	212
ENSG00000132334.16	264	65	230	305
ENSG00000132341.11	4187	5786	7334	7740
ENSG00000132356.11	974	1382	1088	1306
ENSG00000132357.13	193	123	67	270
ENSG00000132359.14	761	499	285	1233
ENSG00000132361.16	1637	2027	1885	3688
ENSG00000132376.19	246	233	437	886
ENSG00000132382.14	1240	1501	1149	3427
ENSG00000132383.11	1034	927	827	1879
ENSG00000132386.10	4	27	6	96
ENSG00000132388.12	695	438	404	932
ENSG00000132394.10	107	264	188	1009
ENSG00000132405.18	1820	1335	493	1261
ENSG00000132406.11	229	281	105	236
ENSG00000132423.11	35	122	102	209
ENSG00000132424.15	2841	1963	5216	3828
ENSG00000132429.9	9	4	1	15
ENSG00000132432.13	1116	769	1381	3025
ENSG00000132434.9	548	578	177	1249
ENSG00000132436.11	366	289	152	229
ENSG00000132437.17	1	6	56	2
ENSG00000132463.13	1736	1239	1060	1525
ENSG00000132465.10	4	6	2	5
ENSG00000132466.18	2161	1287	1120	1651
ENSG00000132467.3	599	314	446	719
ENSG00000132470.13	4322	8189	5099	6402
ENSG00000132471.11	1811	1812	1256	2061
ENSG00000132475.10	14303	8737	6373	16485
ENSG00000132478.9	723	614	412	1074
ENSG00000132481.6	397	997	266	1070
ENSG00000132485.13	1754	2328	3684	2851
ENSG00000132507.17	2794	9943	4860	8824
ENSG00000132510.10	2280	921	991	2656
ENSG00000132514.13	32	3	17	30
ENSG00000132517.15	22	50	7	25
ENSG00000132518.6	0	1	1	15
ENSG00000132522.15	151	323	141	339
ENSG00000132530.16	719	565	1705	1375
ENSG00000132535.19	257	28	328	472
ENSG00000132541.10	182	372	167	194
ENSG00000132549.18	1113	948	497	646
ENSG00000132554.19	28	2	5	1
ENSG00000132561.13	451	522	157	270
ENSG00000132563.15	48	183	54	249
ENSG00000132570.14	182	439	195	208
ENSG00000132581.9	475	205	223	841
ENSG00000132589.15	1091	930	573	2153
ENSG00000132591.11	503	375	292	1019
ENSG00000132600.16	309	283	455	578
ENSG00000132603.14	308	302	544	537
ENSG00000132604.10	351	327	374	436
ENSG00000132612.15	514	327	721	681
ENSG00000132613.14	1602	1500	473	1314
ENSG00000132622.10	33	5	15	54
ENSG00000132623.15	422	372	186	633
ENSG00000132635.16	1162	1179	817	1706
ENSG00000132639.12	93	8	5	299
ENSG00000132640.14	2123	408	743	1207
ENSG00000132646.10	1018	1126	920	1714
ENSG00000132661.3	465	100	190	410
ENSG00000132664.11	441	122	272	554
ENSG00000132669.13	2411	362	936	1608
ENSG00000132670.20	2044	1550	1895	2338
ENSG00000132676.15	1377	1587	1807	2018
ENSG00000132677.12	1	2	1	27
ENSG00000132680.10	2002	1463	3495	3912
ENSG00000132688.10	2527	608	213	487
ENSG00000132692.18	8	0	4	0
ENSG00000132694.18	2038	805	1184	2233
ENSG00000132698.14	1146	725	57	543
ENSG00000132702.12	2	8	0	4
ENSG00000132704.15	0	6	0	0
ENSG00000132716.18	1887	1000	1564	2812
ENSG00000132718.8	2740	81	614	1330
ENSG00000132740.8	294	405	270	317
ENSG00000132744.7	3	7	2	1
ENSG00000132746.14	304	296	922	169
ENSG00000132749.10	366	246	239	235
ENSG00000132763.14	137	341	269	348
ENSG00000132768.13	427	685	883	1385
ENSG00000132773.11	126	227	190	362
ENSG00000132780.16	1563	3134	1543	4644
ENSG00000132781.17	225	241	307	378
ENSG00000132792.18	1229	519	619	833
ENSG00000132793.11	1490	948	2220	1138
ENSG00000132801.6	94	15	76	89
ENSG00000132819.16	5595	1259	3328	4673
ENSG00000132821.11	68	292	1444	1770
ENSG00000132823.10	908	471	1554	1201
ENSG00000132824.13	4418	1704	5523	4234
ENSG00000132825.6	166	106	81	271
ENSG00000132837.14	14	15	12	27
ENSG00000132840.9	7	1	43	47
ENSG00000132842.13	656	654	229	1055
ENSG00000132846.5	276	546	53	761
ENSG00000132849.20	1415	1773	822	2225
ENSG00000132854.18	38	16	33	5
ENSG00000132872.11	0	1	0	26
ENSG00000132874.14	19	0	0	0
ENSG00000132879.13	340	509	619	711
ENSG00000132881.11	34	24	50	48
ENSG00000132906.17	235	296	328	350
ENSG00000132912.12	1022	908	1531	1412
ENSG00000132915.10	21	10	18	64
ENSG00000132932.16	1	0	1	23
ENSG00000132938.19	9	2	11	2
ENSG00000132950.18	372	97	304	785
ENSG00000132952.11	349	125	305	238
ENSG00000132953.16	757	476	626	1639
ENSG00000132958.17	1	0	4	2
ENSG00000132963.7	1153	600	1351	1395
ENSG00000132964.11	364	171	281	474
ENSG00000132965.9	16	165	25	87
ENSG00000132967.9	65	35	36	73
ENSG00000132970.12	20	47	280	261
ENSG00000132975.7	0	22	43	0
ENSG00000133019.11	22	121	50	25
ENSG00000133026.12	5244	2165	1792	3635
ENSG00000133027.17	269	217	254	635
ENSG00000133028.11	506	399	468	1021
ENSG00000133030.20	3730	2069	2736	5349
ENSG00000133048.12	904	599	1556	1513
ENSG00000133055.8	4	0	8	2
ENSG00000133056.13	757	516	323	497
ENSG00000133059.16	1067	483	418	804
ENSG00000133063.15	1	1	6	1
ENSG00000133065.10	495	389	590	879
ENSG00000133067.17	366	50	685	474
ENSG00000133069.16	66	4	93	126
ENSG00000133083.14	67	28	11	5
ENSG00000133101.9	559	37	2002	1223
ENSG00000133103.16	523	174	429	395
ENSG00000133104.13	1073	359	805	1184
ENSG00000133106.14	111	64	187	806
ENSG00000133110.14	13	0	9	3
ENSG00000133111.3	118	68	171	175
ENSG00000133112.16	17985	30314	41299	34310
ENSG00000133114.17	504	271	342	531
ENSG00000133115.11	4	4	0	16
ENSG00000133116.7	21	2	2	4
ENSG00000133119.12	216	270	109	405
ENSG00000133121.20	70	40	62	114
ENSG00000133131.14	215	268	144	551
ENSG00000133134.11	74	469	153	2353
ENSG00000133135.13	3	0	1	2
ENSG00000133138.19	93	97	111	268
ENSG00000133142.17	404	1329	852	4064
ENSG00000133169.5	2	2	2	1452
ENSG00000133193.12	785	391	387	598
ENSG00000133195.11	609	540	239	526
ENSG00000133216.16	1610	2111	553	1245
ENSG00000133226.16	1661	2669	1626	2077
ENSG00000133243.8	767	1371	507	1410
ENSG00000133246.11	26	54	14	53
ENSG00000133247.13	583	167	279	742
ENSG00000133250.13	291	341	82	664
ENSG00000133256.12	69	366	97	442
ENSG00000133265.10	611	371	474	1500
ENSG00000133275.15	825	742	827	1324
ENSG00000133302.12	80	203	50	156
ENSG00000133313.14	1985	2130	1057	1134
ENSG00000133315.10	201	546	174	129
ENSG00000133316.15	515	1228	712	797
ENSG00000133318.13	3347	3571	3019	2879
ENSG00000133321.10	36	297	199	821
ENSG00000133328.3	8	11	14	15
ENSG00000133392.17	2	2	1	8
ENSG00000133393.12	552	323	431	623
ENSG00000133398.3	460	714	874	1426
ENSG00000133401.15	358	730	77	294
ENSG00000133422.12	1038	765	684	1877
ENSG00000133424.20	99	220	206	628
ENSG00000133433.10	47	19	112	31
ENSG00000133454.15	300	1	0	4
ENSG00000133460.19	169	106	816	978
ENSG00000133466.13	275	200	110	546
ENSG00000133475.17	0	0	33	2
ENSG00000133477.16	94	3	79	452
ENSG00000133488.14	3	1	13	30
ENSG00000133519.12	33	61	185	202
ENSG00000133561.15	24	21	18	19
ENSG00000133574.9	22	12	16	12
ENSG00000133597.10	392	143	351	865
ENSG00000133606.10	2224	1086	1944	3901
ENSG00000133612.18	1781	700	2144	3018
ENSG00000133619.17	291	109	150	508
ENSG00000133624.13	265	188	474	815
ENSG00000133627.17	145	104	274	421
ENSG00000133636.10	34	5	15	3
ENSG00000133639.4	1108	854	500	1571
ENSG00000133640.19	211	261	22	152
ENSG00000133641.17	299	244	209	355
ENSG00000133657.15	4941	2005	3680	6585
ENSG00000133661.15	14	15	108	246
ENSG00000133665.12	22	75	4	26
ENSG00000133678.13	416	411	202	962
ENSG00000133687.15	4140	1890	1529	2360
ENSG00000133703.11	3051	1138	716	1452
ENSG00000133704.9	1057	839	826	1049
ENSG00000133706.17	1610	2998	3699	2491
ENSG00000133710.15	265	42	260	303
ENSG00000133731.9	446	602	198	358
ENSG00000133739.15	284	113	48	62
ENSG00000133740.10	661	380	230	732
ENSG00000133773.11	526	494	343	1062
ENSG00000133789.14	738	643	268	937
ENSG00000133794.17	199	72	261	391
ENSG00000133800.8	127	31	88	153
ENSG00000133805.15	207	262	110	259
ENSG00000133812.15	763	1157	279	1124
ENSG00000133816.15	1240	1721	485	1573
ENSG00000133818.13	769	668	294	890
ENSG00000133835.15	850	1143	1186	1678
ENSG00000133858.15	962	1050	1041	1168
ENSG00000133863.8	4	57	7	2
ENSG00000133872.13	5961	5041	2824	5584
ENSG00000133874.1	422	141	30	161
ENSG00000133878.8	30	0	0	6
ENSG00000133884.9	795	731	764	824
ENSG00000133895.14	560	749	715	729
ENSG00000133935.6	495	488	723	1042
ENSG00000133937.4	0	65	0	1
ENSG00000133943.20	572	930	528	1268
ENSG00000133958.13	11	18	13	69
ENSG00000133961.20	1066	1041	1268	1930
ENSG00000133962.7	35	154	44	10
ENSG00000133983.14	290	542	513	632
ENSG00000133985.2	703	959	731	651
ENSG00000133997.11	330	718	413	736
ENSG00000134001.12	861	1706	1328	1877
ENSG00000134007.3	4	9	3	14
ENSG00000134013.15	259	270	74	187
ENSG00000134014.16	868	630	303	495
ENSG00000134020.7	4	0	0	9
ENSG00000134028.14	7	0	0	2
ENSG00000134030.13	765	374	428	1582
ENSG00000134042.12	19	3	9	18
ENSG00000134046.11	815	558	477	1469
ENSG00000134049.5	488	368	412	797
ENSG00000134056.11	279	369	122	440
ENSG00000134057.14	588	1861	442	1848
ENSG00000134058.11	594	434	119	816
ENSG00000134061.5	49	39	24	20
ENSG00000134070.4	8	6	35	72
ENSG00000134072.10	89	174	19	274
ENSG00000134077.15	619	586	536	1
ENSG00000134086.7	1139	943	822	2489
ENSG00000134107.4	3249	3250	2161	1086
ENSG00000134108.12	1222	1087	1218	728
ENSG00000134109.10	765	843	726	555
ENSG00000134115.12	8	4	2	0
ENSG00000134121.9	1330	76	1280	112
ENSG00000134138.19	462	324	133	537
ENSG00000134146.11	109	211	106	141
ENSG00000134152.10	469	419	447	582
ENSG00000134153.9	415	681	980	816
ENSG00000134183.11	0	5	0	0
ENSG00000134184.12	71	649	278	0
ENSG00000134186.11	5331	1616	2796	2366
ENSG00000134198.9	690	96	116	209
ENSG00000134201.11	1	4	1	0
ENSG00000134202.10	94	118	152	612
ENSG00000134215.15	324	17	103	1078
ENSG00000134222.16	121	167	140	335
ENSG00000134240.11	106	4	2	3
ENSG00000134242.15	6	30	7	17
ENSG00000134243.11	2725	4236	4174	4312
ENSG00000134245.17	370	36	33	198
ENSG00000134247.9	1267	1123	344	2026
ENSG00000134248.13	829	979	1100	1527
ENSG00000134250.19	3356	3624	2656	3965
ENSG00000134253.9	302	196	353	425
ENSG00000134255.13	375	744	612	548
ENSG00000134256.12	22	58	3	44
ENSG00000134258.16	2489	436	700	993
ENSG00000134259.3	18	0	2	18
ENSG00000134262.12	297	423	666	317
ENSG00000134265.12	871	605	579	1802
ENSG00000134278.15	798	188	577	1606
ENSG00000134283.17	1377	857	869	1458
ENSG00000134285.10	475	524	363	877
ENSG00000134287.9	4504	3588	3559	4939
ENSG00000134291.11	911	1022	917	1601
ENSG00000134294.13	9302	3039	5223	8639
ENSG00000134297.6	50	59	33	96
ENSG00000134308.13	7789	5502	3715	7455
ENSG00000134313.15	6085	1388	1916	3400
ENSG00000134317.17	482	209	387	497
ENSG00000134318.13	1621	948	898	1786
ENSG00000134321.11	327	33	156	245
ENSG00000134323.11	444	3	25	87
ENSG00000134324.11	1018	2122	665	1208
ENSG00000134326.11	204	49	58	172
ENSG00000134330.18	431	170	292	565
ENSG00000134333.13	6485	26880	6206	10352
ENSG00000134339.8	12	26	3	12
ENSG00000134343.12	2	6	1	5
ENSG00000134352.19	1507	1366	1289	3102
ENSG00000134363.11	4	8	190	4983
ENSG00000134369.15	671	632	194	224
ENSG00000134371.12	1044	842	748	858
ENSG00000134375.10	1321	1345	1742	1572
ENSG00000134376.15	2	1	6	2
ENSG00000134398.14	3	4	3	24
ENSG00000134419.15	4588	5279	8622	10415
ENSG00000134440.11	2450	2316	1002	4716
ENSG00000134444.14	807	483	311	1133
ENSG00000134452.19	1608	522	1514	2951
ENSG00000134453.15	1743	1026	1933	4926
ENSG00000134460.17	4	0	4	2
ENSG00000134461.15	127	79	106	345
ENSG00000134463.14	290	42	124	826
ENSG00000134470.20	30	21	55	311
ENSG00000134480.14	165	329	111	411
ENSG00000134489.6	1	0	1	3
ENSG00000134490.13	156	90	267	449
ENSG00000134504.13	1790	274	332	529
ENSG00000134508.12	499	208	198	1596
ENSG00000134516.16	78	60	46	61
ENSG00000134531.9	6576	5339	3428	9020
ENSG00000134532.16	77	10	49	24
ENSG00000134533.6	83	8	44	237
ENSG00000134538.2	0	60	0	0
ENSG00000134539.16	10	3	4	116
ENSG00000134548.10	42	10	43	225
ENSG00000134569.9	93	18	74	43
ENSG00000134574.11	65	125	54	218
ENSG00000134575.9	878	336	495	663
ENSG00000134590.13	563	1105	1256	1743
ENSG00000134594.4	1	0	1	7
ENSG00000134595.8	0	4	0	0
ENSG00000134597.15	172	308	149	525
ENSG00000134602.15	138	574	482	257
ENSG00000134627.11	14	11	28	32
ENSG00000134644.15	2613	2740	2117	3174
ENSG00000134668.12	5	3	2	9
ENSG00000134684.10	1127	1300	1836	2815
ENSG00000134686.18	1043	904	574	1925
ENSG00000134690.10	136	335	186	815
ENSG00000134697.12	923	1723	1243	2571
ENSG00000134698.10	643	747	441	1516
ENSG00000134709.10	844	1119	602	1305
ENSG00000134716.10	27	23	8	19
ENSG00000134717.17	1151	1192	792	2586
ENSG00000134744.13	750	700	458	1657
ENSG00000134748.12	700	1101	447	1188
ENSG00000134755.15	6802	512	2298	10452
ENSG00000134757.4	1	1	8	24
ENSG00000134758.13	448	369	301	1015
ENSG00000134759.13	1120	754	883	3044
ENSG00000134760.5	5	0	0	3
ENSG00000134762.16	171	24	1448	1693
ENSG00000134765.9	583	0	8	710
ENSG00000134769.21	265	15	141	2016
ENSG00000134775.15	10	109	27	204
ENSG00000134779.14	1061	584	807	3087
ENSG00000134780.9	73	148	332	330
ENSG00000134802.17	331	817	226	129
ENSG00000134809.8	226	386	337	432
ENSG00000134815.18	553	308	578	591
ENSG00000134824.13	1368	293	1168	944
ENSG00000134825.15	873	828	708	723
ENSG00000134830.5	10	37	22	21
ENSG00000134851.12	739	886	895	1416
ENSG00000134852.14	406	511	402	937
ENSG00000134853.11	22	14	16	7
ENSG00000134864.10	51	27	47	63
ENSG00000134871.18	3577	6280	304	5397
ENSG00000134873.9	0	1	145	146
ENSG00000134874.17	33	260	196	1044
ENSG00000134882.15	1165	817	1290	1255
ENSG00000134884.14	3929	7539	5495	7661
ENSG00000134897.13	240	155	293	302
ENSG00000134899.19	130	71	94	114
ENSG00000134900.11	1005	864	747	1513
ENSG00000134901.12	102	68	89	118
ENSG00000134905.16	773	1228	1350	1628
ENSG00000134909.18	662	250	545	504
ENSG00000134910.13	2369	1433	2825	2478
ENSG00000134917.9	1	3	41	80
ENSG00000134940.13	2	0	0	0
ENSG00000134954.14	680	192	400	174
ENSG00000134955.11	123	31	42	52
ENSG00000134962.6	16	0	0	0
ENSG00000134970.13	1416	1259	583	2960
ENSG00000134982.16	499	387	149	586
ENSG00000134986.13	2563	900	109	1213
ENSG00000134987.11	475	702	181	654
ENSG00000134996.11	398	403	248	300
ENSG00000135002.11	886	926	531	855
ENSG00000135018.13	2221	2600	1436	2025
ENSG00000135040.15	416	436	256	333
ENSG00000135045.6	22	146	0	102
ENSG00000135046.13	8696	6252	12724	21524
ENSG00000135047.14	2132	1431	1230	1724
ENSG00000135048.13	733	824	1180	812
ENSG00000135049.15	426	585	323	419
ENSG00000135052.16	1732	1944	663	508
ENSG00000135063.19	69	186	84	192
ENSG00000135069.13	832	546	3105	2843
ENSG00000135070.14	585	860	283	497
ENSG00000135074.15	97	250	23	116
ENSG00000135077.8	114	35	80	101
ENSG00000135083.15	100	164	208	332
ENSG00000135090.13	603	205	449	676
ENSG00000135093.12	355	257	194	716
ENSG00000135094.10	42	7	33	32
ENSG00000135097.6	562	237	8	520
ENSG00000135100.17	2	4	4	0
ENSG00000135108.14	2425	1242	1026	1745
ENSG00000135111.15	3	423	6	6
ENSG00000135114.12	61	19	47	94
ENSG00000135116.9	73	267	189	1154
ENSG00000135119.14	158	148	129	206
ENSG00000135124.14	471	302	335	650
ENSG00000135127.11	693	232	328	1200
ENSG00000135144.7	27	17	51	37
ENSG00000135148.11	982	421	528	1209
ENSG00000135164.18	1464	1496	1935	2112
ENSG00000135185.11	217	213	454	406
ENSG00000135205.14	186	222	2140	2398
ENSG00000135211.5	189	161	204	327
ENSG00000135218.18	170	105	70	43
ENSG00000135241.16	675	372	329	1187
ENSG00000135245.9	215	128	167	245
ENSG00000135248.15	2	11	0	18
ENSG00000135249.7	401	279	343	609
ENSG00000135250.16	713	869	522	1222
ENSG00000135253.13	303	54	196	395
ENSG00000135269.17	3686	1594	1928	3433
ENSG00000135272.10	95	29	145	19
ENSG00000135297.15	376	124	221	410
ENSG00000135299.16	563	312	1207	833
ENSG00000135314.12	92	5	104	101
ENSG00000135315.11	280	72	96	232
ENSG00000135316.17	3783	2601	3332	4646
ENSG00000135317.12	1207	573	710	886
ENSG00000135318.11	81	46	527	430
ENSG00000135324.5	6	29	3	6
ENSG00000135333.13	121	12	2	1
ENSG00000135334.8	777	240	524	675
ENSG00000135336.14	449	237	382	368
ENSG00000135338.13	219	112	108	213
ENSG00000135341.17	1212	296	852	994
ENSG00000135362.13	43	245	102	232
ENSG00000135363.11	67	33	28	29
ENSG00000135365.15	1067	326	401	1436
ENSG00000135372.8	888	1883	529	1401
ENSG00000135373.12	2254	5190	708	1367
ENSG00000135378.3	543	646	349	445
ENSG00000135387.20	4581	5029	2412	5802
ENSG00000135390.18	2266	3667	2805	3206
ENSG00000135392.16	1287	595	593	877
ENSG00000135404.11	8283	4579	5346	7830
ENSG00000135406.13	2	0	26	61
ENSG00000135407.10	201	176	104	789
ENSG00000135409.10	1	2	0	7
ENSG00000135414.9	1010	199	282	314
ENSG00000135423.12	86	26	22	36
ENSG00000135424.16	402	297	169	486
ENSG00000135436.8	6	4	11	19
ENSG00000135437.9	33	51	3	8
ENSG00000135439.11	3	2	4	18
ENSG00000135441.7	384	327	424	474
ENSG00000135446.16	1596	2117	861	2662
ENSG00000135447.16	9	3	14	65
ENSG00000135451.12	266	657	330	950
ENSG00000135452.9	1046	463	903	1047
ENSG00000135454.13	21	73	143	30
ENSG00000135457.9	9	636	392	887
ENSG00000135469.13	95	130	66	314
ENSG00000135472.8	6	13	4	3
ENSG00000135473.14	1502	1108	1106	1217
ENSG00000135476.11	528	553	371	906
ENSG00000135477.11	3	2	19	1
ENSG00000135480.15	12383	12436	23808	43429
ENSG00000135482.6	250	161	69	208
ENSG00000135486.17	14095	30605	12077	23130
ENSG00000135502.17	13	30	9	29
ENSG00000135503.12	1450	597	568	1214
ENSG00000135506.15	4841	2768	3701	7000
ENSG00000135519.7	50	17	27	69
ENSG00000135521.8	320	167	357	690
ENSG00000135525.18	1139	470	968	1050
ENSG00000135535.16	6337	1844	5608	5783
ENSG00000135537.16	76	39	91	114
ENSG00000135540.11	251	32	181	133
ENSG00000135541.20	920	212	483	499
ENSG00000135547.8	67	48	376	372
ENSG00000135549.14	66	38	17	20
ENSG00000135587.8	265	109	269	197
ENSG00000135596.17	1431	96	444	746
ENSG00000135597.18	742	279	840	685
ENSG00000135604.9	13	3	4	18
ENSG00000135605.12	117	193	62	79
ENSG00000135617.3	83	153	345	254
ENSG00000135622.12	415	87	283	481
ENSG00000135624.15	3655	5542	3463	4300
ENSG00000135625.7	2	0	0	9
ENSG00000135631.16	828	205	417	1186
ENSG00000135632.11	631	533	448	879
ENSG00000135636.13	71	36	101	98
ENSG00000135637.13	213	206	229	394
ENSG00000135638.13	3	0	2	1
ENSG00000135643.4	101	65	6	6
ENSG00000135655.15	842	556	675	1108
ENSG00000135677.10	3613	2111	1449	4008
ENSG00000135678.11	1227	72	182	129
ENSG00000135679.23	1783	1359	842	1393
ENSG00000135686.12	1265	547	659	1190
ENSG00000135697.9	3	2	1	12
ENSG00000135698.9	183	130	186	142
ENSG00000135702.14	7	20	2	1
ENSG00000135709.12	206	15	162	46
ENSG00000135720.12	2763	1998	3137	3700
ENSG00000135722.8	57	105	143	196
ENSG00000135723.13	292	262	593	453
ENSG00000135736.5	165	102	140	387
ENSG00000135740.16	12	12	110	73
ENSG00000135744.7	5	16	57	160
ENSG00000135747.11	4	8	4	3
ENSG00000135749.18	350	466	464	607
ENSG00000135750.14	424	446	250	341
ENSG00000135763.9	342	297	302	486
ENSG00000135766.8	1009	1615	1848	1560
ENSG00000135773.12	19	14	8	96
ENSG00000135775.13	593	557	510	596
ENSG00000135776.4	346	416	305	442
ENSG00000135778.11	605	549	645	555
ENSG00000135801.9	656	524	488	705
ENSG00000135821.18	7877	5610	4372	9519
ENSG00000135823.13	1320	769	640	941
ENSG00000135828.11	271	87	265	350
ENSG00000135829.16	3978	4293	2609	5268
ENSG00000135835.11	63	29	37	56
ENSG00000135837.15	1062	817	783	1231
ENSG00000135838.13	137	32	104	108
ENSG00000135842.16	350	189	413	1064
ENSG00000135845.9	916	338	467	825
ENSG00000135862.5	7685	3495	3593	9920
ENSG00000135870.11	1502	870	841	1589
ENSG00000135898.9	8	0	0	6
ENSG00000135899.17	252	113	421	315
ENSG00000135900.3	540	335	429	549
ENSG00000135902.9	0	0	0	19
ENSG00000135905.19	41	42	50	42
ENSG00000135912.10	750	454	358	709
ENSG00000135913.10	453	461	237	367
ENSG00000135916.15	5242	1158	449	1935
ENSG00000135917.14	43	840	49	57
ENSG00000135919.12	219	146	39	15
ENSG00000135924.15	1663	1403	1275	2208
ENSG00000135925.8	996	380	837	1360
ENSG00000135926.14	4474	2000	2465	2225
ENSG00000135929.8	162	34	61	329
ENSG00000135930.13	1299	1189	1148	1605
ENSG00000135931.17	305	374	174	342
ENSG00000135932.10	1505	1072	980	1439
ENSG00000135940.6	2238	3125	4246	4176
ENSG00000135945.9	799	683	804	1150
ENSG00000135951.14	281	217	267	182
ENSG00000135953.10	423	191	506	516
ENSG00000135956.8	2346	1801	1270	2965
ENSG00000135960.9	69	29	37	70
ENSG00000135966.12	534	642	1013	1266
ENSG00000135968.20	1168	848	1095	1324
ENSG00000135972.8	393	435	944	882
ENSG00000135974.9	539	475	1380	922
ENSG00000135976.18	69	176	154	297
ENSG00000135999.11	798	740	601	866
ENSG00000136002.18	114	62	143	446
ENSG00000136003.15	1295	683	1052	1608
ENSG00000136010.13	128	22	499	1349
ENSG00000136014.11	36	13	1	273
ENSG00000136021.18	2162	836	917	2426
ENSG00000136026.13	1942	489	572	2418
ENSG00000136040.8	78	36	43	157
ENSG00000136044.11	1048	408	293	1072
ENSG00000136045.11	864	898	647	1711
ENSG00000136048.13	381	85	155	605
ENSG00000136051.14	1118	611	690	1393
ENSG00000136052.9	312	1097	260	558
ENSG00000136059.14	155	329	276	171
ENSG00000136068.14	3440	7754	3146	5296
ENSG00000136098.16	293	64	42	182
ENSG00000136099.13	3	7	1	4
ENSG00000136100.13	861	1064	1214	911
ENSG00000136104.20	168	419	410	545
ENSG00000136108.14	377	1104	476	872
ENSG00000136111.13	231	644	97	87
ENSG00000136114.16	14	19	16	18
ENSG00000136122.15	153	212	106	124
ENSG00000136141.14	590	173	209	349
ENSG00000136143.15	1034	390	721	816
ENSG00000136144.11	687	510	435	812
ENSG00000136146.14	725	298	513	680
ENSG00000136147.17	388	346	229	340
ENSG00000136149.6	28	45	57	39
ENSG00000136152.14	801	284	730	717
ENSG00000136153.19	3260	2403	923	1980
ENSG00000136155.16	1519	150	329	674
ENSG00000136156.13	6463	2058	6152	6203
ENSG00000136158.11	1194	888	152	173
ENSG00000136159.3	806	442	537	717
ENSG00000136160.15	13	0	14	5
ENSG00000136161.12	103	115	298	191
ENSG00000136167.13	806	238	236	1059
ENSG00000136169.16	267	174	191	161
ENSG00000136193.16	3954	2851	1849	8447
ENSG00000136197.12	12	13	18	48
ENSG00000136205.16	2239	2501	2356	6391
ENSG00000136206.3	1	2	0	4
ENSG00000136213.9	396	180	340	547
ENSG00000136231.13	768	351	1462	917
ENSG00000136235.16	1587	813	1647	1014
ENSG00000136237.18	1328	240	167	723
ENSG00000136238.17	3689	2106	2082	7067
ENSG00000136240.9	3433	1381	2768	5291
ENSG00000136243.16	454	249	335	1230
ENSG00000136244.11	19	8	35	23
ENSG00000136247.14	593	250	175	970
ENSG00000136250.11	15	2	16	15
ENSG00000136261.14	946	613	546	1679
ENSG00000136270.13	759	2357	741	2149
ENSG00000136271.10	825	1201	634	2522
ENSG00000136273.12	278	274	170	516
ENSG00000136274.8	158	64	9	555
ENSG00000136279.20	1454	2229	1198	4873
ENSG00000136280.16	439	949	259	1228
ENSG00000136286.15	53	39	36	169
ENSG00000136295.14	4182	925	986	2555
ENSG00000136305.11	25	64	67	68
ENSG00000136319.11	442	321	265	1388
ENSG00000136327.6	17	34	0	7
ENSG00000136352.17	0	8	0	0
ENSG00000136367.13	215	80	60	198
ENSG00000136371.10	99	110	128	173
ENSG00000136378.14	344	4	79	244
ENSG00000136379.11	295	182	136	346
ENSG00000136381.12	1640	821	638	1288
ENSG00000136383.6	289	115	33	425
ENSG00000136404.15	14	16	12	23
ENSG00000136425.13	68	0	54	129
ENSG00000136436.14	639	732	662	1739
ENSG00000136444.9	671	559	704	549
ENSG00000136448.11	1906	1514	1124	1952
ENSG00000136449.13	9	4	1	53
ENSG00000136450.12	1008	1939	1521	2367
ENSG00000136451.8	1841	2194	1202	1895
ENSG00000136457.9	7	3	35	5
ENSG00000136463.7	321	345	234	528
ENSG00000136478.7	1874	1030	577	1414
ENSG00000136485.14	2760	2283	1461	2466
ENSG00000136490.8	612	60	47	316
ENSG00000136492.8	126	507	54	147
ENSG00000136504.11	1109	1156	720	1141
ENSG00000136514.2	277	37	32	636
ENSG00000136518.16	1907	939	1269	2527
ENSG00000136521.12	1664	1389	1803	2491
ENSG00000136522.13	897	326	747	1446
ENSG00000136527.17	2963	2416	1866	5613
ENSG00000136531.15	0	3	1	254
ENSG00000136536.14	1996	1605	1375	1773
ENSG00000136541.14	3	4	26	5
ENSG00000136542.8	16	2	13	5
ENSG00000136546.14	101	2	0	0
ENSG00000136560.13	625	390	629	719
ENSG00000136574.17	2	27	1	339
ENSG00000136603.13	7024	5125	2050	3878
ENSG00000136628.17	2664	2432	2836	2630
ENSG00000136630.12	16	55	21	42
ENSG00000136631.14	980	428	477	1173
ENSG00000136634.6	10	4	11	13
ENSG00000136636.12	1636	1262	579	898
ENSG00000136643.11	628	337	267	882
ENSG00000136682.14	572	807	514	1316
ENSG00000136688.10	0	1	0	5
ENSG00000136689.18	334	340	282	161
ENSG00000136695.14	52	1	8	7
ENSG00000136699.19	1575	1326	1222	2340
ENSG00000136709.11	1322	1332	1050	2121
ENSG00000136710.9	580	496	866	936
ENSG00000136715.18	685	448	603	1096
ENSG00000136717.14	265	929	4768	1836
ENSG00000136718.9	820	1210	1164	1485
ENSG00000136720.6	2713	3460	1767	2914
ENSG00000136731.12	1993	1703	1899	3947
ENSG00000136732.15	12	9	150	324
ENSG00000136738.14	537	145	364	1010
ENSG00000136754.17	1646	532	849	2595
ENSG00000136758.18	3819	1255	2358	8240
ENSG00000136770.10	333	142	186	900
ENSG00000136783.9	364	541	324	400
ENSG00000136802.11	1014	1150	410	887
ENSG00000136807.13	798	970	554	961
ENSG00000136810.12	1128	3606	1339	1304
ENSG00000136811.16	1142	1061	343	670
ENSG00000136813.14	1289	2070	957	1702
ENSG00000136816.15	452	578	221	306
ENSG00000136819.15	740	713	618	815
ENSG00000136824.18	349	851	218	651
ENSG00000136826.14	820	479	545	1372
ENSG00000136827.11	556	986	301	621
ENSG00000136828.18	759	532	263	559
ENSG00000136830.11	5143	9752	2948	2706
ENSG00000136840.18	180	715	300	228
ENSG00000136842.13	130	2742	567	450
ENSG00000136848.17	2093	2070	1060	1700
ENSG00000136854.20	721	785	491	516
ENSG00000136856.17	263	256	117	174
ENSG00000136859.9	84	106	13	251
ENSG00000136861.17	752	1324	517	1291
ENSG00000136866.13	73	23	36	42
ENSG00000136867.10	75	92	44	170
ENSG00000136868.10	791	850	441	669
ENSG00000136869.14	65	31	30	38
ENSG00000136870.10	358	278	246	231
ENSG00000136874.10	360	307	171	292
ENSG00000136875.12	489	795	351	640
ENSG00000136877.14	806	1623	579	1063
ENSG00000136878.12	457	391	385	533
ENSG00000136881.11	4	10	2	2
ENSG00000136883.14	169	201	170	357
ENSG00000136888.6	1812	1111	1560	1761
ENSG00000136891.13	564	768	230	754
ENSG00000136895.18	192	252	96	110
ENSG00000136897.7	204	283	157	236
ENSG00000136908.17	583	740	511	668
ENSG00000136918.7	14	47	1	4
ENSG00000136925.14	528	600	304	475
ENSG00000136928.6	10	20	7	13
ENSG00000136930.12	1003	1634	1065	1342
ENSG00000136932.13	132	226	92	128
ENSG00000136933.16	188	374	207	257
ENSG00000136935.13	391	409	244	398
ENSG00000136936.10	115	218	158	200
ENSG00000136937.12	672	697	476	714
ENSG00000136938.8	1566	2195	1462	3016
ENSG00000136940.13	475	432	214	316
ENSG00000136942.14	2947	11346	6368	7044
ENSG00000136943.10	128	447	194	374
ENSG00000136944.17	93	59	0	4
ENSG00000136950.13	819	585	722	1097
ENSG00000136960.12	70	25	27	33
ENSG00000136982.5	94	288	66	240
ENSG00000136986.9	2817	3036	3542	2231
ENSG00000136997.17	327	3754	1293	1700
ENSG00000136999.4	252	384	477	679
ENSG00000137033.11	10	2	15	3
ENSG00000137038.7	322	1139	715	548
ENSG00000137040.9	307	299	335	418
ENSG00000137054.15	162	549	392	334
ENSG00000137055.14	563	455	939	684
ENSG00000137070.17	123	52	143	252
ENSG00000137073.21	653	998	821	868
ENSG00000137074.18	353	327	402	291
ENSG00000137075.17	1249	610	954	835
ENSG00000137076.20	6051	5416	6426	4892
ENSG00000137090.11	4	20	1	59
ENSG00000137094.14	368	168	145	132
ENSG00000137098.13	71	124	101	68
ENSG00000137100.15	433	564	1058	657
ENSG00000137101.12	31	22	43	37
ENSG00000137103.19	413	425	244	481
ENSG00000137106.17	423	1858	1557	871
ENSG00000137124.7	284	573	573	450
ENSG00000137133.10	105	200	193	213
ENSG00000137135.17	90	256	175	255
ENSG00000137142.4	5	6	9	2
ENSG00000137145.20	791	1258	756	519
ENSG00000137154.12	8812	34733	23874	19453
ENSG00000137161.16	993	448	646	1895
ENSG00000137166.14	1748	439	562	1759
ENSG00000137168.7	480	241	306	497
ENSG00000137171.14	567	249	659	1113
ENSG00000137177.19	1169	655	794	1575
ENSG00000137185.12	397	75	254	132
ENSG00000137193.13	1052	359	315	1720
ENSG00000137198.9	327	999	191	756
ENSG00000137200.12	1062	511	668	1582
ENSG00000137203.11	1286	125	1152	19
ENSG00000137207.11	1641	1858	1738	1769
ENSG00000137210.13	914	934	1554	1231
ENSG00000137216.18	1126	1378	649	955
ENSG00000137218.10	93	70	58	144
ENSG00000137221.14	853	1086	601	1293
ENSG00000137225.12	2	0	0	3
ENSG00000137261.13	12	0	28	10
ENSG00000137266.14	163	98	406	641
ENSG00000137267.5	281	44	87	491
ENSG00000137269.14	580	281	406	680
ENSG00000137273.5	0	17	3	0
ENSG00000137274.12	547	297	258	527
ENSG00000137275.13	724	544	660	970
ENSG00000137285.9	1657	16	17	408
ENSG00000137288.9	591	372	491	762
ENSG00000137309.19	6299	1820	3643	5470
ENSG00000137310.11	120	113	244	359
ENSG00000137312.14	3485	1662	2708	5547
ENSG00000137331.11	1128	370	385	103
ENSG00000137337.14	841	476	602	1286
ENSG00000137338.5	94	44	74	144
ENSG00000137343.17	658	224	392	765
ENSG00000137364.4	496	419	449	499
ENSG00000137393.9	875	543	166	231
ENSG00000137404.14	261	41	90	221
ENSG00000137409.19	3597	1733	4313	5996
ENSG00000137411.17	507	217	651	1330
ENSG00000137413.15	393	339	396	680
ENSG00000137414.5	747	415	703	608
ENSG00000137434.11	26	37	12	14
ENSG00000137440.4	16	19	76	98
ENSG00000137449.15	373	230	180	162
ENSG00000137460.8	677	93	280	625
ENSG00000137462.7	109	80	125	103
ENSG00000137463.4	1	1	1	1
ENSG00000137473.17	19	0	0	0
ENSG00000137474.20	476	113	193	422
ENSG00000137478.14	732	770	472	578
ENSG00000137486.16	181	383	116	167
ENSG00000137491.14	194	157	114	156
ENSG00000137492.7	891	881	991	861
ENSG00000137494.13	236	354	268	305
ENSG00000137496.17	202	343	132	298
ENSG00000137497.17	8670	7835	7505	7438
ENSG00000137500.9	477	437	301	442
ENSG00000137501.17	254	157	268	207
ENSG00000137502.9	149	144	150	99
ENSG00000137504.13	1072	2849	3074	2155
ENSG00000137507.11	36	15	190	67
ENSG00000137509.10	634	1126	651	641
ENSG00000137513.9	258	433	295	322
ENSG00000137522.17	488	738	405	453
ENSG00000137547.8	854	1566	673	1184
ENSG00000137558.8	77	66	103	0
ENSG00000137561.4	2	16	0	1
ENSG00000137563.11	388	442	192	411
ENSG00000137571.10	8	1	2	0
ENSG00000137573.13	351	55	125	112
ENSG00000137574.10	605	761	306	512
ENSG00000137575.11	3142	2473	969	2749
ENSG00000137601.16	126	107	155	177
ENSG00000137628.16	275	104	228	310
ENSG00000137642.12	2160	969	4181	1463
ENSG00000137648.17	2570	3051	3068	581
ENSG00000137656.11	306	343	177	255
ENSG00000137673.8	338	2125	464	485
ENSG00000137691.12	18	28	30	75
ENSG00000137692.11	310	549	534	555
ENSG00000137693.13	2865	5664	2883	3437
ENSG00000137699.16	1322	443	3060	2206
ENSG00000137700.18	497	432	1038	539
ENSG00000137709.9	1029	34	86	80
ENSG00000137710.15	919	2429	908	1471
ENSG00000137713.15	523	737	554	368
ENSG00000137714.2	196	430	467	370
ENSG00000137720.7	150	379	190	181
ENSG00000137726.16	282	48	65	941
ENSG00000137727.12	13	220	12	7
ENSG00000137731.13	2	0	1	24
ENSG00000137747.15	62	36	25	224
ENSG00000137752.23	37	53	144	179
ENSG00000137760.14	114	159	154	136
ENSG00000137764.19	144	322	100	297
ENSG00000137767.13	123	103	126	255
ENSG00000137770.13	653	1054	368	965
ENSG00000137776.16	1778	2193	1376	2705
ENSG00000137801.10	802	1418	1235	3294
ENSG00000137802.13	471	603	283	960
ENSG00000137804.12	117	453	99	452
ENSG00000137806.8	181	252	111	191
ENSG00000137807.15	391	1731	264	1381
ENSG00000137809.16	2	8	1	5
ENSG00000137812.19	154	320	67	319
ENSG00000137814.10	426	431	240	530
ENSG00000137815.14	1206	1235	512	1565
ENSG00000137817.16	1095	600	1259	1856
ENSG00000137818.11	8062	38758	14554	37008
ENSG00000137819.13	97	51	17	101
ENSG00000137821.11	80	94	27	226
ENSG00000137822.12	300	1134	482	595
ENSG00000137824.15	603	502	513	848
ENSG00000137825.10	7	4	11	9
ENSG00000137831.14	1462	2109	1663	4018
ENSG00000137834.14	1296	1770	348	1060
ENSG00000137841.11	511	160	50	372
ENSG00000137842.6	211	150	73	218
ENSG00000137843.11	111	168	71	159
ENSG00000137845.14	3801	2722	1751	4251
ENSG00000137857.17	30	334	20	119
ENSG00000137860.11	0	29	0	2
ENSG00000137868.18	841	68	125	1431
ENSG00000137869.14	2	1	4	6
ENSG00000137871.20	242	239	187	385
ENSG00000137872.16	387	45	37	745
ENSG00000137875.4	3	5	5	14
ENSG00000137876.9	1152	2278	882	1635
ENSG00000137877.9	99	292	129	252
ENSG00000137878.17	68	10	71	79
ENSG00000137880.5	417	156	159	117
ENSG00000137936.17	219	184	362	560
ENSG00000137941.16	72	150	62	41
ENSG00000137942.16	2249	1929	1352	1885
ENSG00000137944.17	368	384	539	253
ENSG00000137947.11	275	183	316	406
ENSG00000137948.18	88	0	0	0
ENSG00000137955.15	1397	1858	3522	5042
ENSG00000137959.15	624	324	595	333
ENSG00000137960.5	3	0	6	17
ENSG00000137962.12	1714	1190	3609	5089
ENSG00000137965.10	387	158	792	454
ENSG00000137968.16	765	120	280	385
ENSG00000137970.7	120	398	134	176
ENSG00000137975.7	5	3	0	1
ENSG00000137992.14	580	860	847	858
ENSG00000137996.12	464	398	594	1029
ENSG00000138002.14	916	994	1064	1060
ENSG00000138018.17	1799	1533	1249	1388
ENSG00000138028.15	14	261	198	286
ENSG00000138029.13	2082	1827	1730	3192
ENSG00000138030.12	43	171	94	79
ENSG00000138031.14	649	507	916	1567
ENSG00000138032.20	753	394	433	675
ENSG00000138035.14	735	686	455	1186
ENSG00000138036.18	592	226	150	339
ENSG00000138039.14	8	7	5	3
ENSG00000138050.14	239	333	168	298
ENSG00000138061.11	456	110	127	83
ENSG00000138069.17	3939	2239	3880	5315
ENSG00000138071.13	7813	4013	5020	6734
ENSG00000138073.13	954	634	1076	1546
ENSG00000138074.14	1164	547	655	1013
ENSG00000138078.15	1537	1054	1714	1974
ENSG00000138079.13	32	27	24	18
ENSG00000138080.13	42	16	25	49
ENSG00000138081.20	2003	893	965	2148
ENSG00000138083.4	659	1	1527	0
ENSG00000138085.16	1347	977	940	1777
ENSG00000138092.10	488	260	285	687
ENSG00000138095.18	4171	4784	3077	3835
ENSG00000138100.13	142	4	5	17
ENSG00000138101.18	208	401	194	249
ENSG00000138107.12	1409	1067	1235	3053
ENSG00000138111.14	71	84	89	137
ENSG00000138115.13	27	3	4	1
ENSG00000138119.16	3909	3893	3448	7852
ENSG00000138131.3	336	196	227	854
ENSG00000138134.11	7	18	27	19
ENSG00000138135.6	0	1	2	1
ENSG00000138138.13	1328	636	655	1899
ENSG00000138152.8	2	0	9	20
ENSG00000138160.5	373	409	251	1353
ENSG00000138161.13	30	7	18	31
ENSG00000138162.18	456	348	554	2407
ENSG00000138166.5	1648	398	1534	5353
ENSG00000138172.10	300	215	79	398
ENSG00000138175.8	411	408	385	560
ENSG00000138180.15	282	420	219	1247
ENSG00000138182.14	305	221	246	704
ENSG00000138185.19	33	33	15	177
ENSG00000138190.16	321	190	172	617
ENSG00000138193.15	162	353	178	541
ENSG00000138207.13	17	11	18	58
ENSG00000138231.12	275	315	131	875
ENSG00000138246.16	1184	1183	743	3486
ENSG00000138271.5	27	2	32	30
ENSG00000138279.15	1578	625	1687	3641
ENSG00000138286.14	366	162	190	549
ENSG00000138303.17	716	216	495	1234
ENSG00000138311.16	3	3	45	32
ENSG00000138316.10	56	199	393	745
ENSG00000138326.19	7548	10397	14153	23688
ENSG00000138336.8	94	13	30	137
ENSG00000138346.14	173	163	104	662
ENSG00000138347.15	2	0	1	0
ENSG00000138356.13	2	14	6	39
ENSG00000138363.14	1327	1970	772	1446
ENSG00000138375.12	443	313	243	495
ENSG00000138376.10	248	414	109	255
ENSG00000138378.18	21	1	4	15
ENSG00000138379.4	7	2	4	0
ENSG00000138380.17	154	290	123	260
ENSG00000138381.9	935	556	370	670
ENSG00000138382.14	554	510	605	623
ENSG00000138385.15	3305	2619	3025	3274
ENSG00000138386.16	5818	960	794	1467
ENSG00000138395.14	0	0	0	39
ENSG00000138398.15	2404	1379	1295	2368
ENSG00000138399.17	662	589	348	598
ENSG00000138400.12	67	203	57	36
ENSG00000138411.12	19	18	5	27
ENSG00000138413.13	1523	3454	1600	1571
ENSG00000138430.15	1716	2396	1624	1519
ENSG00000138433.15	959	510	579	888
ENSG00000138434.16	2272	1017	992	1480
ENSG00000138435.15	34	2	0	0
ENSG00000138439.11	660	237	186	481
ENSG00000138442.9	963	1029	827	735
ENSG00000138443.15	2288	1594	1563	1969
ENSG00000138448.11	5176	2202	1741	1761
ENSG00000138449.10	3964	3170	555	1217
ENSG00000138459.8	373	508	258	937
ENSG00000138463.8	213	280	174	972
ENSG00000138468.15	720	319	242	1065
ENSG00000138495.6	239	235	432	1108
ENSG00000138496.16	1143	796	1125	2885
ENSG00000138587.5	63	542	58	117
ENSG00000138592.13	1099	1294	685	1196
ENSG00000138593.8	2185	2115	771	1374
ENSG00000138594.13	1481	2096	718	1824
ENSG00000138600.9	954	1034	326	1110
ENSG00000138604.9	523	608	318	558
ENSG00000138606.19	70	82	19	81
ENSG00000138613.13	265	131	174	560
ENSG00000138614.14	589	940	274	803
ENSG00000138615.5	8	14	38	368
ENSG00000138617.15	106	191	78	199
ENSG00000138621.11	105	68	74	168
ENSG00000138622.3	62	4	33	35
ENSG00000138623.10	727	39	35	177
ENSG00000138629.15	417	242	255	740
ENSG00000138639.17	157	3	23	20
ENSG00000138640.14	358	616	151	381
ENSG00000138641.16	330	263	290	189
ENSG00000138642.14	339	180	328	271
ENSG00000138646.8	137	118	37	146
ENSG00000138650.8	5	7	25	46
ENSG00000138658.15	94	97	113	220
ENSG00000138660.11	240	317	295	402
ENSG00000138663.8	287	207	215	441
ENSG00000138668.18	3315	3341	2644	4965
ENSG00000138669.9	102	26	7	28
ENSG00000138670.17	258	94	240	784
ENSG00000138674.16	2913	1214	1961	3041
ENSG00000138678.10	117	24	39	67
ENSG00000138685.15	5	38	22	59
ENSG00000138686.9	197	156	107	212
ENSG00000138688.15	1021	587	699	1041
ENSG00000138696.10	175	220	295	508
ENSG00000138698.14	601	336	312	444
ENSG00000138709.18	281	294	669	837
ENSG00000138735.15	32	113	30	10
ENSG00000138738.10	21	54	30	110
ENSG00000138744.14	107	164	139	166
ENSG00000138750.14	516	345	223	402
ENSG00000138755.5	14	9	14	2
ENSG00000138756.17	492	389	408	865
ENSG00000138757.14	2306	1452	1454	2232
ENSG00000138758.11	720	474	708	681
ENSG00000138759.18	1309	240	211	650
ENSG00000138760.9	3682	1848	1483	2947
ENSG00000138764.14	1540	446	405	762
ENSG00000138767.13	450	297	232	464
ENSG00000138768.14	1469	1086	1176	2073
ENSG00000138769.10	60	29	19	126
ENSG00000138771.15	1852	1328	684	1466
ENSG00000138772.12	2305	960	639	1461
ENSG00000138777.19	294	347	659	521
ENSG00000138778.11	114	220	107	295
ENSG00000138780.14	174	128	115	169
ENSG00000138785.14	117	104	140	255
ENSG00000138792.9	99	24	78	113
ENSG00000138794.9	264	214	88	271
ENSG00000138795.9	10	12	20	23
ENSG00000138796.16	428	642	424	547
ENSG00000138798.11	31	3	23	21
ENSG00000138801.8	827	1424	1123	914
ENSG00000138802.11	412	395	381	512
ENSG00000138814.16	570	429	629	707
ENSG00000138821.12	311	1151	300	231
ENSG00000138823.13	6	9	4	2
ENSG00000138829.11	1573	48	360	346
ENSG00000138834.12	2119	919	2507	2547
ENSG00000138835.22	397	571	123	608
ENSG00000138867.16	700	632	836	1745
ENSG00000138942.15	466	299	546	1103
ENSG00000138944.7	74	17	17	94
ENSG00000138964.16	67	81	153	167
ENSG00000139044.11	719	418	169	460
ENSG00000139055.6	139	219	46	200
ENSG00000139083.10	952	811	454	946
ENSG00000139112.10	1006	475	689	1718
ENSG00000139116.18	620	377	487	432
ENSG00000139117.13	14	0	32	104
ENSG00000139131.12	341	228	228	454
ENSG00000139132.14	610	1064	347	570
ENSG00000139133.6	131	73	57	86
ENSG00000139146.13	5265	3007	1850	3284
ENSG00000139154.14	728	820	490	1061
ENSG00000139160.13	46	65	68	67
ENSG00000139163.15	1711	1266	1141	1388
ENSG00000139168.7	802	548	513	802
ENSG00000139173.9	150	56	76	248
ENSG00000139174.11	859	233	252	588
ENSG00000139178.10	743	571	504	2648
ENSG00000139180.10	399	729	300	751
ENSG00000139182.14	2294	879	684	5028
ENSG00000139187.9	21	30	13	18
ENSG00000139190.16	151	150	405	891
ENSG00000139192.11	360	265	152	915
ENSG00000139193.3	3	0	1	10
ENSG00000139194.7	5	7	1	201
ENSG00000139197.10	735	1135	394	1543
ENSG00000139200.13	1	0	5	11
ENSG00000139209.15	59	18	14	95
ENSG00000139211.6	209	102	46	120
ENSG00000139218.17	2670	2285	1824	2547
ENSG00000139219.18	9	5	14	62
ENSG00000139233.6	648	548	468	976
ENSG00000139239.7	12	52	61	48
ENSG00000139263.11	341	448	244	757
ENSG00000139266.5	420	211	202	735
ENSG00000139269.2	6	0	7	518
ENSG00000139278.9	131	77	85	112
ENSG00000139287.12	0	0	0	1
ENSG00000139289.13	639	2095	237	516
ENSG00000139291.13	431	432	450	1055
ENSG00000139292.12	941	1	8	568
ENSG00000139304.13	27	18	8	137
ENSG00000139318.7	1729	2293	384	374
ENSG00000139323.13	500	815	254	415
ENSG00000139324.11	653	357	376	685
ENSG00000139329.4	63	4	29	26
ENSG00000139343.10	814	885	720	1566
ENSG00000139344.7	2	8	1	72
ENSG00000139350.11	699	371	206	842
ENSG00000139351.14	4	6	7	7
ENSG00000139352.3	0	5	1	6
ENSG00000139354.10	91	146	106	319
ENSG00000139364.10	467	2	57	206
ENSG00000139370.11	535	327	464	741
ENSG00000139372.14	1696	902	811	1598
ENSG00000139405.15	525	368	543	783
ENSG00000139410.14	108	214	215	307
ENSG00000139428.11	292	572	418	481
ENSG00000139433.9	582	522	717	1078
ENSG00000139436.20	800	573	547	1080
ENSG00000139437.17	394	366	286	706
ENSG00000139438.5	44	148	40	328
ENSG00000139445.17	11	4	0	31
ENSG00000139496.15	1192	668	1171	1112
ENSG00000139505.11	378	161	358	368
ENSG00000139508.14	161	5	372	198
ENSG00000139514.12	2701	2070	2410	3096
ENSG00000139517.8	530	188	295	437
ENSG00000139531.12	573	237	362	460
ENSG00000139537.10	52	1	8	18
ENSG00000139540.11	7	4	0	7
ENSG00000139546.10	775	507	549	1301
ENSG00000139547.7	43	9	7	71
ENSG00000139567.12	19	25	16	103
ENSG00000139572.3	3	1	5	4
ENSG00000139579.12	413	562	553	946
ENSG00000139597.17	344	71	48	223
ENSG00000139613.11	2529	2457	1782	4629
ENSG00000139618.14	158	153	41	180
ENSG00000139620.12	645	393	276	470
ENSG00000139624.12	1171	399	452	765
ENSG00000139625.12	632	436	1000	1327
ENSG00000139626.15	123	376	41	32
ENSG00000139629.15	1111	883	406	868
ENSG00000139631.18	566	547	559	465
ENSG00000139636.15	1007	284	301	598
ENSG00000139637.13	452	602	527	727
ENSG00000139641.12	3687	3439	1407	4861
ENSG00000139644.12	12507	11665	7666	9632
ENSG00000139645.9	2151	1963	1550	3815
ENSG00000139651.10	964	1094	767	1609
ENSG00000139668.8	405	562	842	619
ENSG00000139675.12	100	134	64	159
ENSG00000139679.15	27	39	23	39
ENSG00000139684.13	636	703	850	1281
ENSG00000139687.15	851	249	676	1161
ENSG00000139697.13	2259	2357	1555	2090
ENSG00000139714.12	136	56	7	55
ENSG00000139718.10	1255	1276	2177	2571
ENSG00000139719.10	455	269	238	778
ENSG00000139722.6	2033	811	713	1747
ENSG00000139725.7	1958	793	3117	2018
ENSG00000139726.10	2124	2146	2379	3029
ENSG00000139734.18	140	404	115	381
ENSG00000139737.21	385	350	266	253
ENSG00000139746.15	1356	1506	1318	1359
ENSG00000139767.9	0	0	0	9
ENSG00000139793.18	1253	1223	1768	1836
ENSG00000139800.8	0	162	0	1
ENSG00000139826.5	446	251	315	609
ENSG00000139832.4	363	926	361	254
ENSG00000139835.13	212	108	118	94
ENSG00000139842.14	2298	1988	1614	2554
ENSG00000139865.16	3	72	0	0
ENSG00000139880.19	525	216	176	408
ENSG00000139890.9	44	8	15	21
ENSG00000139899.10	55	21	30	164
ENSG00000139908.14	7	12	7	5
ENSG00000139910.19	104	57	25	69
ENSG00000139914.6	9	1	0	7
ENSG00000139915.19	10	2	1	13
ENSG00000139921.12	527	1173	733	1115
ENSG00000139926.15	260	74	106	35
ENSG00000139946.9	264	577	173	810
ENSG00000139970.16	13	41	3	44
ENSG00000139971.15	96	49	19	85
ENSG00000139973.16	42	3	11	47
ENSG00000139974.15	87	78	175	96
ENSG00000139977.13	582	713	492	876
ENSG00000139985.6	1	6	5	23
ENSG00000139988.9	2	2	0	14
ENSG00000139990.17	1154	1066	1455	2031
ENSG00000139998.15	316	88	104	240
ENSG00000140006.11	239	329	263	316
ENSG00000140009.18	6	2	6	10
ENSG00000140022.11	661	822	963	1229
ENSG00000140025.15	121	187	144	140
ENSG00000140030.5	27	8	15	23
ENSG00000140043.11	222	432	270	604
ENSG00000140044.12	511	2030	610	1677
ENSG00000140057.8	35	73	8	33
ENSG00000140067.6	42	21	122	251
ENSG00000140090.17	3	4	6	1
ENSG00000140092.14	98	57	131	507
ENSG00000140104.13	209	337	220	507
ENSG00000140105.17	1473	1076	2003	5054
ENSG00000140153.17	369	344	372	403
ENSG00000140157.14	908	878	1139	1113
ENSG00000140199.11	890	424	540	844
ENSG00000140254.12	16	3	0	19
ENSG00000140259.6	481	527	241	676
ENSG00000140262.17	1441	1471	367	1246
ENSG00000140263.13	646	1601	436	600
ENSG00000140264.19	4624	4369	5651	7137
ENSG00000140265.12	583	496	249	979
ENSG00000140279.12	17	12	1	23
ENSG00000140280.13	10	108	124	235
ENSG00000140284.10	35	69	34	20
ENSG00000140285.9	3	1	2	1
ENSG00000140297.12	372	74	21	121
ENSG00000140299.11	1581	1373	855	1548
ENSG00000140307.10	582	1068	421	935
ENSG00000140319.10	3062	3211	2702	4878
ENSG00000140320.11	754	516	492	1252
ENSG00000140323.5	49	10	45	356
ENSG00000140326.13	335	441	232	554
ENSG00000140332.15	1068	920	1064	1282
ENSG00000140350.15	2471	5435	1572	4076
ENSG00000140365.15	483	457	311	1170
ENSG00000140367.11	691	315	327	1020
ENSG00000140368.12	30	13	13	22
ENSG00000140374.15	628	594	813	1259
ENSG00000140379.7	26	5	16	24
ENSG00000140382.14	565	312	360	741
ENSG00000140386.12	295	98	127	223
ENSG00000140391.14	3423	3244	1434	3787
ENSG00000140395.8	397	345	445	716
ENSG00000140396.12	1845	1218	822	1418
ENSG00000140398.13	89	81	205	273
ENSG00000140400.16	1508	901	1231	2786
ENSG00000140403.12	1842	5	1208	2032
ENSG00000140406.3	1177	200	201	980
ENSG00000140416.20	2308	2140	915	3344
ENSG00000140443.14	2306	586	1160	1872
ENSG00000140450.8	328	18	635	219
ENSG00000140451.12	89	249	90	397
ENSG00000140455.16	737	1667	313	764
ENSG00000140459.17	9	1	0	60
ENSG00000140463.13	276	92	93	185
ENSG00000140464.19	1289	1062	1209	2081
ENSG00000140465.13	0	0	5	5
ENSG00000140470.13	28	10	61	103
ENSG00000140471.16	706	81	252	237
ENSG00000140474.13	655	1037	846	1484
ENSG00000140479.16	1	0	26	0
ENSG00000140481.14	175	64	27	358
ENSG00000140497.16	1510	671	1083	2330
ENSG00000140511.11	383	57	582	2426
ENSG00000140519.13	0	17	3	85
ENSG00000140521.13	846	589	569	1213
ENSG00000140525.17	467	452	197	847
ENSG00000140526.17	1294	616	570	1560
ENSG00000140527.14	33	11	3	13
ENSG00000140534.13	136	253	75	291
ENSG00000140538.16	9	0	1	9
ENSG00000140543.14	24	29	24	90
ENSG00000140545.14	4089	352	11728	22520
ENSG00000140548.9	638	192	213	799
ENSG00000140553.17	1015	663	901	1239
ENSG00000140557.11	33	11	17	65
ENSG00000140563.14	178	96	95	125
ENSG00000140564.11	1742	535	831	1565
ENSG00000140575.12	5360	3047	2787	5881
ENSG00000140577.15	416	252	270	754
ENSG00000140598.14	280	238	149	559
ENSG00000140600.16	18	25	22	51
ENSG00000140612.13	1621	1262	1174	2440
ENSG00000140623.13	0	7	0	11
ENSG00000140632.16	2153	968	1782	2504
ENSG00000140650.11	428	180	532	721
ENSG00000140675.12	125	78	125	49
ENSG00000140678.16	121	49	76	210
ENSG00000140682.18	276	6	123	168
ENSG00000140688.16	1668	943	1224	2157
ENSG00000140691.16	241	95	464	433
ENSG00000140694.16	761	352	656	1064
ENSG00000140718.20	375	210	415	530
ENSG00000140740.10	2278	3974	3485	2995
ENSG00000140743.7	424	156	220	474
ENSG00000140749.8	9	2	2	11
ENSG00000140750.16	757	345	451	604
ENSG00000140795.12	12	21	7	111
ENSG00000140807.6	60	66	127	85
ENSG00000140829.11	1073	696	1286	1732
ENSG00000140830.8	146	170	143	166
ENSG00000140832.9	431	227	177	487
ENSG00000140835.9	11	213	16	66
ENSG00000140836.16	1312	631	718	1053
ENSG00000140839.11	7	13	29	36
ENSG00000140848.16	680	316	194	169
ENSG00000140853.15	127	165	346	1110
ENSG00000140854.12	334	310	356	478
ENSG00000140859.15	567	198	871	532
ENSG00000140873.15	11	19	14	5
ENSG00000140876.11	10	26	27	40
ENSG00000140905.10	106	230	388	389
ENSG00000140931.19	783	294	150	640
ENSG00000140937.13	18	34	19	11
ENSG00000140939.14	350	203	591	460
ENSG00000140941.12	946	438	1055	1064
ENSG00000140943.16	1776	1194	1890	2288
ENSG00000140948.11	460	498	644	772
ENSG00000140950.15	420	127	517	402
ENSG00000140961.12	62	53	39	75
ENSG00000140968.10	135	25	28	76
ENSG00000140983.13	2016	934	2193	2693
ENSG00000140986.7	0	1	0	1
ENSG00000140987.19	209	98	143	234
ENSG00000140988.15	14809	23316	30460	36950
ENSG00000140990.14	536	684	1462	910
ENSG00000140992.18	1383	1154	1081	1451
ENSG00000140993.10	202	64	220	282
ENSG00000140995.16	718	197	585	1101
ENSG00000141002.19	1283	978	1391	1938
ENSG00000141012.12	453	307	264	539
ENSG00000141013.16	455	412	375	771
ENSG00000141026.5	185	168	121	312
ENSG00000141027.20	1854	769	890	2329
ENSG00000141030.12	518	512	594	1276
ENSG00000141034.9	126	134	102	275
ENSG00000141040.14	60	31	42	101
ENSG00000141052.17	2	0	1	12
ENSG00000141068.14	321	103	334	744
ENSG00000141076.17	462	492	595	747
ENSG00000141084.10	522	358	647	525
ENSG00000141096.4	0	0	0	93
ENSG00000141098.12	459	285	411	440
ENSG00000141101.12	357	640	564	722
ENSG00000141127.14	455	282	260	577
ENSG00000141179.13	286	417	719	761
ENSG00000141198.15	614	749	406	675
ENSG00000141219.15	601	408	245	596
ENSG00000141232.4	989	747	940	1413
ENSG00000141252.19	526	351	407	1235
ENSG00000141258.12	1461	1020	766	1575
ENSG00000141279.15	2575	2344	2235	3229
ENSG00000141293.15	346	61	156	519
ENSG00000141294.9	28	17	12	19
ENSG00000141295.13	283	360	272	496
ENSG00000141298.18	725	257	290	867
ENSG00000141314.12	0	0	1	1
ENSG00000141316.12	4	0	0	2
ENSG00000141337.12	81	107	85	104
ENSG00000141349.8	456	823	293	681
ENSG00000141367.11	5625	6556	5403	7973
ENSG00000141376.22	190	496	240	370
ENSG00000141378.14	272	440	372	546
ENSG00000141380.13	1203	790	849	3437
ENSG00000141384.12	65	76	144	534
ENSG00000141385.9	2176	1153	1728	4091
ENSG00000141391.13	36	17	91	468
ENSG00000141401.11	230	238	303	800
ENSG00000141404.15	25	6	25	60
ENSG00000141424.12	1458	767	1070	3110
ENSG00000141425.17	1164	737	772	2856
ENSG00000141428.16	146	86	105	543
ENSG00000141429.13	661	696	469	2274
ENSG00000141431.11	114	0	3	0
ENSG00000141433.12	1	18	2	124
ENSG00000141441.15	272	55	71	239
ENSG00000141446.10	459	294	443	789
ENSG00000141447.17	537	472	943	1654
ENSG00000141448.8	190	737	137	108
ENSG00000141449.14	4	19	7	29
ENSG00000141452.9	294	147	375	761
ENSG00000141456.14	1053	1049	792	2606
ENSG00000141458.12	783	283	693	1136
ENSG00000141469.17	27	384	0	2
ENSG00000141480.17	576	356	666	864
ENSG00000141485.16	4	4	7	35
ENSG00000141497.13	126	32	136	286
ENSG00000141499.16	143	234	129	248
ENSG00000141503.15	2025	836	1388	3313
ENSG00000141504.11	303	966	223	1034
ENSG00000141505.11	7	4	4	19
ENSG00000141506.13	70	46	34	116
ENSG00000141510.17	1271	429	356	2674
ENSG00000141519.14	438	480	97	1015
ENSG00000141522.11	2964	3312	2284	3839
ENSG00000141524.15	2600	1663	1302	2592
ENSG00000141526.16	2311	7194	1710	924
ENSG00000141527.17	110	67	44	122
ENSG00000141540.10	30	63	41	145
ENSG00000141542.10	278	272	378	128
ENSG00000141543.10	1496	2007	751	2879
ENSG00000141551.14	3082	2700	2127	4071
ENSG00000141552.17	506	750	618	899
ENSG00000141556.20	1467	1796	795	2140
ENSG00000141560.14	562	599	265	1086
ENSG00000141562.17	1389	987	582	1121
ENSG00000141564.14	954	698	275	1016
ENSG00000141568.20	1684	1195	799	2149
ENSG00000141569.11	483	709	217	730
ENSG00000141570.10	128	205	67	422
ENSG00000141574.7	336	127	331	339
ENSG00000141576.15	71	256	15	98
ENSG00000141577.13	496	751	228	801
ENSG00000141579.6	189	9	25	5
ENSG00000141580.15	4240	2724	2132	2377
ENSG00000141582.14	921	276	383	2725
ENSG00000141622.13	25	44	72	395
ENSG00000141627.13	449	343	105	916
ENSG00000141639.11	20	0	0	16
ENSG00000141642.8	82	81	35	188
ENSG00000141644.17	1064	381	510	1958
ENSG00000141646.13	1235	676	381	1989
ENSG00000141655.16	38	71	29	80
ENSG00000141664.9	438	174	177	575
ENSG00000141665.12	14	34	2	11
ENSG00000141682.11	388	122	57	459
ENSG00000141696.12	435	370	174	932
ENSG00000141698.16	380	992	220	893
ENSG00000141699.10	850	846	453	886
ENSG00000141736.13	4297	11913	1948	6455
ENSG00000141738.13	1338	4126	471	1468
ENSG00000141741.11	480	2011	388	1061
ENSG00000141744.3	15	53	1	26
ENSG00000141750.6	6	89	85	11
ENSG00000141753.6	328	167	2410	5077
ENSG00000141756.18	1569	1278	1327	5731
ENSG00000141759.14	947	786	576	1030
ENSG00000141837.19	369	423	15	1049
ENSG00000141854.9	126	71	136	255
ENSG00000141858.11	726	999	859	1719
ENSG00000141867.17	1994	2168	2140	6369
ENSG00000141873.10	131	105	192	334
ENSG00000141905.18	234	1103	619	1254
ENSG00000141933.9	44	231	45	279
ENSG00000141934.9	371	1763	391	63
ENSG00000141956.13	431	438	333	880
ENSG00000141959.16	3260	2167	2539	3732
ENSG00000141965.4	365	397	342	791
ENSG00000141968.7	56	431	192	217
ENSG00000141971.12	267	882	619	1044
ENSG00000141985.9	918	705	886	1284
ENSG00000141994.15	482	982	286	687
ENSG00000142002.17	771	742	723	1313
ENSG00000142039.3	459	407	507	1992
ENSG00000142046.14	86	56	39	145
ENSG00000142065.13	201	77	225	274
ENSG00000142082.14	250	337	169	476
ENSG00000142089.15	5102	6911	7855	13248
ENSG00000142102.15	5340	22515	7587	2711
ENSG00000142149.8	405	1439	168	112
ENSG00000142156.14	1091	1013	1363	9014
ENSG00000142166.12	1008	2559	1489	1028
ENSG00000142168.14	1669	4935	2454	2264
ENSG00000142173.14	303	46	565	7480
ENSG00000142178.8	60	291	46	79
ENSG00000142185.16	211	100	200	421
ENSG00000142186.16	1234	1079	1434	1952
ENSG00000142188.16	1294	591	995	1055
ENSG00000142192.20	15142	9845	3748	13742
ENSG00000142197.12	742	335	276	421
ENSG00000142207.6	653	2353	1273	1161
ENSG00000142208.16	3157	2799	2732	3070
ENSG00000142224.15	0	11	1	1
ENSG00000142227.10	147	33	263	447
ENSG00000142230.11	1191	707	804	1150
ENSG00000142233.11	31	25	6	28
ENSG00000142235.9	249	80	250	273
ENSG00000142252.10	190	89	184	266
ENSG00000142273.12	600	195	361	668
ENSG00000142279.12	717	670	186	2210
ENSG00000142303.13	12	104	1	36
ENSG00000142319.17	2	9	17	145
ENSG00000142327.12	1013	1131	823	1397
ENSG00000142330.19	541	519	488	654
ENSG00000142347.17	108	63	56	107
ENSG00000142396.10	456	238	354	1999
ENSG00000142405.21	1	3	3	1
ENSG00000142408.4	0	4	4	4
ENSG00000142409.5	828	574	931	3259
ENSG00000142444.6	236	587	113	580
ENSG00000142449.12	2049	140	65	2700
ENSG00000142453.11	1585	3202	573	2419
ENSG00000142459.8	461	328	258	947
ENSG00000142494.13	4	5	15	58
ENSG00000142507.9	698	549	819	1797
ENSG00000142512.14	15	34	16	22
ENSG00000142515.14	0	15	0	6
ENSG00000142528.15	348	155	240	256
ENSG00000142530.10	40	30	32	62
ENSG00000142534.6	9957	11234	14649	12982
ENSG00000142541.16	14467	23357	28310	29355
ENSG00000142544.6	104	75	118	324
ENSG00000142546.13	596	259	446	450
ENSG00000142549.9	152	10	10	109
ENSG00000142552.7	188	19	200	93
ENSG00000142556.18	363	141	222	219
ENSG00000142583.17	85	85	95	106
ENSG00000142599.17	2314	3242	1605	2931
ENSG00000142606.15	99	257	54	150
ENSG00000142609.18	0	14	1	0
ENSG00000142611.16	13	12	32	56
ENSG00000142619.4	1	8	3	50
ENSG00000142621.19	73	147	14	62
ENSG00000142623.10	25	346	28	7
ENSG00000142627.12	3182	4400	2574	2917
ENSG00000142632.16	602	291	468	479
ENSG00000142634.12	759	1448	723	1777
ENSG00000142655.12	361	326	326	528
ENSG00000142657.20	1164	1964	791	1651
ENSG00000142661.18	1	3	23	896
ENSG00000142669.14	1314	826	1285	1558
ENSG00000142675.17	741	443	501	1009
ENSG00000142676.14	6342	23930	18808	17832
ENSG00000142677.3	32	6	29	280
ENSG00000142684.8	181	396	289	417
ENSG00000142686.7	44	186	174	677
ENSG00000142687.17	1106	1185	1314	2291
ENSG00000142694.6	583	760	211	476
ENSG00000142731.10	142	186	93	224
ENSG00000142733.15	486	510	510	655
ENSG00000142748.12	0	0	1	3
ENSG00000142751.14	454	830	382	846
ENSG00000142765.17	439	438	590	441
ENSG00000142784.15	1244	1080	1067	1961
ENSG00000142794.18	125	60	111	207
ENSG00000142798.19	8113	8871	13585	11282
ENSG00000142856.16	93	293	107	252
ENSG00000142864.14	3909	8101	4425	7389
ENSG00000142867.13	568	704	512	555
ENSG00000142871.16	1439	1288	1677	3128
ENSG00000142875.19	110	134	21	283
ENSG00000142892.14	238	344	501	684
ENSG00000142910.15	852	802	3353	3395
ENSG00000142920.16	58	58	50	116
ENSG00000142937.11	7820	23477	20530	33607
ENSG00000142945.12	214	692	301	818
ENSG00000142949.16	8919	11034	9739	12302
ENSG00000142959.4	8	41	23	153
ENSG00000142961.14	350	157	358	414
ENSG00000142973.13	26	177	40	695
ENSG00000143001.4	4	13	11	30
ENSG00000143013.12	1491	733	908	1468
ENSG00000143028.8	3	1	20	43
ENSG00000143033.17	609	713	446	973
ENSG00000143036.16	132	65	98	76
ENSG00000143061.17	1250	222	503	732
ENSG00000143067.4	513	37	73	54
ENSG00000143079.14	1502	762	617	1114
ENSG00000143093.14	545	594	946	1004
ENSG00000143106.12	773	1261	1443	1831
ENSG00000143107.8	2	0	0	0
ENSG00000143110.11	46	66	84	98
ENSG00000143119.13	139	79	99	135
ENSG00000143125.5	2	3	2	0
ENSG00000143126.7	2366	2098	5120	5966
ENSG00000143127.12	25	30	25	62
ENSG00000143147.14	988	1908	181	829
ENSG00000143149.12	716	838	710	1116
ENSG00000143153.12	2494	885	236	1632
ENSG00000143155.12	1025	701	797	1424
ENSG00000143156.13	332	166	202	398
ENSG00000143157.11	2851	1297	1082	2760
ENSG00000143158.10	443	452	571	1009
ENSG00000143162.8	1816	1669	2998	4488
ENSG00000143164.15	1085	667	1207	2159
ENSG00000143167.11	0	1	4	1
ENSG00000143171.12	2	0	6	2
ENSG00000143178.12	147	83	133	252
ENSG00000143179.15	653	1147	787	1420
ENSG00000143183.16	743	570	1462	2712
ENSG00000143184.4	11	19	59	18
ENSG00000143190.22	1011	717	536	912
ENSG00000143194.12	1	5	1	4
ENSG00000143195.12	30	50	34	79
ENSG00000143198.12	977	1168	1153	1986
ENSG00000143199.17	2	1	4	3
ENSG00000143207.20	1198	583	708	1401
ENSG00000143217.8	1631	452	426	260
ENSG00000143222.11	1491	891	1043	1504
ENSG00000143224.17	364	424	547	794
ENSG00000143226.13	67	48	64	88
ENSG00000143228.12	204	288	148	773
ENSG00000143248.12	36	40	24	9
ENSG00000143252.14	2199	2324	1909	3020
ENSG00000143256.4	932	681	1000	1390
ENSG00000143257.11	1	3	6	2
ENSG00000143258.15	741	305	479	804
ENSG00000143278.4	0	10	0	0
ENSG00000143294.14	1881	827	1221	2475
ENSG00000143303.11	383	340	186	678
ENSG00000143314.12	602	1536	1043	1009
ENSG00000143315.7	712	540	546	929
ENSG00000143318.12	4	4	0	22
ENSG00000143319.16	1387	703	931	1827
ENSG00000143320.8	7355	7611	4878	4335
ENSG00000143321.18	8654	5979	8297	17306
ENSG00000143322.19	755	395	528	826
ENSG00000143324.13	5111	2138	3718	3117
ENSG00000143333.6	125	64	78	383
ENSG00000143337.18	1210	663	982	1154
ENSG00000143340.6	3	3	2	1
ENSG00000143341.11	12	0	31	14
ENSG00000143344.15	441	337	197	415
ENSG00000143353.11	74	171	116	345
ENSG00000143363.16	795	565	381	1078
ENSG00000143365.17	157	266	157	489
ENSG00000143367.15	1704	419	716	1610
ENSG00000143368.9	1668	1016	1116	2469
ENSG00000143369.14	98	23	36	106
ENSG00000143373.17	1460	1586	615	2375
ENSG00000143374.16	781	572	786	1601
ENSG00000143375.14	4178	3275	3193	6147
ENSG00000143376.13	1364	740	669	1343
ENSG00000143379.12	1856	1631	796	1609
ENSG00000143382.14	641	101	85	458
ENSG00000143384.12	9814	9921	8394	13508
ENSG00000143387.12	212	88	28	137
ENSG00000143390.17	774	1592	697	2071
ENSG00000143393.16	1962	1755	2077	2258
ENSG00000143398.19	3850	2021	2506	4025
ENSG00000143401.14	1986	1106	1926	2645
ENSG00000143409.15	556	235	257	686
ENSG00000143412.9	70	238	159	355
ENSG00000143416.20	564	1356	654	1073
ENSG00000143418.19	2745	3828	1901	3443
ENSG00000143420.18	3775	2926	3150	3851
ENSG00000143429.10	24	25	30	64
ENSG00000143434.15	821	206	144	405
ENSG00000143436.10	878	581	525	1158
ENSG00000143437.20	1608	968	884	1507
ENSG00000143442.21	3685	2310	1769	4140
ENSG00000143443.9	88	135	92	496
ENSG00000143450.16	3	6	11	13
ENSG00000143452.15	1	21	0	9
ENSG00000143457.10	1080	1262	590	1186
ENSG00000143458.11	523	1117	271	700
ENSG00000143469.18	1	0	0	13
ENSG00000143473.12	2	3	1	0
ENSG00000143476.17	140	340	92	258
ENSG00000143479.16	42	237	102	131
ENSG00000143486.15	11	1067	923	1171
ENSG00000143493.12	376	271	216	298
ENSG00000143494.15	118	9	12	35
ENSG00000143498.17	138	95	67	117
ENSG00000143499.13	419	1306	166	776
ENSG00000143502.14	58	182	466	69
ENSG00000143507.17	476	290	349	258
ENSG00000143512.12	12	7	1	8
ENSG00000143514.16	3062	714	659	1879
ENSG00000143515.16	719	130	251	1578
ENSG00000143536.7	0	7	3	0
ENSG00000143537.13	1816	2160	1388	1899
ENSG00000143543.14	868	622	1078	1396
ENSG00000143545.8	974	631	1143	2995
ENSG00000143546.9	108	19	280	108
ENSG00000143549.19	9227	5351	5049	9763
ENSG00000143552.9	32	0	0	2
ENSG00000143553.10	521	521	446	678
ENSG00000143554.13	666	636	262	1270
ENSG00000143569.18	3901	2974	3103	5367
ENSG00000143570.17	524	187	246	405
ENSG00000143575.14	1242	737	1347	1848
ENSG00000143578.15	704	286	287	844
ENSG00000143590.13	179	25	59	56
ENSG00000143603.18	122	37	2	13
ENSG00000143612.20	3298	2555	2400	3779
ENSG00000143614.9	1665	811	1127	1598
ENSG00000143621.16	3902	2630	2898	5695
ENSG00000143622.10	1161	410	313	928
ENSG00000143624.13	5486	2759	2396	6455
ENSG00000143627.19	1	3	4	3
ENSG00000143630.9	129	130	202	274
ENSG00000143631.10	13	336	1051	9
ENSG00000143632.14	8	0	34	1
ENSG00000143633.12	246	194	170	272
ENSG00000143641.9	1996	1335	1812	3816
ENSG00000143643.12	377	439	283	399
ENSG00000143653.9	624	957	624	1206
ENSG00000143669.13	385	119	248	302
ENSG00000143674.10	404	673	623	622
ENSG00000143702.15	924	512	501	569
ENSG00000143727.15	1982	1538	2076	2457
ENSG00000143740.14	483	467	378	602
ENSG00000143742.12	3083	3607	3505	3028
ENSG00000143748.17	450	361	377	524
ENSG00000143751.9	796	494	678	692
ENSG00000143753.12	1047	495	1763	1618
ENSG00000143756.11	764	586	705	630
ENSG00000143761.15	5826	4326	6896	7560
ENSG00000143768.12	0	30	0	25
ENSG00000143771.11	801	582	526	607
ENSG00000143772.9	557	674	203	448
ENSG00000143774.16	2184	2443	4702	3190
ENSG00000143776.18	1363	833	1131	1299
ENSG00000143786.7	41	27	19	25
ENSG00000143793.12	436	562	482	504
ENSG00000143797.11	1646	978	1211	915
ENSG00000143799.12	2828	4091	2408	3397
ENSG00000143801.16	291	194	260	370
ENSG00000143811.18	931	816	1240	1134
ENSG00000143815.14	908	443	891	675
ENSG00000143816.7	281	588	399	1023
ENSG00000143819.12	678	1054	2110	1022
ENSG00000143839.14	5	3	0	0
ENSG00000143842.14	881	1209	390	906
ENSG00000143845.14	332	150	144	289
ENSG00000143847.15	357	1128	588	474
ENSG00000143850.14	1315	476	436	1416
ENSG00000143851.15	11	19	9	17
ENSG00000143858.11	24	15	5	8
ENSG00000143862.7	1574	734	895	1337
ENSG00000143867.6	13	12	35	313
ENSG00000143869.6	40	7	2	4
ENSG00000143870.12	8894	3592	6029	14746
ENSG00000143878.9	1816	1805	1130	3468
ENSG00000143882.11	270	174	233	296
ENSG00000143889.15	841	651	471	1027
ENSG00000143891.16	252	462	131	501
ENSG00000143919.14	66	47	111	89
ENSG00000143921.7	1	8	0	18
ENSG00000143924.18	2044	1514	1167	1980
ENSG00000143933.16	9897	7844	6350	12298
ENSG00000143942.4	31	69	39	77
ENSG00000143947.13	7981	16904	11482	19960
ENSG00000143951.15	182	132	133	313
ENSG00000143952.19	707	394	476	1105
ENSG00000143954.12	1	71	15	3
ENSG00000143970.16	1598	1201	751	1598
ENSG00000143971.8	450	274	162	635
ENSG00000143977.13	872	638	690	1365
ENSG00000143994.13	13	11	17	52
ENSG00000143995.19	6062	5773	2163	2104
ENSG00000144021.2	1355	1764	1588	2330
ENSG00000144026.11	373	359	384	1118
ENSG00000144028.14	5698	7051	5059	8668
ENSG00000144029.11	1188	1315	1273	1522
ENSG00000144031.11	84	7	4	23
ENSG00000144034.14	359	354	415	493
ENSG00000144036.15	945	476	280	527
ENSG00000144040.12	569	308	446	673
ENSG00000144043.11	943	1143	1021	1492
ENSG00000144045.13	58	0	1	12
ENSG00000144048.10	471	192	367	484
ENSG00000144057.15	212	28	407	308
ENSG00000144061.12	291	284	191	325
ENSG00000144063.3	106	22	182	51
ENSG00000144115.16	750	2	90	1747
ENSG00000144118.13	1125	907	998	1475
ENSG00000144119.3	0	0	1	2
ENSG00000144120.12	190	161	194	266
ENSG00000144130.11	0	1	0	14
ENSG00000144134.18	344	684	188	498
ENSG00000144136.10	1255	1222	886	1524
ENSG00000144152.12	16	12	3	52
ENSG00000144158.4	3	5	7	5
ENSG00000144161.12	283	454	338	447
ENSG00000144182.16	111	87	245	121
ENSG00000144191.11	0	4	0	3
ENSG00000144199.11	74	84	54	286
ENSG00000144214.9	10	34	63	19
ENSG00000144218.18	4	48	2	97
ENSG00000144224.16	3571	2719	3345	4665
ENSG00000144228.8	438	507	540	545
ENSG00000144229.11	5	0	14	5
ENSG00000144230.16	11	20	0	18
ENSG00000144231.10	603	889	519	878
ENSG00000144233.9	992	820	738	1012
ENSG00000144278.14	102	42	137	7
ENSG00000144283.21	1359	2277	2267	2195
ENSG00000144306.14	160	242	311	242
ENSG00000144320.13	574	512	618	494
ENSG00000144331.19	1	7	0	2
ENSG00000144339.11	29	1	2	2
ENSG00000144354.13	104	420	76	247
ENSG00000144357.16	1048	655	1071	871
ENSG00000144362.11	58	48	54	79
ENSG00000144366.15	470	176	63	353
ENSG00000144369.12	400	174	101	123
ENSG00000144381.16	12622	15587	15184	14017
ENSG00000144395.17	107	107	63	113
ENSG00000144401.14	264	166	224	413
ENSG00000144406.18	1	4	1	0
ENSG00000144407.9	771	337	4	475
ENSG00000144410.4	4	2	7	3
ENSG00000144426.18	535	401	346	274
ENSG00000144445.16	345	118	205	340
ENSG00000144451.18	330	155	174	474
ENSG00000144452.14	12	12	15	3
ENSG00000144455.13	808	836	527	427
ENSG00000144460.12	0	10	5	0
ENSG00000144468.16	547	401	603	352
ENSG00000144476.5	394	160	714	627
ENSG00000144481.16	16	9	28	109
ENSG00000144485.10	374	161	161	329
ENSG00000144488.14	27	5	476	262
ENSG00000144504.15	461	481	159	403
ENSG00000144524.17	750	699	950	1822
ENSG00000144535.19	465	731	385	773
ENSG00000144550.12	3	3	1	3
ENSG00000144554.10	279	737	240	1054
ENSG00000144559.10	103	188	93	164
ENSG00000144560.14	1975	2821	1664	2109
ENSG00000144566.10	865	1003	1244	1240
ENSG00000144567.10	1809	1843	1401	3026
ENSG00000144579.7	1789	1770	1377	2001
ENSG00000144580.13	982	757	571	1195
ENSG00000144583.4	3	0	0	3
ENSG00000144589.21	533	517	722	986
ENSG00000144591.18	511	378	719	935
ENSG00000144596.12	1	18	11	24
ENSG00000144597.13	365	545	500	574
ENSG00000144619.14	106	20	0	0
ENSG00000144635.8	444	804	470	700
ENSG00000144642.21	84	9	159	292
ENSG00000144645.13	305	565	945	1098
ENSG00000144647.5	172	288	217	420
ENSG00000144648.15	94	28	66	27
ENSG00000144649.8	29	8	11	29
ENSG00000144655.14	797	1243	1067	973
ENSG00000144659.12	454	1158	845	1065
ENSG00000144668.11	19	57	25	23
ENSG00000144671.10	2	21	3	19
ENSG00000144674.16	958	1388	1849	2218
ENSG00000144677.14	350	1208	464	602
ENSG00000144681.10	37	248	33	38
ENSG00000144711.15	696	687	422	1056
ENSG00000144712.12	89	64	18	373
ENSG00000144713.12	4549	13946	9676	9491
ENSG00000144724.19	605	1077	406	880
ENSG00000144730.17	431	389	156	129
ENSG00000144736.13	146	257	194	213
ENSG00000144741.17	121	333	240	320
ENSG00000144744.16	608	857	801	837
ENSG00000144746.6	656	751	1465	1600
ENSG00000144747.16	890	1355	1324	858
ENSG00000144749.13	1755	3437	414	985
ENSG00000144785.8	0	2	2	0
ENSG00000144791.9	439	1039	657	814
ENSG00000144792.9	67	47	38	124
ENSG00000144802.11	758	663	497	1897
ENSG00000144810.15	423	27	61	34
ENSG00000144815.15	140	45	279	1168
ENSG00000144821.9	30	46	5	20
ENSG00000144824.20	261	35	339	936
ENSG00000144827.8	256	349	451	995
ENSG00000144834.13	0	0	2	3
ENSG00000144837.8	0	1	1	8
ENSG00000144840.9	275	370	394	968
ENSG00000144843.11	67	85	59	414
ENSG00000144847.12	32	55	46	50
ENSG00000144848.10	544	560	601	2253
ENSG00000144852.17	3	9	2	36
ENSG00000144857.14	255	233	89	677
ENSG00000144867.11	532	840	1091	2513
ENSG00000144868.13	95	83	41	58
ENSG00000144891.17	1	0	0	167
ENSG00000144893.12	35	18	161	155
ENSG00000144895.11	768	1071	1475	4034
ENSG00000144908.13	18	90	54	223
ENSG00000144909.7	324	304	362	1268
ENSG00000144935.14	97	70	215	464
ENSG00000144959.9	625	321	394	408
ENSG00000145002.12	7	11	9	9
ENSG00000145012.13	3745	1525	774	3028
ENSG00000145014.17	380	213	116	702
ENSG00000145016.15	1823	604	1004	2046
ENSG00000145020.15	17	20	12	29
ENSG00000145022.4	119	718	836	639
ENSG00000145040.3	16	1	2	8
ENSG00000145041.15	431	1150	653	905
ENSG00000145050.16	840	644	1021	1639
ENSG00000145075.12	10	1	1	1
ENSG00000145087.12	1	2	0	3
ENSG00000145088.8	40	28	44	46
ENSG00000145103.13	192	156	117	580
ENSG00000145107.15	0	2	0	5
ENSG00000145113.21	5489	1286	15971	2422
ENSG00000145147.19	584	100	66	229
ENSG00000145191.13	1720	889	1090	2858
ENSG00000145192.12	3	0	2	7
ENSG00000145194.18	0	0	0	19
ENSG00000145198.14	7	9	12	18
ENSG00000145214.13	434	321	147	511
ENSG00000145216.15	354	254	300	461
ENSG00000145217.13	10	16	13	19
ENSG00000145220.13	252	480	200	392
ENSG00000145241.10	262	216	154	270
ENSG00000145244.11	5	2	2	1
ENSG00000145246.13	115	64	190	259
ENSG00000145247.11	604	1037	300	541
ENSG00000145248.6	3	4	3	2
ENSG00000145284.11	871	606	888	1591
ENSG00000145287.10	11	26	5	13
ENSG00000145293.15	528	326	395	658
ENSG00000145331.13	144	131	109	231
ENSG00000145332.13	353	182	266	268
ENSG00000145335.15	24	102	52	226
ENSG00000145337.4	723	682	695	1155
ENSG00000145348.16	309	265	203	398
ENSG00000145349.16	247	76	135	312
ENSG00000145354.11	401	447	461	752
ENSG00000145358.6	3	25	24	11
ENSG00000145362.17	39	41	48	626
ENSG00000145365.10	88	143	71	130
ENSG00000145375.7	88	91	60	200
ENSG00000145386.9	131	361	127	539
ENSG00000145388.14	277	181	195	417
ENSG00000145390.11	892	1196	433	317
ENSG00000145391.13	250	304	587	618
ENSG00000145414.8	121	110	156	191
ENSG00000145416.13	62	30	76	114
ENSG00000145423.4	0	0	1	3
ENSG00000145425.9	4977	13352	14434	16297
ENSG00000145428.14	0	0	26	2
ENSG00000145431.10	604	1410	284	522
ENSG00000145439.11	317	253	165	296
ENSG00000145451.12	0	2	3	7
ENSG00000145476.15	76	311	444	334
ENSG00000145491.11	19	86	4	33
ENSG00000145494.11	304	1094	2077	1522
ENSG00000145495.15	3746	5126	7196	8209
ENSG00000145506.13	5	34	100	290
ENSG00000145526.11	0	0	17	2
ENSG00000145536.15	5	15	84	7
ENSG00000145545.11	302	905	670	540
ENSG00000145555.14	1195	2556	3055	6596
ENSG00000145569.5	107	138	142	39
ENSG00000145592.13	5738	18718	13045	25293
ENSG00000145604.15	310	323	143	554
ENSG00000145623.12	386	1510	366	1360
ENSG00000145632.14	2876	1298	1729	4050
ENSG00000145649.7	2	4	4	2
ENSG00000145675.14	945	2607	619	2116
ENSG00000145685.13	312	451	245	575
ENSG00000145687.16	561	344	157	346
ENSG00000145692.14	1	4	0	1
ENSG00000145700.9	25	23	3	20
ENSG00000145703.15	121	46	51	69
ENSG00000145708.10	1	0	0	3
ENSG00000145715.14	814	567	314	1170
ENSG00000145721.11	690	2	380	119
ENSG00000145723.16	84	64	70	79
ENSG00000145725.19	870	695	748	919
ENSG00000145730.20	2546	2130	1027	4857
ENSG00000145734.18	1080	1228	230	1007
ENSG00000145736.14	54	81	61	141
ENSG00000145740.18	921	896	585	1096
ENSG00000145741.15	3483	9509	1610	8058
ENSG00000145743.15	667	213	372	1909
ENSG00000145779.7	101	48	44	57
ENSG00000145780.7	625	527	217	1040
ENSG00000145781.8	175	270	90	442
ENSG00000145782.12	625	633	250	827
ENSG00000145794.16	5	11	4	1
ENSG00000145808.9	5	6	0	0
ENSG00000145817.16	763	573	1343	1257
ENSG00000145819.16	412	546	374	1276
ENSG00000145824.12	2	11	4	54
ENSG00000145832.14	0	15	1	4
ENSG00000145833.15	1367	1774	1226	2321
ENSG00000145850.8	1	3	3	6
ENSG00000145860.11	759	1855	1708	1277
ENSG00000145861.7	7	0	7	42
ENSG00000145864.12	0	13	1	1
ENSG00000145868.16	706	618	685	829
ENSG00000145882.10	211	376	393	481
ENSG00000145901.15	1273	1667	1754	2578
ENSG00000145907.14	2499	3667	6313	5382
ENSG00000145908.12	3	171	480	723
ENSG00000145911.5	320	80	174	273
ENSG00000145912.8	873	1889	1929	1725
ENSG00000145916.18	601	383	762	1164
ENSG00000145919.10	579	631	371	1309
ENSG00000145920.14	2	0	11	24
ENSG00000145934.16	4	3	3	1
ENSG00000145936.8	4	4	3	14
ENSG00000145945.6	77	94	150	36
ENSG00000145949.10	16	9	42	65
ENSG00000145979.17	239	235	312	408
ENSG00000145982.12	147	165	128	293
ENSG00000145990.10	353	225	1880	2232
ENSG00000145996.11	295	115	234	411
ENSG00000146001.5	10	0	8	1
ENSG00000146005.3	82	27	0	24
ENSG00000146006.7	1	5	7	4
ENSG00000146007.10	798	1629	1202	1670
ENSG00000146013.10	2	70	3	13
ENSG00000146021.14	133	80	199	550
ENSG00000146038.11	2803	464	1152	1907
ENSG00000146039.10	0	0	0	17
ENSG00000146049.1	44	8	39	26
ENSG00000146054.17	2	17	20	27
ENSG00000146063.19	616	1042	2463	1755
ENSG00000146066.2	660	1490	1004	1866
ENSG00000146067.15	1011	901	1031	1800
ENSG00000146070.16	29	5	50	31
ENSG00000146072.6	2587	2041	1180	2241
ENSG00000146083.11	2427	1729	2035	3677
ENSG00000146085.7	430	402	555	663
ENSG00000146090.15	11	4	14	2
ENSG00000146094.14	54	48	45	99
ENSG00000146109.4	532	214	550	1090
ENSG00000146112.11	836	99	349	1129
ENSG00000146122.16	561	833	31	556
ENSG00000146143.17	389	263	126	257
ENSG00000146147.14	7	1	0	11
ENSG00000146151.13	18	0	2	3
ENSG00000146166.16	405	61	19	201
ENSG00000146192.14	57	118	67	111
ENSG00000146197.8	83	5	17	17
ENSG00000146205.13	68	161	31	93
ENSG00000146215.13	1	33	4	18
ENSG00000146216.12	11	0	9	23
ENSG00000146221.9	4	23	0	3
ENSG00000146223.14	2172	1258	1738	2216
ENSG00000146232.16	308	230	63	219
ENSG00000146233.7	57	52	80	37
ENSG00000146242.8	1320	490	545	67
ENSG00000146243.13	90	23	69	69
ENSG00000146247.13	2272	907	1718	2558
ENSG00000146263.11	260	108	159	326
ENSG00000146267.11	15	39	15	31
ENSG00000146276.11	2	11	1	8
ENSG00000146278.10	1230	486	681	2053
ENSG00000146281.5	1277	803	714	1268
ENSG00000146282.17	621	181	366	511
ENSG00000146350.13	227	100	119	112
ENSG00000146373.16	395	323	574	576
ENSG00000146374.13	52	11	5	13
ENSG00000146376.10	175	100	250	199
ENSG00000146386.7	827	357	506	773
ENSG00000146409.11	577	287	340	275
ENSG00000146410.11	72	60	54	130
ENSG00000146411.5	897	15	163	511
ENSG00000146414.15	296	254	252	309
ENSG00000146416.18	591	401	639	681
ENSG00000146425.10	1452	592	610	1350
ENSG00000146426.18	652	50	79	448
ENSG00000146433.8	1825	1219	521	1274
ENSG00000146453.12	5	4	0	8
ENSG00000146457.15	2116	548	652	1678
ENSG00000146463.11	1245	1058	922	2463
ENSG00000146476.10	374	278	255	486
ENSG00000146477.5	24	6	10	1
ENSG00000146521.9	16	100	31	12
ENSG00000146530.13	59	22	39	81
ENSG00000146535.13	1096	290	411	1221
ENSG00000146540.14	563	383	444	1434
ENSG00000146555.18	462	0	216	713
ENSG00000146556.14	209	164	166	220
ENSG00000146574.15	300	83	46	727
ENSG00000146576.12	515	194	166	541
ENSG00000146587.17	753	289	325	709
ENSG00000146592.16	618	53	77	642
ENSG00000146648.17	580	647	668	4469
ENSG00000146666.5	0	2	0	11
ENSG00000146670.9	280	569	203	608
ENSG00000146674.14	11242	4172	1893	18855
ENSG00000146676.8	1832	1878	998	2800
ENSG00000146677.7	5	14	9	21
ENSG00000146678.9	9	137	7	12
ENSG00000146700.8	404	43	82	721
ENSG00000146701.11	1745	3549	4420	2722
ENSG00000146707.14	28	25	192	89
ENSG00000146729.9	859	1330	432	1770
ENSG00000146731.10	3675	4448	2396	5904
ENSG00000146733.13	111	217	77	375
ENSG00000146755.10	3	11	0	17
ENSG00000146757.13	292	189	120	342
ENSG00000146776.14	175	176	64	260
ENSG00000146802.12	440	474	377	673
ENSG00000146826.16	405	191	373	958
ENSG00000146828.17	762	920	1129	2326
ENSG00000146830.10	1655	2093	2167	6411
ENSG00000146833.15	19	136	257	487
ENSG00000146834.13	1129	989	955	1639
ENSG00000146842.16	747	375	422	1118
ENSG00000146856.14	31	25	14	26
ENSG00000146858.7	116	87	190	184
ENSG00000146859.6	81	20	48	182
ENSG00000146872.17	647	643	430	1058
ENSG00000146904.8	796	378	862	1764
ENSG00000146909.7	557	406	611	1224
ENSG00000146918.19	421	309	425	1141
ENSG00000146938.15	30	0	13	0
ENSG00000146950.12	238	191	71	216
ENSG00000146955.10	10	1	37	35
ENSG00000146963.17	1061	679	1969	1923
ENSG00000146966.12	34	2	3	131
ENSG00000147003.6	4	22	6	0
ENSG00000147010.17	713	308	214	387
ENSG00000147027.3	178	414	298	171
ENSG00000147036.11	3	14	11	6
ENSG00000147041.11	29	41	9	5
ENSG00000147044.21	512	572	486	524
ENSG00000147050.14	368	463	310	644
ENSG00000147059.8	0	0	6	4
ENSG00000147065.16	1450	2330	2193	9700
ENSG00000147082.17	3	23	18	49
ENSG00000147099.20	106	225	103	405
ENSG00000147100.10	7	109	34	99
ENSG00000147117.7	11	3	9	24
ENSG00000147118.11	126	198	121	669
ENSG00000147119.3	2	6	12	16
ENSG00000147121.15	96	113	146	144
ENSG00000147123.10	488	1054	903	4504
ENSG00000147124.12	125	214	129	833
ENSG00000147130.14	667	1143	598	1896
ENSG00000147133.15	576	1429	613	1669
ENSG00000147140.15	3131	7230	2717	10495
ENSG00000147144.12	592	964	363	937
ENSG00000147155.10	189	833	532	860
ENSG00000147162.13	2449	8130	6798	14483
ENSG00000147164.11	504	797	620	1958
ENSG00000147166.10	19	23	5	48
ENSG00000147168.12	6	9	1	5
ENSG00000147174.11	35	28	32	66
ENSG00000147180.16	185	50	4	432
ENSG00000147202.17	81	331	95	364
ENSG00000147206.16	0	118	1	14
ENSG00000147224.11	187	621	199	779
ENSG00000147234.10	0	20	0	7
ENSG00000147246.9	1	0	6	24
ENSG00000147251.15	72	33	279	540
ENSG00000147255.18	46	25	86	99
ENSG00000147257.13	32	59	21	8
ENSG00000147274.14	2308	4886	3221	5358
ENSG00000147316.12	631	306	167	337
ENSG00000147324.10	2954	820	322	1170
ENSG00000147364.16	343	824	284	531
ENSG00000147381.11	12	6	39	967
ENSG00000147383.10	191	978	757	482
ENSG00000147394.18	1662	1682	1910	2343
ENSG00000147400.8	525	1777	975	1050
ENSG00000147403.16	11261	44779	34387	43009
ENSG00000147408.14	34	66	20	17
ENSG00000147416.10	2094	1137	828	1429
ENSG00000147419.17	955	556	394	711
ENSG00000147421.17	419	220	132	309
ENSG00000147437.9	32	23	26	27
ENSG00000147439.12	999	387	183	521
ENSG00000147443.12	48	22	45	38
ENSG00000147454.13	1680	1479	653	1494
ENSG00000147457.13	1215	743	289	518
ENSG00000147459.17	193	572	248	481
ENSG00000147471.11	858	1083	330	745
ENSG00000147475.15	1724	1721	686	1321
ENSG00000147485.12	13	0	1	43
ENSG00000147509.13	16	1	3	8
ENSG00000147526.19	629	1280	456	760
ENSG00000147533.16	1394	1251	1186	1210
ENSG00000147535.16	1207	549	208	752
ENSG00000147536.11	279	513	217	383
ENSG00000147548.16	3736	2382	782	2318
ENSG00000147570.9	0	1	0	4
ENSG00000147573.16	80	6	18	105
ENSG00000147576.16	139	27	84	202
ENSG00000147586.9	220	253	136	305
ENSG00000147592.8	597	1021	785	670
ENSG00000147601.13	558	567	324	603
ENSG00000147604.13	17809	50275	20469	24544
ENSG00000147606.8	54	43	24	20
ENSG00000147614.3	1	2	15	0
ENSG00000147642.16	83	970	97	109
ENSG00000147647.12	0	3	0	8
ENSG00000147649.9	3402	4034	2588	2714
ENSG00000147650.11	527	374	270	292
ENSG00000147654.14	479	939	343	376
ENSG00000147669.10	1061	676	827	969
ENSG00000147676.13	9068	13909	6655	8547
ENSG00000147677.10	2669	6667	1806	3783
ENSG00000147679.11	530	667	289	418
ENSG00000147684.8	2415	6235	6672	2662
ENSG00000147687.18	806	1411	1163	575
ENSG00000147689.16	1002	1301	505	340
ENSG00000147697.8	64	7	65	27
ENSG00000147724.11	38	1	5	64
ENSG00000147789.15	653	1159	1069	608
ENSG00000147799.11	1069	1537	897	1190
ENSG00000147804.9	3178	1564	1582	427
ENSG00000147813.15	1389	2596	1705	844
ENSG00000147852.15	392	869	278	143
ENSG00000147853.16	1011	1541	907	1166
ENSG00000147854.16	876	975	937	888
ENSG00000147862.16	917	1142	1434	1235
ENSG00000147872.9	848	359	1253	983
ENSG00000147874.10	526	573	583	576
ENSG00000147883.10	836	513	634	855
ENSG00000147889.17	38	2055	1350	2511
ENSG00000147894.15	606	328	166	265
ENSG00000147905.17	401	447	651	346
ENSG00000147912.12	63	90	83	194
ENSG00000147955.16	533	797	1437	1106
ENSG00000147996.16	256	363	545	482
ENSG00000148019.13	455	474	177	572
ENSG00000148053.15	54	66	8	306
ENSG00000148057.15	47	40	11	28
ENSG00000148082.9	130	39	6	15
ENSG00000148090.11	171	325	227	183
ENSG00000148110.15	1005	1122	1126	1423
ENSG00000148120.16	567	759	474	724
ENSG00000148123.14	17	5	0	0
ENSG00000148143.12	296	260	340	716
ENSG00000148153.13	429	387	230	331
ENSG00000148154.9	1110	1092	301	508
ENSG00000148158.16	370	685	177	464
ENSG00000148175.12	229	201	684	628
ENSG00000148180.19	3729	1615	1600	11691
ENSG00000148187.17	512	1324	293	628
ENSG00000148200.16	153	260	169	247
ENSG00000148204.11	1092	637	724	776
ENSG00000148218.15	593	506	618	506
ENSG00000148219.16	38	40	20	42
ENSG00000148225.15	93	144	26	107
ENSG00000148229.12	677	1191	630	955
ENSG00000148248.13	3288	2813	3602	3556
ENSG00000148288.12	100	24	43	103
ENSG00000148290.9	140	384	284	342
ENSG00000148291.9	112	319	260	213
ENSG00000148296.6	551	902	725	714
ENSG00000148297.15	548	770	612	871
ENSG00000148300.11	385	617	375	553
ENSG00000148303.16	7954	28682	17319	15261
ENSG00000148308.17	1640	975	316	861
ENSG00000148331.11	688	1457	338	846
ENSG00000148334.14	897	1679	996	1054
ENSG00000148335.14	259	893	348	402
ENSG00000148337.20	1229	1949	1287	2197
ENSG00000148339.12	617	696	242	553
ENSG00000148341.17	1645	2855	1418	1351
ENSG00000148343.18	649	1266	723	968
ENSG00000148344.10	408	234	404	223
ENSG00000148346.11	3901	6595	6864	2133
ENSG00000148356.13	340	244	260	476
ENSG00000148357.16	41	211	77	303
ENSG00000148358.19	2536	2451	1090	1880
ENSG00000148362.10	275	433	513	402
ENSG00000148377.5	6	4	2	8
ENSG00000148384.12	359	288	337	270
ENSG00000148396.18	2196	1785	1948	2091
ENSG00000148399.12	516	572	436	844
ENSG00000148400.10	1659	631	495	838
ENSG00000148408.12	442	82	188	571
ENSG00000148411.7	490	501	367	624
ENSG00000148426.12	690	245	433	1952
ENSG00000148429.14	1150	403	334	1537
ENSG00000148444.15	354	167	283	661
ENSG00000148450.12	192	94	178	735
ENSG00000148459.15	102	53	69	190
ENSG00000148468.16	1101	412	434	1826
ENSG00000148481.13	296	109	222	652
ENSG00000148483.8	0	1	8	2
ENSG00000148484.17	759	408	743	1100
ENSG00000148488.16	0	0	0	0
ENSG00000148498.15	1855	566	754	4923
ENSG00000148516.21	21	28	5	24
ENSG00000148541.12	1	1	3	172
ENSG00000148572.15	446	84	333	1056
ENSG00000148600.14	4	27	189	258
ENSG00000148606.12	750	325	522	1552
ENSG00000148634.15	1059	420	1052	2550
ENSG00000148655.14	23	30	128	468
ENSG00000148660.20	922	349	1011	1725
ENSG00000148671.13	167	10	404	3569
ENSG00000148672.8	2749	905	1782	5112
ENSG00000148677.6	103	33	27	381
ENSG00000148680.15	5	2	5	7
ENSG00000148688.13	420	193	272	861
ENSG00000148690.11	516	183	293	1387
ENSG00000148700.14	1679	2386	1215	3215
ENSG00000148719.14	872	1677	1336	2033
ENSG00000148730.6	2612	976	2001	6326
ENSG00000148734.7	297	154	36	59
ENSG00000148735.14	0	424	222	15
ENSG00000148737.16	250	667	426	890
ENSG00000148773.13	984	1741	928	3430
ENSG00000148795.6	0	0	6	41
ENSG00000148798.10	90	25	10	141
ENSG00000148803.11	123	51	190	212
ENSG00000148814.17	205	87	118	230
ENSG00000148824.18	279	175	343	655
ENSG00000148826.8	9	1	8	4
ENSG00000148832.15	92	37	61	205
ENSG00000148834.12	397	502	430	1219
ENSG00000148835.10	102	134	59	169
ENSG00000148840.10	1119	1246	1007	2846
ENSG00000148841.16	127	410	129	578
ENSG00000148842.17	585	290	433	867
ENSG00000148843.14	1319	1683	1390	3443
ENSG00000148848.14	7	8	8	11
ENSG00000148908.14	297	115	164	450
ENSG00000148925.10	770	360	516	936
ENSG00000148926.9	278	613	255	303
ENSG00000148935.11	30	8	2	16
ENSG00000148942.14	329	10	18	57
ENSG00000148943.11	607	439	404	704
ENSG00000148948.7	37	12	11	11
ENSG00000148950.10	106	124	103	219
ENSG00000148985.19	450	487	358	545
ENSG00000149016.15	160	470	227	250
ENSG00000149021.6	3	11	0	1
ENSG00000149043.16	1162	172	1993	1525
ENSG00000149050.9	9	46	0	60
ENSG00000149084.12	38	1266	1617	1227
ENSG00000149089.12	197	423	427	394
ENSG00000149090.11	2	1	3	15
ENSG00000149091.15	1187	939	773	1188
ENSG00000149100.12	2384	3616	1574	5120
ENSG00000149115.13	2837	1976	2648	2564
ENSG00000149131.15	2196	268	1265	3362
ENSG00000149136.8	1963	3440	1965	2486
ENSG00000149150.8	14	33	10	97
ENSG00000149177.12	1394	594	735	1708
ENSG00000149179.13	452	380	288	459
ENSG00000149182.14	1402	1465	1229	1568
ENSG00000149187.18	3328	3705	2579	4304
ENSG00000149196.15	328	576	583	540
ENSG00000149201.9	20	3	12	13
ENSG00000149212.11	491	435	356	308
ENSG00000149218.4	922	798	1079	921
ENSG00000149231.13	889	1145	586	808
ENSG00000149243.15	129	162	246	99
ENSG00000149256.15	155	158	137	52
ENSG00000149257.14	7264	4172	6724	7939
ENSG00000149260.16	1079	1927	970	320
ENSG00000149262.16	302	553	282	281
ENSG00000149269.9	831	1094	298	636
ENSG00000149273.14	8856	49350	21163	21054
ENSG00000149289.10	128	491	63	4
ENSG00000149292.16	157	511	173	207
ENSG00000149294.16	59	13	1253	1757
ENSG00000149295.13	9	48	5	35
ENSG00000149300.9	1	2	4	6
ENSG00000149308.16	317	677	342	297
ENSG00000149311.18	837	1502	1015	867
ENSG00000149313.10	642	1146	886	568
ENSG00000149328.14	176	509	581	62
ENSG00000149346.14	538	126	334	572
ENSG00000149357.9	1021	1445	896	1202
ENSG00000149380.11	37	13	8	5
ENSG00000149403.12	15	20	4	25
ENSG00000149418.10	4908	1672	4007	6475
ENSG00000149428.18	4182	1300	6549	7854
ENSG00000149451.17	309	10	56	1123
ENSG00000149474.13	421	154	267	777
ENSG00000149476.15	587	500	375	376
ENSG00000149480.6	1712	2245	1380	1384
ENSG00000149483.11	372	391	466	598
ENSG00000149485.18	1376	1752	1287	668
ENSG00000149489.8	26	37	75	22
ENSG00000149499.11	762	567	872	642
ENSG00000149503.12	476	671	356	1239
ENSG00000149527.17	817	38	113	157
ENSG00000149531.15	76	36	55	153
ENSG00000149532.15	1517	2462	2167	1717
ENSG00000149541.9	683	1560	733	682
ENSG00000149547.14	909	751	1578	1190
ENSG00000149548.14	33	9	46	47
ENSG00000149554.12	216	219	247	443
ENSG00000149557.13	7	14	8	34
ENSG00000149564.11	10	7	19	26
ENSG00000149571.11	10	0	0	1
ENSG00000149573.8	445	424	913	562
ENSG00000149575.5	2	6	7	155
ENSG00000149577.15	550	527	812	1066
ENSG00000149582.15	234	274	575	497
ENSG00000149591.16	2285	129	4594	1267
ENSG00000149596.6	199	23	137	427
ENSG00000149599.15	30	8	13	522
ENSG00000149600.11	718	400	546	1055
ENSG00000149609.5	3	1	1	16
ENSG00000149633.11	2	10	1	12
ENSG00000149634.4	21	30	9	42
ENSG00000149636.15	624	319	263	399
ENSG00000149639.14	7363	1434	2638	4198
ENSG00000149646.12	26	14	31	36
ENSG00000149654.9	4	2	178	125
ENSG00000149656.8	1	0	5	4
ENSG00000149657.19	1880	875	1252	2529
ENSG00000149658.17	1998	907	1741	2620
ENSG00000149679.11	496	256	337	1459
ENSG00000149716.12	377	454	326	280
ENSG00000149735.6	6	7	0	4
ENSG00000149743.13	331	416	538	283
ENSG00000149761.8	296	418	480	498
ENSG00000149781.12	124	55	74	123
ENSG00000149782.11	1236	607	960	964
ENSG00000149792.8	825	791	530	665
ENSG00000149798.4	16	19	11	40
ENSG00000149806.10	2690	5453	4213	4498
ENSG00000149809.14	1207	334	977	870
ENSG00000149823.8	828	2277	1336	1175
ENSG00000149922.10	38	1	21	21
ENSG00000149923.13	1686	545	1266	2315
ENSG00000149925.18	2453	2378	4638	3149
ENSG00000149926.13	9	6	0	5
ENSG00000149927.17	9	37	50	71
ENSG00000149929.15	194	269	215	363
ENSG00000149930.17	1173	444	1024	1947
ENSG00000149932.16	824	304	992	1266
ENSG00000149948.13	2101	256	457	5181
ENSG00000149970.15	35	41	11	69
ENSG00000149972.10	3	0	24	42
ENSG00000150045.11	2	16	51	89
ENSG00000150051.13	13	10	26	117
ENSG00000150054.18	1017	402	248	1424
ENSG00000150093.18	9485	2616	3729	13425
ENSG00000150201.14	4	1	7	27
ENSG00000150275.18	8	2	1	1
ENSG00000150281.6	65	34	30	236
ENSG00000150316.11	467	966	729	684
ENSG00000150337.13	43	18	41	54
ENSG00000150347.15	1730	517	1584	2268
ENSG00000150394.13	25	0	2	0
ENSG00000150401.14	568	564	647	786
ENSG00000150403.17	1123	1116	747	1760
ENSG00000150433.9	240	94	282	194
ENSG00000150455.13	51	9	48	55
ENSG00000150456.10	119	52	127	85
ENSG00000150457.8	1174	304	574	1617
ENSG00000150459.12	1859	897	1886	4143
ENSG00000150471.16	72	24	83	15
ENSG00000150477.14	158	68	123	321
ENSG00000150510.16	67	81	214	113
ENSG00000150527.17	306	498	593	899
ENSG00000150540.13	53	90	45	77
ENSG00000150551.10	1574	3133	2159	1854
ENSG00000150556.16	1298	1509	226	472
ENSG00000150593.17	1266	1333	1226	3652
ENSG00000150594.6	33	77	12	13
ENSG00000150625.16	8	15	2	0
ENSG00000150627.15	50	48	10	4
ENSG00000150628.6	3	4	0	0
ENSG00000150630.3	47	33	111	17
ENSG00000150636.17	40	5	8	11
ENSG00000150637.8	4	7	6	22
ENSG00000150656.14	7	6	3	3
ENSG00000150667.7	14	12	10	10
ENSG00000150672.17	14	3	3	10
ENSG00000150681.9	0	5	3	2
ENSG00000150687.11	495	128	869	1940
ENSG00000150712.10	1730	2346	781	1714
ENSG00000150722.10	0	10	0	1
ENSG00000150753.11	2795	7411	6648	6299
ENSG00000150756.13	137	219	420	205
ENSG00000150760.12	1356	387	497	1737
ENSG00000150764.13	134	364	126	271
ENSG00000150768.15	721	1742	946	762
ENSG00000150773.10	20	43	17	42
ENSG00000150776.17	490	1083	558	640
ENSG00000150779.11	347	1196	936	518
ENSG00000150782.11	186	267	249	272
ENSG00000150783.9	2	3	2	4
ENSG00000150787.7	230	373	565	411
ENSG00000150867.13	334	315	173	754
ENSG00000150873.11	45	29	2	33
ENSG00000150893.10	48	61	1	1
ENSG00000150907.7	835	334	409	586
ENSG00000150938.9	1729	1464	2306	5741
ENSG00000150961.14	623	113	599	1035
ENSG00000150967.17	304	353	592	617
ENSG00000150977.10	123	113	109	254
ENSG00000150990.7	785	850	1018	2160
ENSG00000150991.14	9026	6577	10822	19054
ENSG00000150995.19	93	547	129	38
ENSG00000151006.7	57	55	118	128
ENSG00000151012.13	52	128	220	338
ENSG00000151014.5	36	22	67	60
ENSG00000151023.16	130	118	4	13
ENSG00000151025.10	170	25	127	196
ENSG00000151062.14	24	25	24	66
ENSG00000151065.13	169	300	151	411
ENSG00000151067.21	4	20	2	6
ENSG00000151090.18	718	198	565	363
ENSG00000151092.16	469	693	433	413
ENSG00000151093.7	84	160	185	130
ENSG00000151116.16	545	363	167	540
ENSG00000151117.8	65	76	43	106
ENSG00000151131.10	293	424	234	433
ENSG00000151135.9	1418	984	762	1546
ENSG00000151136.14	79	14	5	21
ENSG00000151148.13	1537	844	736	1814
ENSG00000151150.21	417	234	388	1659
ENSG00000151151.5	392	222	221	567
ENSG00000151164.18	15	17	7	10
ENSG00000151176.7	1281	811	1589	2552
ENSG00000151208.16	1768	813	1295	4205
ENSG00000151224.12	17	13	1	578
ENSG00000151229.12	115	68	100	30
ENSG00000151233.10	978	464	314	686
ENSG00000151239.13	2204	1958	1862	2149
ENSG00000151240.16	922	357	268	969
ENSG00000151247.12	626	400	423	571
ENSG00000151276.23	511	963	430	791
ENSG00000151287.16	87	103	115	123
ENSG00000151292.17	575	605	523	727
ENSG00000151303.11	0	0	1	15
ENSG00000151304.5	149	174	142	181
ENSG00000151320.10	72	84	31	101
ENSG00000151322.18	163	280	35	209
ENSG00000151327.12	1112	536	556	1053
ENSG00000151332.18	421	315	284	603
ENSG00000151338.18	126	169	96	175
ENSG00000151348.13	1224	920	1171	1518
ENSG00000151353.14	493	550	626	812
ENSG00000151364.16	78	503	201	209
ENSG00000151365.2	0	6	28	20
ENSG00000151366.12	382	917	738	546
ENSG00000151376.16	45	138	301	430
ENSG00000151388.10	18	6	10	78
ENSG00000151413.16	188	291	125	491
ENSG00000151414.14	1329	777	1349	1026
ENSG00000151422.12	352	309	107	529
ENSG00000151445.15	316	279	349	501
ENSG00000151458.11	582	354	286	357
ENSG00000151461.19	1216	486	579	1954
ENSG00000151465.13	1149	516	680	1883
ENSG00000151466.11	96	112	146	129
ENSG00000151468.10	147	94	372	3240
ENSG00000151470.12	90	49	102	163
ENSG00000151474.22	269	75	83	271
ENSG00000151490.13	33	14	24	50
ENSG00000151491.13	178	233	158	566
ENSG00000151498.11	371	274	914	243
ENSG00000151500.14	245	166	327	130
ENSG00000151502.10	524	543	706	363
ENSG00000151503.12	437	469	634	460
ENSG00000151532.13	568	309	236	966
ENSG00000151552.11	200	403	257	318
ENSG00000151553.14	579	292	497	979
ENSG00000151575.14	121	318	58	164
ENSG00000151576.10	715	854	743	1665
ENSG00000151611.14	127	67	101	87
ENSG00000151612.15	423	403	461	1065
ENSG00000151617.16	5	8	27	4
ENSG00000151623.14	29	48	72	45
ENSG00000151632.17	20	4	56	113
ENSG00000151640.12	6	5	11	8
ENSG00000151650.7	6	3	10	18
ENSG00000151651.15	1084	102	98	430
ENSG00000151657.11	371	80	240	622
ENSG00000151665.12	321	214	178	257
ENSG00000151687.14	63	21	26	46
ENSG00000151689.12	383	155	90	128
ENSG00000151690.14	2866	484	672	1054
ENSG00000151692.14	864	414	225	334
ENSG00000151693.10	2862	1661	1074	1179
ENSG00000151694.13	2849	984	1609	2420
ENSG00000151702.16	14	18	15	18
ENSG00000151704.15	4	3	4	3
ENSG00000151715.7	203	141	208	115
ENSG00000151718.15	364	271	572	782
ENSG00000151725.11	150	190	189	273
ENSG00000151726.13	406	292	1108	623
ENSG00000151729.10	371	576	669	652
ENSG00000151743.10	0	104	155	83
ENSG00000151746.13	1809	992	593	1636
ENSG00000151748.14	816	724	384	1478
ENSG00000151773.12	83	38	61	48
ENSG00000151778.10	4	0	22	38
ENSG00000151779.12	630	630	496	932
ENSG00000151790.8	13	0	5	5
ENSG00000151806.13	535	840	258	360
ENSG00000151835.15	471	412	267	399
ENSG00000151838.11	0	2	3	1
ENSG00000151846.8	10	46	22	31
ENSG00000151849.14	314	209	206	301
ENSG00000151876.12	48	205	60	85
ENSG00000151881.14	221	191	256	408
ENSG00000151882.11	129	174	92	1197
ENSG00000151883.17	463	1059	130	633
ENSG00000151892.14	14	0	10	7
ENSG00000151893.14	1928	1197	1357	3129
ENSG00000151914.19	2404	515	146	102
ENSG00000151917.17	27	9	0	2
ENSG00000151923.17	2438	1675	2424	5092
ENSG00000151929.9	881	444	1327	1485
ENSG00000151948.11	2	7	4	24
ENSG00000151962.7	75	0	3	0
ENSG00000151967.18	74	22	29	264
ENSG00000152049.6	6	0	1	0
ENSG00000152056.16	142	200	141	93
ENSG00000152061.23	765	394	365	669
ENSG00000152076.18	38	52	34	57
ENSG00000152078.9	38	204	88	119
ENSG00000152082.13	632	1285	2089	2156
ENSG00000152092.15	4	13	3	1
ENSG00000152102.17	3967	3318	2755	5052
ENSG00000152104.11	1814	763	500	1116
ENSG00000152117.17	482	416	603	602
ENSG00000152127.8	1670	1730	781	1823
ENSG00000152128.13	59	37	5	22
ENSG00000152133.14	241	130	207	196
ENSG00000152137.6	500	94	100	870
ENSG00000152147.10	214	192	181	295
ENSG00000152154.10	424	72	30	69
ENSG00000152192.7	0	4	2	21
ENSG00000152193.7	427	258	200	311
ENSG00000152208.12	4	0	24	11
ENSG00000152213.3	39	3	11	51
ENSG00000152217.18	37	68	128	1530
ENSG00000152219.4	407	266	193	513
ENSG00000152223.13	796	376	494	1556
ENSG00000152229.18	101	110	82	73
ENSG00000152234.15	3380	4736	4568	15269
ENSG00000152240.12	180	129	52	421
ENSG00000152242.10	947	1550	646	2296
ENSG00000152253.8	61	81	64	213
ENSG00000152256.13	621	1576	868	415
ENSG00000152270.8	34	37	3	7
ENSG00000152284.4	313	64	92	219
ENSG00000152291.13	7125	4166	3887	5392
ENSG00000152292.16	1	1	1	34
ENSG00000152315.4	11	17	43	24
ENSG00000152332.15	3349	2975	2199	3053
ENSG00000152348.15	88	160	80	273
ENSG00000152359.14	200	93	33	247
ENSG00000152377.13	38	15	33	82
ENSG00000152380.9	6	15	3	10
ENSG00000152382.5	429	255	187	347
ENSG00000152402.10	34	35	195	152
ENSG00000152404.15	197	178	207	301
ENSG00000152409.8	695	620	314	1272
ENSG00000152413.14	282	367	71	163
ENSG00000152422.15	136	116	33	205
ENSG00000152430.17	3	0	5	3
ENSG00000152433.14	65	14	23	53
ENSG00000152439.12	145	49	122	744
ENSG00000152443.12	458	157	249	1560
ENSG00000152454.3	199	51	101	706
ENSG00000152455.15	172	85	109	348
ENSG00000152457.17	301	108	109	315
ENSG00000152464.14	427	129	275	688
ENSG00000152465.17	245	95	201	613
ENSG00000152467.9	9	25	6	86
ENSG00000152475.6	57	30	13	243
ENSG00000152484.13	662	471	892	808
ENSG00000152492.14	2738	937	475	3015
ENSG00000152495.10	27	10	2	0
ENSG00000152503.9	143	132	23	40
ENSG00000152518.7	2622	3849	1393	6040
ENSG00000152520.13	1246	705	1002	1362
ENSG00000152527.13	518	165	43	294
ENSG00000152556.16	1519	1314	1077	1883
ENSG00000152558.14	3625	8624	4219	2752
ENSG00000152578.12	6	4	1	2
ENSG00000152580.8	133	62	27	189
ENSG00000152582.13	155	363	116	240
ENSG00000152583.12	33	10	48	45
ENSG00000152601.17	880	1332	1738	4114
ENSG00000152611.11	23	36	0	13
ENSG00000152620.12	259	348	230	759
ENSG00000152642.10	129	793	673	523
ENSG00000152661.8	85	1181	47	7
ENSG00000152669.8	117	20	101	102
ENSG00000152670.18	4	32	0	1
ENSG00000152672.7	57	2	0	8
ENSG00000152683.14	1141	542	496	1148
ENSG00000152684.10	276	315	227	619
ENSG00000152689.17	89	19	24	69
ENSG00000152700.13	479	525	892	1130
ENSG00000152705.7	16	21	8	4
ENSG00000152749.7	370	534	590	593
ENSG00000152763.16	164	135	85	145
ENSG00000152766.5	26	2	9	3
ENSG00000152767.16	3343	2452	2193	3458
ENSG00000152778.8	586	66	435	873
ENSG00000152779.13	8	1	9	45
ENSG00000152782.16	119	100	117	197
ENSG00000152784.15	3	1	0	0
ENSG00000152785.6	51	4	1	0
ENSG00000152795.17	3670	3350	2845	5394
ENSG00000152804.10	55	11	18	53
ENSG00000152818.18	719	712	661	1548
ENSG00000152894.14	1090	765	1735	818
ENSG00000152904.11	391	316	390	512
ENSG00000152910.18	0	0	2	11
ENSG00000152926.14	2876	442	303	1118
ENSG00000152931.7	310	25	9	813
ENSG00000152939.15	613	467	127	630
ENSG00000152942.18	623	455	172	702
ENSG00000152944.8	459	241	196	554
ENSG00000152952.11	402	3416	2106	1954
ENSG00000152953.12	6	67	5	6
ENSG00000152977.9	3	377	16	0
ENSG00000152990.13	1712	2205	815	983
ENSG00000153002.11	8	4	0	509
ENSG00000153006.15	493	323	194	563
ENSG00000153012.11	40	11	11	19
ENSG00000153015.15	410	366	217	667
ENSG00000153029.14	344	135	340	642
ENSG00000153037.14	485	327	247	1010
ENSG00000153044.9	119	137	57	163
ENSG00000153046.17	750	414	424	886
ENSG00000153048.10	931	665	689	1775
ENSG00000153060.7	2	3	3	9
ENSG00000153064.11	124	1	141	94
ENSG00000153066.12	643	263	463	981
ENSG00000153071.14	194	101	119	95
ENSG00000153093.18	19	14	3	34
ENSG00000153094.22	920	606	605	916
ENSG00000153107.12	683	778	648	1064
ENSG00000153113.23	2809	3104	2921	4289
ENSG00000153130.17	751	355	1381	1091
ENSG00000153132.12	221	44	975	1064
ENSG00000153140.8	251	193	334	339
ENSG00000153147.5	1356	1108	1316	1586
ENSG00000153157.12	18	3	3	5
ENSG00000153162.8	3	5	2	33
ENSG00000153165.18	16	3	17	14
ENSG00000153179.12	311	354	129	366
ENSG00000153187.19	12085	10602	12080	15016
ENSG00000153201.15	2347	1482	2007	2846
ENSG00000153207.15	1148	1325	1219	1429
ENSG00000153208.16	282	127	164	153
ENSG00000153214.10	1336	942	1499	1616
ENSG00000153233.12	357	2382	17	5
ENSG00000153234.13	205	169	106	84
ENSG00000153237.17	20	25	34	27
ENSG00000153246.12	223	257	163	378
ENSG00000153250.19	3330	1892	2114	3313
ENSG00000153283.12	1	13	5	18
ENSG00000153291.15	184	382	319	595
ENSG00000153292.15	1455	270	453	758
ENSG00000153294.11	122	7	50	18
ENSG00000153303.17	29	4	0	33
ENSG00000153310.19	1640	1952	1665	1013
ENSG00000153317.14	1548	1803	1702	1346
ENSG00000153339.13	537	309	483	1742
ENSG00000153347.9	53	201	0	34
ENSG00000153363.12	150	173	112	76
ENSG00000153391.15	219	118	213	552
ENSG00000153395.9	936	2231	1560	1520
ENSG00000153404.14	709	864	919	2938
ENSG00000153406.13	457	328	342	652
ENSG00000153443.12	454	304	613	1100
ENSG00000153485.5	115	275	186	338
ENSG00000153487.12	574	324	328	609
ENSG00000153495.10	1	1	1	12
ENSG00000153531.13	88	160	90	241
ENSG00000153551.13	643	1154	442	877
ENSG00000153558.15	234	246	225	302
ENSG00000153560.11	997	2083	1658	2289
ENSG00000153561.12	1905	1259	1430	2159
ENSG00000153563.15	6	13	2	38
ENSG00000153574.8	745	588	347	596
ENSG00000153707.16	5	205	1	0
ENSG00000153714.5	102	22	37	94
ENSG00000153721.18	156	122	38	128
ENSG00000153767.9	204	241	151	701
ENSG00000153774.8	519	429	665	914
ENSG00000153786.12	1153	448	654	1204
ENSG00000153789.12	8	11	2	1
ENSG00000153790.11	66	10	22	314
ENSG00000153814.12	99	140	72	306
ENSG00000153815.16	985	393	628	926
ENSG00000153822.13	96	95	7	30
ENSG00000153823.18	2	1	5	31
ENSG00000153827.13	4074	1860	3075	3731
ENSG00000153832.11	125	60	28	61
ENSG00000153879.8	699	617	815	3354
ENSG00000153885.14	31	665	223	867
ENSG00000153896.17	106	63	76	228
ENSG00000153898.12	6	13	12	85
ENSG00000153902.13	43	4	18	38
ENSG00000153904.19	285	360	432	496
ENSG00000153914.15	1868	3165	2539	4693
ENSG00000153922.10	776	956	525	761
ENSG00000153923.10	5	0	0	1
ENSG00000153930.11	1	4	0	3
ENSG00000153933.9	312	297	313	240
ENSG00000153936.16	590	785	777	714
ENSG00000153944.10	1403	1693	792	1796
ENSG00000153956.15	16	4	369	1
ENSG00000153975.9	171	47	130	129
ENSG00000153976.2	3	14	21	87
ENSG00000153982.10	98	22	49	29
ENSG00000153989.7	740	534	1061	1088
ENSG00000153993.13	25	2	198	37
ENSG00000154001.13	716	859	835	1527
ENSG00000154016.13	12	8	1	6
ENSG00000154025.15	4	2	0	4
ENSG00000154027.18	0	0	1	0
ENSG00000154040.20	125	3	66	110
ENSG00000154059.10	357	341	595	1172
ENSG00000154065.16	6	10	53	32
ENSG00000154079.5	166	98	149	135
ENSG00000154080.13	12	3	0	6
ENSG00000154096.13	35	6	1360	2597
ENSG00000154099.17	65	244	9	38
ENSG00000154102.10	17	24	21	60
ENSG00000154114.12	301	161	346	522
ENSG00000154118.12	3	12	4	10
ENSG00000154122.13	342	837	819	959
ENSG00000154124.4	367	549	795	574
ENSG00000154127.9	115	55	149	113
ENSG00000154133.14	0	5	1	2
ENSG00000154134.14	490	175	107	180
ENSG00000154143.2	0	1	0	11
ENSG00000154144.12	517	276	592	725
ENSG00000154146.12	11	9	34	62
ENSG00000154153.13	106	310	248	355
ENSG00000154162.14	0	0	0	10
ENSG00000154174.7	960	1634	1079	3139
ENSG00000154175.16	22	15	21	159
ENSG00000154188.9	5	11	12	13
ENSG00000154217.14	275	69	36	408
ENSG00000154222.14	690	653	379	1720
ENSG00000154227.13	3	0	3	4
ENSG00000154229.11	558	1140	150	595
ENSG00000154237.12	1189	291	1099	1124
ENSG00000154240.16	58	61	11	177
ENSG00000154252.11	25	64	43	71
ENSG00000154258.16	4	9	3	0
ENSG00000154262.12	5	3	5	0
ENSG00000154263.17	4	20	13	5
ENSG00000154265.15	297	305	249	467
ENSG00000154269.14	5	8	1	5
ENSG00000154274.14	221	884	98	77
ENSG00000154277.12	641	47	648	3461
ENSG00000154305.16	1359	855	976	1530
ENSG00000154309.8	252	39	129	97
ENSG00000154310.16	88	208	502	1218
ENSG00000154319.15	43	79	12	39
ENSG00000154328.15	384	548	262	389
ENSG00000154330.12	14	7	25	0
ENSG00000154342.5	17	207	9	9
ENSG00000154358.20	4044	1633	1937	1786
ENSG00000154359.12	1331	955	255	533
ENSG00000154370.15	858	625	763	1071
ENSG00000154380.17	1975	1463	2904	3912
ENSG00000154429.10	292	213	258	247
ENSG00000154447.14	914	377	268	416
ENSG00000154451.14	23	27	36	63
ENSG00000154473.17	878	1118	1335	2186
ENSG00000154478.3	25	0	0	0
ENSG00000154479.12	23	32	17	44
ENSG00000154485.4	1	4	1	3
ENSG00000154511.11	51	66	111	244
ENSG00000154518.9	3291	4434	4767	2803
ENSG00000154545.16	2	0	1	9
ENSG00000154548.8	109	40	9	78
ENSG00000154553.14	74	10	41	129
ENSG00000154556.18	88	190	224	207
ENSG00000154582.16	948	989	791	1046
ENSG00000154589.6	17	3	4	23
ENSG00000154608.14	10	2	3	7
ENSG00000154639.18	1842	1206	825	1044
ENSG00000154640.14	927	538	383	674
ENSG00000154642.10	564	125	330	272
ENSG00000154645.13	331	53	4	35
ENSG00000154654.14	25	1	1	1
ENSG00000154655.15	17	98	47	650
ENSG00000154678.16	22	2	1	1
ENSG00000154710.17	82	100	69	88
ENSG00000154719.13	204	156	101	357
ENSG00000154721.14	3	0	0	0
ENSG00000154723.12	635	547	415	1095
ENSG00000154727.10	715	323	247	689
ENSG00000154734.14	7555	778	790	9979
ENSG00000154736.5	217	7	3	85
ENSG00000154743.17	230	348	325	352
ENSG00000154760.13	1118	820	377	658
ENSG00000154764.5	1859	1647	1518	624
ENSG00000154767.14	398	572	390	524
ENSG00000154781.15	212	248	231	274
ENSG00000154783.11	62	648	6	39
ENSG00000154803.12	880	431	403	1566
ENSG00000154813.9	179	226	378	548
ENSG00000154814.13	115	255	158	229
ENSG00000154822.17	30	196	6	27
ENSG00000154832.14	641	455	298	1045
ENSG00000154839.9	66	76	28	275
ENSG00000154845.15	1520	1333	1043	3565
ENSG00000154856.12	842	42	21	159
ENSG00000154864.12	36	6	7	2
ENSG00000154874.15	3	1	23	80
ENSG00000154889.16	415	122	394	996
ENSG00000154898.15	26	15	9	18
ENSG00000154914.16	223	94	150	369
ENSG00000154917.10	419	515	821	4497
ENSG00000154920.14	136	125	78	208
ENSG00000154928.17	39	13	8	145
ENSG00000154930.14	206	412	1093	1421
ENSG00000154945.6	708	965	562	1242
ENSG00000154957.13	120	67	54	162
ENSG00000154978.12	786	577	645	1373
ENSG00000155008.13	305	485	257	736
ENSG00000155011.8	0	3	3	2
ENSG00000155016.17	74	55	99	179
ENSG00000155026.16	2	5	6	8
ENSG00000155034.18	207	56	81	359
ENSG00000155066.15	770	1086	11114	857
ENSG00000155085.15	58	39	51	52
ENSG00000155090.14	3260	1172	977	2611
ENSG00000155093.18	1	1	0	10
ENSG00000155096.13	5589	4113	2434	3449
ENSG00000155097.11	1941	2025	1406	2038
ENSG00000155099.7	84	62	60	66
ENSG00000155100.10	395	365	290	396
ENSG00000155111.14	1037	283	488	625
ENSG00000155115.6	498	254	496	683
ENSG00000155158.20	384	342	337	132
ENSG00000155189.11	839	877	361	713
ENSG00000155229.20	1137	710	1064	2755
ENSG00000155252.13	556	195	435	980
ENSG00000155254.12	1641	371	437	2094
ENSG00000155256.17	1298	579	571	1864
ENSG00000155265.10	58	35	14	112
ENSG00000155269.11	39	7	2	35
ENSG00000155275.18	178	257	76	279
ENSG00000155287.10	289	254	389	743
ENSG00000155304.5	981	368	870	1414
ENSG00000155307.18	40	35	47	33
ENSG00000155313.15	887	563	923	1480
ENSG00000155324.9	1183	719	1004	1052
ENSG00000155329.11	256	231	194	282
ENSG00000155330.9	174	88	158	203
ENSG00000155363.18	1282	1330	1185	2210
ENSG00000155366.16	1569	1041	1681	2151
ENSG00000155367.15	61	70	60	82
ENSG00000155368.16	422	613	964	1001
ENSG00000155380.11	459	1770	727	1247
ENSG00000155393.12	189	246	376	396
ENSG00000155428.12	0	13	0	3
ENSG00000155438.11	555	1040	893	1111
ENSG00000155463.12	957	2026	1431	2184
ENSG00000155465.18	106	73	80	303
ENSG00000155495.8	1	14	2	109
ENSG00000155506.16	3588	5962	7683	6790
ENSG00000155508.13	1370	1016	1197	976
ENSG00000155530.3	20	21	71	47
ENSG00000155542.11	133	168	17	124
ENSG00000155545.19	631	525	299	453
ENSG00000155561.14	1526	835	1365	2285
ENSG00000155592.15	220	49	82	322
ENSG00000155621.14	84	87	138	110
ENSG00000155622.6	0	4	44	21
ENSG00000155629.14	173	52	73	185
ENSG00000155636.14	129	101	124	211
ENSG00000155657.26	16	4	7	10
ENSG00000155659.14	409	215	278	294
ENSG00000155660.10	7563	1481	5698	17054
ENSG00000155666.11	41	41	51	59
ENSG00000155719.17	0	0	1	0
ENSG00000155729.12	408	257	254	271
ENSG00000155744.9	520	336	504	379
ENSG00000155749.12	13	18	15	27
ENSG00000155754.14	41	15	51	32
ENSG00000155755.18	588	398	269	415
ENSG00000155760.2	406	135	167	1234
ENSG00000155761.13	1012	106	41	83
ENSG00000155792.9	92	1199	118	305
ENSG00000155816.19	16	2	1	6
ENSG00000155827.11	737	716	453	785
ENSG00000155846.16	499	848	735	666
ENSG00000155849.15	128	42	11	17
ENSG00000155850.7	395	226	496	550
ENSG00000155858.5	141	205	173	219
ENSG00000155868.7	192	139	263	280
ENSG00000155875.14	7	7	4	1
ENSG00000155876.5	768	720	1074	915
ENSG00000155886.11	0	39	5	3
ENSG00000155893.12	224	120	397	544
ENSG00000155897.9	0	10	7	21
ENSG00000155903.11	447	562	383	1165
ENSG00000155906.17	331	251	147	344
ENSG00000155918.7	1	1	4	7
ENSG00000155926.13	107	74	50	82
ENSG00000155957.17	687	602	366	759
ENSG00000155959.10	295	1187	1059	956
ENSG00000155961.4	35	52	109	135
ENSG00000155962.12	56	40	103	102
ENSG00000155966.13	123	55	111	78
ENSG00000155970.11	90	121	85	1
ENSG00000155974.12	159	250	96	398
ENSG00000155975.9	958	654	232	412
ENSG00000155980.11	38	43	450	225
ENSG00000156006.4	3	0	0	0
ENSG00000156009.9	1	0	4	2
ENSG00000156011.16	528	120	146	189
ENSG00000156017.12	226	603	3	264
ENSG00000156026.14	1119	389	616	1472
ENSG00000156030.13	1763	941	1678	2929
ENSG00000156042.17	254	62	134	187
ENSG00000156049.6	4	13	0	3
ENSG00000156050.8	110	94	131	194
ENSG00000156052.10	1850	1570	960	2326
ENSG00000156097.12	0	4	0	10
ENSG00000156103.15	7	1	7	0
ENSG00000156110.13	232	178	244	684
ENSG00000156113.22	34	25	424	819
ENSG00000156127.6	8	1	2	10
ENSG00000156136.9	424	224	158	377
ENSG00000156140.9	31	14	2	21
ENSG00000156150.7	4	14	7	8
ENSG00000156162.16	1526	1022	618	894
ENSG00000156170.12	210	277	226	337
ENSG00000156171.14	343	783	553	399
ENSG00000156172.5	72	120	49	110
ENSG00000156206.13	10	12	0	5
ENSG00000156218.12	17	0	27	68
ENSG00000156222.11	1	9	6	3
ENSG00000156232.7	248	106	190	461
ENSG00000156239.11	108	97	174	82
ENSG00000156253.6	108	333	199	382
ENSG00000156256.14	781	782	883	1590
ENSG00000156261.12	2321	4130	2690	2592
ENSG00000156265.15	188	21	66	91
ENSG00000156273.15	1004	464	412	976
ENSG00000156298.12	407	87	34	36
ENSG00000156299.13	470	224	291	238
ENSG00000156304.14	682	1496	650	873
ENSG00000156313.13	424	569	117	253
ENSG00000156345.17	492	524	290	457
ENSG00000156374.15	133	194	80	259
ENSG00000156381.8	642	683	195	1015
ENSG00000156384.14	99	116	81	268
ENSG00000156395.12	4	0	0	7
ENSG00000156398.12	195	580	268	577
ENSG00000156411.9	743	1098	1250	1286
ENSG00000156413.13	20	5	0	1
ENSG00000156414.18	7	430	4	7
ENSG00000156427.7	1217	841	708	846
ENSG00000156453.13	1248	5258	2762	1508
ENSG00000156463.17	20	179	37	14
ENSG00000156466.9	5	27	5	3
ENSG00000156467.9	3129	4482	6091	3979
ENSG00000156469.8	215	344	253	221
ENSG00000156471.12	1032	2520	1103	1164
ENSG00000156475.18	633	11	42	139
ENSG00000156482.10	7453	17862	12006	13199
ENSG00000156486.7	0	0	2	32
ENSG00000156500.15	37	64	34	105
ENSG00000156502.13	457	310	498	1414
ENSG00000156504.16	426	2145	2340	2336
ENSG00000156508.17	99277	111534	96873	159290
ENSG00000156509.13	0	25	6	26
ENSG00000156510.12	42	55	52	892
ENSG00000156515.23	1718	1128	1461	2191
ENSG00000156521.13	368	234	348	1015
ENSG00000156531.16	476	1436	1202	903
ENSG00000156535.14	705	297	1150	336
ENSG00000156574.9	3	0	0	9
ENSG00000156587.15	647	717	1232	1392
ENSG00000156599.10	2786	2071	1926	1846
ENSG00000156603.17	304	186	271	300
ENSG00000156639.11	1757	583	1351	2435
ENSG00000156642.16	1303	462	1297	2146
ENSG00000156650.13	1156	732	956	2435
ENSG00000156671.13	543	220	466	789
ENSG00000156675.15	6189	3200	492	3177
ENSG00000156687.10	58	0	1	0
ENSG00000156689.6	0	4	0	0
ENSG00000156697.12	215	564	229	1061
ENSG00000156709.13	485	1319	697	2094
ENSG00000156711.16	1055	485	936	1743
ENSG00000156735.10	559	400	190	342
ENSG00000156787.16	157	244	227	166
ENSG00000156795.7	211	423	253	213
ENSG00000156802.12	896	2449	1058	1354
ENSG00000156804.7	175	264	768	665
ENSG00000156831.7	262	332	472	428
ENSG00000156853.12	202	68	170	251
ENSG00000156858.11	754	194	760	742
ENSG00000156860.15	2727	814	3130	3492
ENSG00000156869.13	103	50	106	92
ENSG00000156873.15	636	334	686	865
ENSG00000156875.13	121	106	99	130
ENSG00000156876.9	183	259	202	462
ENSG00000156885.5	5	0	3	18
ENSG00000156925.11	0	5	1	1
ENSG00000156928.4	243	221	161	900
ENSG00000156931.15	1403	545	793	2314
ENSG00000156958.14	205	120	115	369
ENSG00000156966.6	885	1359	711	362
ENSG00000156968.8	67	4	171	175
ENSG00000156970.12	266	851	156	899
ENSG00000156973.13	267	285	232	594
ENSG00000156976.16	20945	8529	9002	37045
ENSG00000156983.15	500	451	374	1312
ENSG00000156990.14	233	277	339	971
ENSG00000157005.3	1004	25	3	67
ENSG00000157014.10	422	319	292	427
ENSG00000157017.15	5	7	12	2
ENSG00000157020.17	1165	1248	1234	1619
ENSG00000157036.12	50	81	136	162
ENSG00000157045.8	325	64	167	262
ENSG00000157060.15	1	0	1	5
ENSG00000157064.10	67	38	28	255
ENSG00000157077.14	354	343	333	1031
ENSG00000157087.18	2	15	615	91
ENSG00000157103.11	0	0	2	6
ENSG00000157106.16	3955	1965	2183	2762
ENSG00000157107.13	898	890	145	671
ENSG00000157110.15	828	2067	110	542
ENSG00000157111.12	5	24	1	11
ENSG00000157150.4	0	1	11	5
ENSG00000157152.16	1	1	3	11
ENSG00000157168.18	222	1	14	48
ENSG00000157181.15	796	464	576	948
ENSG00000157184.6	315	420	230	981
ENSG00000157191.19	796	493	494	947
ENSG00000157193.16	420	1349	294	300
ENSG00000157212.18	357	183	320	747
ENSG00000157214.13	54	251	1132	779
ENSG00000157216.15	1636	1251	1052	4516
ENSG00000157224.15	1287	889	1357	945
ENSG00000157227.12	6456	297	498	3861
ENSG00000157240.3	333	191	414	401
ENSG00000157259.7	1235	1073	1299	1737
ENSG00000157303.10	169	685	487	896
ENSG00000157306.14	17	28	28	78
ENSG00000157315.4	1	3	1	15
ENSG00000157322.17	4	3	6	18
ENSG00000157326.18	175	264	247	302
ENSG00000157330.9	12	53	0	9
ENSG00000157335.20	0	0	1	10
ENSG00000157343.8	5	3	3	27
ENSG00000157349.16	212	165	137	301
ENSG00000157350.12	295	191	348	679
ENSG00000157353.16	431	428	571	643
ENSG00000157368.10	18	2	41	134
ENSG00000157379.13	303	372	474	515
ENSG00000157388.16	19	506	244	55
ENSG00000157404.15	17	7	1	3
ENSG00000157423.17	148	176	21	114
ENSG00000157426.13	139	119	101	123
ENSG00000157429.15	48	34	45	82
ENSG00000157445.14	21	55	45	64
ENSG00000157450.15	524	819	328	530
ENSG00000157456.7	169	740	156	734
ENSG00000157470.11	11	35	19	124
ENSG00000157483.8	647	1271	266	491
ENSG00000157500.11	649	1609	861	823
ENSG00000157502.13	35	0	0	1
ENSG00000157510.13	30	157	9	33
ENSG00000157514.16	396	1291	618	2241
ENSG00000157538.13	526	848	707	846
ENSG00000157540.20	1547	1465	1283	1913
ENSG00000157542.10	2	2	0	5
ENSG00000157551.18	4	8	7	16
ENSG00000157554.18	5	15	1	2
ENSG00000157557.11	1215	863	772	4135
ENSG00000157570.11	74	11	266	612
ENSG00000157578.13	35	47	19	37
ENSG00000157593.18	997	2177	845	992
ENSG00000157600.11	574	814	351	1159
ENSG00000157601.13	1293	439	693	591
ENSG00000157613.10	7	81	1	22
ENSG00000157617.16	404	421	370	775
ENSG00000157625.15	657	661	424	451
ENSG00000157637.12	1483	1106	336	2448
ENSG00000157653.11	8	44	7	8
ENSG00000157654.17	12	5	6	2
ENSG00000157657.14	2029	951	499	1240
ENSG00000157680.15	21	1	8	29
ENSG00000157693.14	139	152	129	235
ENSG00000157703.15	23	24	59	382
ENSG00000157734.13	382	505	337	249
ENSG00000157741.14	1203	356	997	1138
ENSG00000157764.13	632	330	698	1229
ENSG00000157765.12	1125	3382	8187	11014
ENSG00000157778.8	286	165	419	887
ENSG00000157782.9	0	0	0	6
ENSG00000157796.17	965	1046	872	958
ENSG00000157800.17	880	252	862	1431
ENSG00000157823.16	313	183	116	335
ENSG00000157827.19	1976	1370	1083	1338
ENSG00000157833.12	154	29	92	172
ENSG00000157837.15	1397	772	911	2417
ENSG00000157851.16	2	13	0	12
ENSG00000157856.11	85	89	6	22
ENSG00000157869.14	163	198	71	148
ENSG00000157870.15	889	1304	617	1088
ENSG00000157873.17	418	670	879	2316
ENSG00000157881.13	255	411	265	409
ENSG00000157890.17	65	4	1	32
ENSG00000157895.11	277	191	227	528
ENSG00000157911.10	265	574	315	674
ENSG00000157916.19	1352	1714	1748	2393
ENSG00000157927.16	21	4	13	25
ENSG00000157933.9	1205	1041	1389	2670
ENSG00000157954.14	2068	530	1013	2638
ENSG00000157978.11	337	470	353	518
ENSG00000157985.18	1238	1158	1586	2094
ENSG00000157992.12	971	599	703	731
ENSG00000157999.5	1	2	0	3
ENSG00000158006.13	318	328	296	308
ENSG00000158008.9	8	4	8	44
ENSG00000158014.14	515	401	46	86
ENSG00000158019.20	653	586	479	453
ENSG00000158023.9	268	28	32	141
ENSG00000158042.8	421	628	409	727
ENSG00000158050.4	25	274	51	137
ENSG00000158055.15	328	48	225	76
ENSG00000158062.20	746	1231	495	1711
ENSG00000158079.15	208	257	301	291
ENSG00000158089.14	15	370	235	27
ENSG00000158092.6	305	441	239	1735
ENSG00000158104.11	6	33	4	43
ENSG00000158106.13	1074	2138	2878	1001
ENSG00000158109.14	774	529	1134	1142
ENSG00000158113.12	43	28	5	77
ENSG00000158122.11	200	332	90	264
ENSG00000158125.9	366	76	307	353
ENSG00000158156.7	143	108	88	247
ENSG00000158158.11	954	680	838	927
ENSG00000158161.15	521	718	540	762
ENSG00000158163.14	8	68	8	134
ENSG00000158164.6	14	0	1	6
ENSG00000158169.13	151	270	194	374
ENSG00000158186.12	223	1067	158	409
ENSG00000158195.10	2831	3701	1923	4136
ENSG00000158201.9	68	188	333	441
ENSG00000158220.13	49	104	13	142
ENSG00000158234.12	118	232	107	1216
ENSG00000158246.7	175	22	120	341
ENSG00000158258.16	59	94	33	497
ENSG00000158270.11	110	53	29	109
ENSG00000158286.12	808	438	1202	1681
ENSG00000158290.16	676	621	653	1681
ENSG00000158292.6	1311	236	292	633
ENSG00000158296.13	82	7	157	13
ENSG00000158301.18	38	27	66	202
ENSG00000158315.10	56	202	135	95
ENSG00000158321.16	1078	765	650	1749
ENSG00000158352.15	115	143	59	47
ENSG00000158373.8	197	150	412	566
ENSG00000158402.19	58	259	33	149
ENSG00000158406.4	30	171	289	1193
ENSG00000158411.11	329	372	516	508
ENSG00000158417.10	2369	2366	3171	4234
ENSG00000158423.16	18	50	8	46
ENSG00000158427.14	4	2	0	3
ENSG00000158428.3	5	29	2	19
ENSG00000158435.7	1096	502	1491	1682
ENSG00000158445.9	16	288	30	506
ENSG00000158457.5	61	38	249	131
ENSG00000158458.19	18	52	43	3
ENSG00000158467.16	373	115	267	579
ENSG00000158470.5	7447	3466	5269	6906
ENSG00000158473.6	13	10	12	18
ENSG00000158480.10	536	152	387	614
ENSG00000158481.12	3	4	0	5
ENSG00000158482.10	1	6	4	1
ENSG00000158483.15	80	106	64	110
ENSG00000158486.13	41	63	24	73
ENSG00000158517.13	25	11	7	21
ENSG00000158526.7	374	657	480	1384
ENSG00000158528.11	886	625	568	1039
ENSG00000158545.15	807	568	606	1081
ENSG00000158552.12	395	226	551	375
ENSG00000158555.14	286	261	2258	855
ENSG00000158560.14	3	7	27	18
ENSG00000158571.10	4	13	0	7
ENSG00000158604.14	2054	1526	1938	5454
ENSG00000158615.8	2571	1011	1658	2233
ENSG00000158623.14	652	302	326	1176
ENSG00000158636.16	612	671	504	481
ENSG00000158669.11	2888	2448	1730	2683
ENSG00000158683.8	48	15	9	36
ENSG00000158691.14	229	14	119	89
ENSG00000158710.14	8358	6185	6309	15098
ENSG00000158711.13	937	1071	956	969
ENSG00000158714.10	49	29	40	32
ENSG00000158715.5	102	119	38	136
ENSG00000158716.8	391	379	467	1235
ENSG00000158717.10	132	165	83	245
ENSG00000158747.14	837	1164	2046	694
ENSG00000158769.17	3576	2142	1786	3067
ENSG00000158773.14	977	453	857	1171
ENSG00000158786.4	5	4	0	0
ENSG00000158792.15	345	125	171	277
ENSG00000158793.13	506	318	360	710
ENSG00000158796.16	724	395	592	966
ENSG00000158805.11	450	493	621	1000
ENSG00000158806.13	21	53	4	58
ENSG00000158813.17	70	164	91	500
ENSG00000158815.10	15	27	2	13
ENSG00000158816.15	13	660	10	9
ENSG00000158825.5	11	1	11	46
ENSG00000158828.7	615	780	903	1462
ENSG00000158850.14	970	565	610	1138
ENSG00000158856.18	1511	439	273	740
ENSG00000158859.9	3	1	1	6
ENSG00000158863.21	1960	684	740	1370
ENSG00000158864.12	1400	1482	1913	2407
ENSG00000158869.10	160	61	103	99
ENSG00000158882.14	178	95	261	487
ENSG00000158887.15	8	1	7	12
ENSG00000158901.11	0	0	4	6
ENSG00000158941.16	3408	2319	933	2086
ENSG00000158966.14	251	348	94	401
ENSG00000158985.13	860	897	803	1022
ENSG00000158987.20	111	186	124	166
ENSG00000159023.21	1079	836	1285	2128
ENSG00000159055.3	235	602	199	276
ENSG00000159063.12	454	708	575	412
ENSG00000159069.13	751	1526	1073	1231
ENSG00000159079.18	583	1395	510	592
ENSG00000159082.17	301	231	227	168
ENSG00000159086.14	763	1732	584	569
ENSG00000159110.19	273	586	371	240
ENSG00000159111.12	385	263	240	559
ENSG00000159128.14	748	1154	482	628
ENSG00000159131.16	755	2926	1206	1583
ENSG00000159140.19	4913	13595	5239	5593
ENSG00000159147.17	162	347	137	250
ENSG00000159164.9	184	19	160	767
ENSG00000159166.13	698	1547	877	902
ENSG00000159167.11	99	13	269	112
ENSG00000159173.18	96	3	11	21
ENSG00000159176.13	9192	2605	1506	3831
ENSG00000159189.11	421	300	264	408
ENSG00000159199.13	453	1778	1250	1389
ENSG00000159200.17	156	171	281	365
ENSG00000159202.17	2460	2087	1825	3109
ENSG00000159208.15	152	110	171	308
ENSG00000159210.9	614	843	554	1065
ENSG00000159212.12	3	15	55	37
ENSG00000159214.12	318	286	388	662
ENSG00000159216.18	857	1888	404	608
ENSG00000159217.9	48	23	28	399
ENSG00000159228.12	260	515	521	600
ENSG00000159231.5	8	15	8	5
ENSG00000159239.13	9	41	6	5
ENSG00000159247.13	22	59	128	132
ENSG00000159251.7	6	0	5	4
ENSG00000159256.12	505	453	394	443
ENSG00000159259.7	109	200	79	162
ENSG00000159263.15	2	350	11	4
ENSG00000159267.14	476	466	282	669
ENSG00000159289.6	7	1	0	9
ENSG00000159307.18	2	15	0	19
ENSG00000159314.11	778	507	429	1002
ENSG00000159322.17	948	455	488	1318
ENSG00000159335.15	3081	2095	2575	6674
ENSG00000159337.6	1	0	2	3
ENSG00000159346.12	1661	1276	1686	1694
ENSG00000159348.12	1310	624	1202	635
ENSG00000159352.15	2190	2421	1893	2778
ENSG00000159363.17	722	773	301	765
ENSG00000159374.17	21	67	72	52
ENSG00000159377.10	3154	2926	3071	4486
ENSG00000159387.7	2	1	0	32
ENSG00000159388.5	1370	598	436	1448
ENSG00000159399.9	1890	3168	2443	1598
ENSG00000159403.16	288	267	233	4134
ENSG00000159409.14	4	1	1	5
ENSG00000159423.16	123	191	280	245
ENSG00000159433.11	122	342	71	147
ENSG00000159445.12	291	265	268	478
ENSG00000159450.12	134	6	6	20
ENSG00000159459.11	559	441	305	595
ENSG00000159461.14	806	634	1225	1137
ENSG00000159479.16	349	592	770	1388
ENSG00000159495.7	0	1	1	0
ENSG00000159496.14	26	37	108	64
ENSG00000159579.13	366	225	501	423
ENSG00000159588.14	29	40	88	200
ENSG00000159592.10	1864	1782	2322	3175
ENSG00000159593.14	490	378	567	771
ENSG00000159596.6	324	490	689	918
ENSG00000159618.15	0	2	2	2
ENSG00000159625.14	42	38	2	14
ENSG00000159640.15	42	54	41	192
ENSG00000159648.11	13	1	14	19
ENSG00000159650.8	6	9	0	24
ENSG00000159658.10	1642	1446	1616	1911
ENSG00000159674.11	84	102	115	132
ENSG00000159685.10	121	312	153	525
ENSG00000159692.15	1655	2104	900	2529
ENSG00000159708.17	4	4	2	33
ENSG00000159713.10	979	296	726	2490
ENSG00000159714.11	220	65	47	291
ENSG00000159720.11	719	418	808	1096
ENSG00000159733.13	131	112	132	111
ENSG00000159753.13	39	1	8	23
ENSG00000159761.14	11	1	20	47
ENSG00000159784.17	22	6	12	50
ENSG00000159788.19	868	370	156	597
ENSG00000159792.9	540	345	525	667
ENSG00000159840.15	2918	1656	3455	9610
ENSG00000159842.15	277	179	192	362
ENSG00000159871.14	9	6	21	28
ENSG00000159873.9	300	278	274	482
ENSG00000159882.12	58	13	71	124
ENSG00000159884.11	187	284	441	202
ENSG00000159885.13	36	5	62	87
ENSG00000159899.14	182	170	81	514
ENSG00000159905.14	17	0	11	57
ENSG00000159915.12	6	14	56	22
ENSG00000159917.16	74	16	94	123
ENSG00000159921.15	37	6	349	23
ENSG00000159958.6	25	29	12	52
ENSG00000160007.18	1681	1040	1290	2154
ENSG00000160013.8	14	0	3	6
ENSG00000160014.16	2198	1532	2136	1811
ENSG00000160049.11	835	2478	733	1430
ENSG00000160050.14	35	68	100	191
ENSG00000160051.11	92	83	50	210
ENSG00000160055.19	317	284	527	858
ENSG00000160058.18	1188	1206	1128	2388
ENSG00000160062.14	151	184	119	210
ENSG00000160072.19	760	905	960	1707
ENSG00000160075.11	1020	1937	1391	2899
ENSG00000160087.20	692	670	692	1531
ENSG00000160094.14	797	377	338	1994
ENSG00000160097.17	5	8	13	30
ENSG00000160111.12	609	63	825	860
ENSG00000160113.5	2130	2057	3113	8008
ENSG00000160117.14	19	39	119	308
ENSG00000160124.9	165	270	197	802
ENSG00000160131.13	334	990	1244	1058
ENSG00000160145.15	725	148	182	722
ENSG00000160161.9	94	35	43	116
ENSG00000160172.10	73	147	47	61
ENSG00000160179.18	538	11	143	328
ENSG00000160180.15	2	47	4	4
ENSG00000160181.8	1	1	18	18
ENSG00000160183.14	2553	808	893	2289
ENSG00000160188.9	106	282	107	133
ENSG00000160190.13	776	406	379	753
ENSG00000160191.17	292	654	405	394
ENSG00000160193.11	114	324	215	335
ENSG00000160194.17	459	998	691	918
ENSG00000160199.14	508	533	583	1008
ENSG00000160200.17	0	497	319	1014
ENSG00000160201.11	163	179	163	300
ENSG00000160207.8	14	14	15	54
ENSG00000160208.12	678	717	585	1488
ENSG00000160209.18	2273	2143	2213	3170
ENSG00000160211.17	309	732	1622	1280
ENSG00000160213.7	1539	700	1982	3181
ENSG00000160214.12	528	459	617	1007
ENSG00000160216.18	1012	892	518	1530
ENSG00000160218.12	952	255	529	1147
ENSG00000160219.11	21	16	10	26
ENSG00000160221.17	11	125	3	242
ENSG00000160223.17	104	73	59	172
ENSG00000160224.16	3	0	1	21
ENSG00000160226.15	313	222	120	431
ENSG00000160229.11	34	17	23	36
ENSG00000160233.7	109	46	111	265
ENSG00000160255.17	622	250	493	471
ENSG00000160256.12	184	294	568	700
ENSG00000160271.15	873	1312	746	709
ENSG00000160282.13	26	0	5	78
ENSG00000160284.14	177	0	429	359
ENSG00000160285.14	850	2515	1071	1951
ENSG00000160293.16	1803	1470	907	1112
ENSG00000160294.10	1663	3299	1572	2607
ENSG00000160298.17	92	794	71	703
ENSG00000160299.16	725	1899	1245	1333
ENSG00000160305.17	1192	2782	922	1404
ENSG00000160307.9	2	7	1	3
ENSG00000160310.17	1301	3112	1027	2099
ENSG00000160318.6	1	0	0	9
ENSG00000160321.14	1	44	246	71
ENSG00000160323.18	202	226	84	496
ENSG00000160325.14	1042	726	714	1044
ENSG00000160326.13	158	97	90	177
ENSG00000160336.14	460	191	265	278
ENSG00000160345.12	52	218	57	96
ENSG00000160349.9	0	1	0	16
ENSG00000160352.15	266	553	255	679
ENSG00000160360.12	814	538	158	500
ENSG00000160392.13	176	91	144	899
ENSG00000160396.8	7	0	0	10
ENSG00000160401.14	120	616	72	67
ENSG00000160404.17	236	190	82	189
ENSG00000160408.14	11	50	8	21
ENSG00000160410.14	1188	295	847	3383
ENSG00000160439.15	1459	617	397	1501
ENSG00000160445.10	797	707	454	1080
ENSG00000160446.18	421	332	321	560
ENSG00000160447.6	55	228	53	144
ENSG00000160460.15	12	19	139	328
ENSG00000160469.16	232	2	197	350
ENSG00000160471.12	36	5	6	60
ENSG00000160472.4	5	21	5	4
ENSG00000160505.15	0	0	0	27
ENSG00000160539.5	12	0	0	5
ENSG00000160551.11	1888	769	893	1941
ENSG00000160563.13	191	198	111	255
ENSG00000160570.13	427	161	652	285
ENSG00000160584.15	734	1072	841	1071
ENSG00000160588.9	568	173	983	668
ENSG00000160593.18	18	15	11	9
ENSG00000160602.13	129	124	175	325
ENSG00000160606.10	118	75	120	111
ENSG00000160613.12	1218	2007	2495	2166
ENSG00000160633.12	1995	2461	1323	1892
ENSG00000160654.10	5	4	4	2
ENSG00000160678.11	1079	441	4173	4128
ENSG00000160679.12	2713	2456	2006	4141
ENSG00000160683.4	50	12	46	16
ENSG00000160685.13	1387	1000	939	1870
ENSG00000160688.18	1138	539	866	1664
ENSG00000160691.18	3724	1341	2966	5240
ENSG00000160695.14	599	299	687	559
ENSG00000160703.15	178	176	367	412
ENSG00000160710.16	8719	4386	4569	9398
ENSG00000160712.12	281	782	257	555
ENSG00000160714.9	2137	933	1288	2765
ENSG00000160716.5	7	6	2	47
ENSG00000160741.16	1261	600	682	1604
ENSG00000160746.12	209	394	341	397
ENSG00000160752.14	2309	3391	1749	2715
ENSG00000160753.15	1701	603	1246	1964
ENSG00000160766.14	142	40	70	192
ENSG00000160767.20	879	526	736	1708
ENSG00000160781.16	131	60	30	456
ENSG00000160783.19	450	543	335	838
ENSG00000160785.13	716	436	580	1239
ENSG00000160789.19	10061	5582	9551	22506
ENSG00000160791.13	48	20	20	34
ENSG00000160796.16	1750	1439	1442	1514
ENSG00000160799.11	326	440	542	638
ENSG00000160801.13	1	1	0	6
ENSG00000160803.7	1663	1301	1630	3614
ENSG00000160808.9	11	0	5	0
ENSG00000160813.6	408	325	229	640
ENSG00000160818.16	533	648	641	1082
ENSG00000160838.13	7	0	1	5
ENSG00000160856.20	0	4	1	3
ENSG00000160862.12	1	8	0	208
ENSG00000160867.14	176	71	79	90
ENSG00000160877.5	2145	18046	2251	4994
ENSG00000160883.10	122	17	80	72
ENSG00000160886.13	387	164	240	44
ENSG00000160888.6	2444	13087	1892	5465
ENSG00000160908.14	506	320	575	577
ENSG00000160917.14	445	626	409	705
ENSG00000160932.10	3116	7768	15316	8521
ENSG00000160948.13	1405	3616	3702	1239
ENSG00000160949.16	571	1806	877	756
ENSG00000160951.3	4	1	111	20
ENSG00000160953.15	1052	476	607	532
ENSG00000160957.12	285	859	745	720
ENSG00000160959.7	499	1883	1384	2023
ENSG00000160961.11	302	313	367	1048
ENSG00000160963.13	112	201	115	543
ENSG00000160972.9	1389	2915	4214	1722
ENSG00000160973.7	74	42	160	33
ENSG00000160991.15	1056	513	585	2187
ENSG00000160993.3	142	140	129	189
ENSG00000160999.10	197	89	74	125
ENSG00000161010.14	690	1110	1313	930
ENSG00000161011.19	5270	5575	7742	14840
ENSG00000161013.16	2035	1686	2321	4690
ENSG00000161016.17	11514	91109	52761	30412
ENSG00000161021.12	1045	1214	725	1399
ENSG00000161036.12	318	346	245	753
ENSG00000161040.16	22	35	5	19
ENSG00000161048.11	294	364	259	289
ENSG00000161055.3	0	3	3	7
ENSG00000161057.11	1229	1118	1427	2337
ENSG00000161082.12	23	28	28	122
ENSG00000161091.12	702	606	506	876
ENSG00000161179.13	419	887	916	1161
ENSG00000161180.10	6	0	5	3
ENSG00000161202.18	5355	1713	3747	7635
ENSG00000161203.13	7378	3115	7740	12444
ENSG00000161204.11	2424	926	2119	3974
ENSG00000161217.11	1724	586	1366	2862
ENSG00000161243.8	37	25	120	417
ENSG00000161249.20	1087	1946	1802	7311
ENSG00000161265.14	173	93	663	896
ENSG00000161267.11	643	1031	1400	784
ENSG00000161270.19	14	4	0	53
ENSG00000161277.10	169	60	154	422
ENSG00000161281.10	0	1	1	0
ENSG00000161298.17	352	140	244	761
ENSG00000161328.10	521	206	55	141
ENSG00000161381.13	6	16	1	44
ENSG00000161395.13	411	1721	253	1080
ENSG00000161405.16	2	161	3	5
ENSG00000161509.13	9	2	1	56
ENSG00000161513.11	214	405	143	247
ENSG00000161526.14	1467	1051	761	2900
ENSG00000161533.11	2314	758	545	817
ENSG00000161542.16	619	565	314	774
ENSG00000161544.9	38	40	13	37
ENSG00000161547.16	3033	3597	2794	5320
ENSG00000161551.14	280	97	151	218
ENSG00000161558.10	42	39	79	101
ENSG00000161609.9	7	0	1	2
ENSG00000161618.9	570	344	405	431
ENSG00000161638.10	333	65	212	492
ENSG00000161640.15	4	2	6	6
ENSG00000161642.17	233	51	192	339
ENSG00000161643.12	4	1	7	7
ENSG00000161647.18	149	207	100	162
ENSG00000161653.10	17	27	80	6
ENSG00000161654.9	311	455	246	564
ENSG00000161664.6	7	12	7	17
ENSG00000161671.16	2666	1329	2403	2341
ENSG00000161677.11	109	75	108	216
ENSG00000161681.15	2	6	8	14
ENSG00000161682.14	781	109	139	673
ENSG00000161692.17	338	230	83	315
ENSG00000161714.11	1705	383	5529	2076
ENSG00000161791.13	559	233	211	494
ENSG00000161798.6	942	606	199	284
ENSG00000161800.12	516	889	363	1105
ENSG00000161813.21	1096	1183	1290	1295
ENSG00000161835.10	242	63	43	190
ENSG00000161847.13	521	1276	278	997
ENSG00000161860.7	8	63	10	15
ENSG00000161888.11	106	796	109	811
ENSG00000161896.11	5	0	4	84
ENSG00000161904.11	1652	550	833	2405
ENSG00000161905.12	1	1	2	8
ENSG00000161911.11	1	1	0	16
ENSG00000161912.18	145	119	32	79
ENSG00000161914.9	104	254	67	260
ENSG00000161920.9	111	126	97	228
ENSG00000161921.14	1916	737	1060	2700
ENSG00000161929.14	20	6	18	20
ENSG00000161939.19	2	4	3	7
ENSG00000161940.10	0	0	5	22
ENSG00000161955.16	161	210	231	270
ENSG00000161956.12	345	687	319	1033
ENSG00000161958.10	59	3	64	44
ENSG00000161960.14	637	1497	822	1440
ENSG00000161970.14	2411	4654	3667	7068
ENSG00000161973.10	5	0	0	4
ENSG00000161980.5	173	136	222	226
ENSG00000161981.10	229	167	232	440
ENSG00000161996.18	1060	832	833	2085
ENSG00000161999.11	740	643	1004	1368
ENSG00000162004.16	75	110	115	134
ENSG00000162006.9	18	3	18	151
ENSG00000162032.15	1050	455	840	1174
ENSG00000162039.15	23	17	33	20
ENSG00000162040.6	17	3	12	11
ENSG00000162062.14	109	132	83	363
ENSG00000162063.12	224	387	234	445
ENSG00000162065.13	370	201	434	976
ENSG00000162066.15	671	1078	656	1239
ENSG00000162068.1	4	1	2	62
ENSG00000162069.15	1063	601	896	1316
ENSG00000162073.13	541	269	154	672
ENSG00000162076.12	215	438	241	320
ENSG00000162078.11	14	55	9	38
ENSG00000162086.14	556	286	379	864
ENSG00000162104.9	379	216	507	759
ENSG00000162105.18	281	561	138	162
ENSG00000162129.13	490	859	653	688
ENSG00000162139.9	266	517	448	400
ENSG00000162144.9	362	518	371	580
ENSG00000162148.10	39	30	12	15
ENSG00000162174.12	227	2047	527	782
ENSG00000162188.5	10	2	1	4
ENSG00000162191.13	1216	2869	1277	1851
ENSG00000162194.12	47	462	56	76
ENSG00000162222.13	217	512	195	304
ENSG00000162227.7	299	461	303	334
ENSG00000162231.13	1418	1327	1104	1763
ENSG00000162236.11	596	824	635	890
ENSG00000162241.12	90	65	68	271
ENSG00000162244.11	3477	44965	7645	9711
ENSG00000162267.12	0	23	4	38
ENSG00000162298.18	1023	780	1583	1868
ENSG00000162300.12	626	580	635	847
ENSG00000162302.12	585	832	620	950
ENSG00000162337.11	1153	1431	840	1015
ENSG00000162341.16	493	334	426	171
ENSG00000162344.3	0	32	1	3
ENSG00000162365.11	0	3	0	1
ENSG00000162366.7	52	358	45	482
ENSG00000162367.11	0	0	0	11
ENSG00000162368.13	1049	1852	864	1788
ENSG00000162373.12	11	15	6	52
ENSG00000162377.5	431	828	410	982
ENSG00000162378.12	570	502	325	1130
ENSG00000162384.13	269	361	365	666
ENSG00000162385.10	445	547	307	1196
ENSG00000162390.17	267	190	314	1039
ENSG00000162391.11	3	3	9	16
ENSG00000162396.5	100	123	69	268
ENSG00000162398.11	0	6	11	5
ENSG00000162399.7	4	11	7	10
ENSG00000162402.13	1252	1771	629	2252
ENSG00000162407.8	336	180	143	101
ENSG00000162408.10	502	653	486	693
ENSG00000162409.10	369	332	284	463
ENSG00000162413.16	390	397	648	693
ENSG00000162415.6	9	29	113	94
ENSG00000162419.12	287	302	198	339
ENSG00000162426.14	13	17	32	42
ENSG00000162430.16	1230	1350	596	1690
ENSG00000162433.14	542	3372	965	1986
ENSG00000162434.11	1621	1335	742	3218
ENSG00000162437.14	172	357	147	714
ENSG00000162438.11	1	3	0	2
ENSG00000162441.11	290	377	329	341
ENSG00000162444.11	4	9	3	16
ENSG00000162458.12	1498	150	223	1628
ENSG00000162461.7	31	9	13	293
ENSG00000162482.4	32	81	39	52
ENSG00000162490.6	29	4	1	14
ENSG00000162493.16	58	994	24	136
ENSG00000162496.8	1041	6416	1410	1087
ENSG00000162510.5	7	0	12	21
ENSG00000162511.7	764	492	548	759
ENSG00000162512.15	1607	1076	1045	2612
ENSG00000162517.12	565	923	822	1534
ENSG00000162520.14	31	17	65	259
ENSG00000162521.18	2864	3333	2323	4627
ENSG00000162522.10	4226	5929	2953	7868
ENSG00000162526.6	10	8	4	28
ENSG00000162542.13	447	1210	555	485
ENSG00000162543.5	247	872	82	589
ENSG00000162545.5	661	135	339	26
ENSG00000162551.13	825	160	80	194
ENSG00000162552.14	174	8	11	48
ENSG00000162571.13	24	17	9	23
ENSG00000162572.20	62	115	267	687
ENSG00000162576.16	1999	33	205	302
ENSG00000162585.16	500	323	775	1005
ENSG00000162591.15	1206	377	321	922
ENSG00000162595.6	16	9	4	36
ENSG00000162598.13	3	8	7	7
ENSG00000162599.15	460	319	192	851
ENSG00000162600.11	136	360	190	474
ENSG00000162601.9	938	1014	683	1115
ENSG00000162604.12	540	353	291	865
ENSG00000162607.12	1126	1253	494	2216
ENSG00000162613.16	1464	1241	2515	3204
ENSG00000162614.18	14	8	8	62
ENSG00000162616.8	384	119	667	443
ENSG00000162620.15	19	27	19	22
ENSG00000162623.15	239	301	470	432
ENSG00000162627.16	198	194	368	393
ENSG00000162630.5	8	0	0	2
ENSG00000162631.18	619	3	25	153
ENSG00000162636.15	668	322	124	251
ENSG00000162639.15	1382	35	319	229
ENSG00000162642.13	319	260	603	396
ENSG00000162643.12	25	15	0	12
ENSG00000162645.12	511	75	609	845
ENSG00000162650.16	213	212	303	264
ENSG00000162654.8	80	28	9	106
ENSG00000162664.16	813	1231	1025	914
ENSG00000162669.15	12	25	38	155
ENSG00000162676.11	8	4	4	5
ENSG00000162687.17	24	150	26	37
ENSG00000162688.16	368	589	826	663
ENSG00000162692.11	43	8	27	12
ENSG00000162694.13	230	276	357	388
ENSG00000162695.11	528	443	728	818
ENSG00000162702.7	673	296	374	239
ENSG00000162704.15	5124	2521	3676	6096
ENSG00000162706.12	8	0	13	173
ENSG00000162711.17	29	25	27	27
ENSG00000162714.12	1360	558	859	1135
ENSG00000162722.8	110	120	175	259
ENSG00000162728.4	10	5	11	5
ENSG00000162729.13	2024	866	910	1344
ENSG00000162733.17	28	16	57	861
ENSG00000162734.12	5413	4254	7054	9824
ENSG00000162735.18	1286	789	948	1243
ENSG00000162736.16	3066	1276	1269	2836
ENSG00000162738.5	1663	308	488	2202
ENSG00000162739.13	5	7	1	1
ENSG00000162745.10	79	9	57	47
ENSG00000162746.14	58	213	97	64
ENSG00000162753.12	10	20	0	54
ENSG00000162755.13	188	126	76	245
ENSG00000162757.4	107	125	47	86
ENSG00000162761.14	1	1	5	2
ENSG00000162769.12	378	522	330	448
ENSG00000162771.7	4	5	1	9
ENSG00000162772.16	2971	3416	2275	4924
ENSG00000162775.14	170	147	130	247
ENSG00000162777.16	391	705	481	505
ENSG00000162779.21	8	9	4	9
ENSG00000162782.15	50	65	137	214
ENSG00000162783.10	659	311	399	661
ENSG00000162804.13	34	299	81	147
ENSG00000162813.17	778	452	543	552
ENSG00000162814.10	120	100	56	47
ENSG00000162817.6	274	268	194	137
ENSG00000162819.11	1310	791	658	939
ENSG00000162825.16	91	51	141	138
ENSG00000162836.11	854	586	621	1703
ENSG00000162849.15	404	25	132	79
ENSG00000162851.7	358	353	452	373
ENSG00000162852.13	525	400	432	500
ENSG00000162869.15	667	436	420	1044
ENSG00000162873.14	11	22	26	121
ENSG00000162878.12	31	25	2	40
ENSG00000162881.6	6	0	0	3
ENSG00000162882.14	9	0	7	3
ENSG00000162885.12	326	206	242	326
ENSG00000162888.4	0	1	0	2
ENSG00000162889.10	2130	1059	1397	1834
ENSG00000162891.10	11	2	0	1
ENSG00000162892.15	2	2	2	4
ENSG00000162894.11	5	19	12	27
ENSG00000162896.5	0	128	1	7
ENSG00000162909.17	4755	4692	2977	4304
ENSG00000162910.18	291	289	494	468
ENSG00000162913.9	72	77	52	94
ENSG00000162923.15	4101	2158	2997	3633
ENSG00000162924.14	458	158	92	119
ENSG00000162927.13	147	57	83	132
ENSG00000162928.8	1005	690	605	895
ENSG00000162929.13	343	216	75	246
ENSG00000162931.11	281	6	347	149
ENSG00000162944.10	9	93	30	15
ENSG00000162946.22	60	49	29	59
ENSG00000162949.16	293	420	36	103
ENSG00000162951.10	768	51	120	20
ENSG00000162959.13	125	75	84	135
ENSG00000162961.13	794	588	511	1053
ENSG00000162971.10	535	245	214	230
ENSG00000162972.10	331	233	271	329
ENSG00000162975.4	2	1	4	31
ENSG00000162976.12	624	333	221	577
ENSG00000162980.16	783	717	614	599
ENSG00000162981.13	466	381	133	140
ENSG00000162994.15	134	258	41	70
ENSG00000162997.15	91	42	52	150
ENSG00000162998.4	85	6	12	7
ENSG00000162999.12	48	44	24	89
ENSG00000163001.11	703	506	672	871
ENSG00000163002.12	196	265	141	296
ENSG00000163006.11	180	269	83	158
ENSG00000163009.9	31	35	6	46
ENSG00000163013.11	355	579	558	997
ENSG00000163016.9	2	7	4	4
ENSG00000163017.13	5	0	2	4
ENSG00000163026.11	183	124	146	255
ENSG00000163029.15	835	613	462	1101
ENSG00000163032.11	2	11	0	0
ENSG00000163040.14	70	51	24	51
ENSG00000163041.9	4765	4775	4744	4648
ENSG00000163046.15	0	0	5	1
ENSG00000163050.16	509	744	662	677
ENSG00000163053.10	7	10	236	52
ENSG00000163060.7	3	10	0	0
ENSG00000163064.6	0	17	0	1
ENSG00000163069.12	197	295	66	382
ENSG00000163071.10	11	21	4	1
ENSG00000163072.15	3	30	2	12
ENSG00000163075.12	21	20	5	22
ENSG00000163082.9	716	308	277	702
ENSG00000163083.5	968	1414	3623	9169
ENSG00000163093.11	273	177	112	224
ENSG00000163104.17	1520	474	334	749
ENSG00000163110.14	2259	401	834	1065
ENSG00000163116.9	3	4	9	0
ENSG00000163121.9	10	10	5	94
ENSG00000163125.15	2453	1232	799	2307
ENSG00000163126.14	13	25	17	27
ENSG00000163131.10	717	547	206	769
ENSG00000163132.6	16	58	19	275
ENSG00000163138.18	228	253	77	260
ENSG00000163141.19	665	25	6	32
ENSG00000163154.5	9	5	5	11
ENSG00000163155.11	268	240	145	252
ENSG00000163156.11	673	469	584	802
ENSG00000163159.12	1200	786	519	1166
ENSG00000163161.13	1077	1078	970	1847
ENSG00000163162.8	1063	910	2178	1193
ENSG00000163166.14	1236	955	883	1690
ENSG00000163170.11	223	194	292	373
ENSG00000163171.7	882	446	719	1628
ENSG00000163191.5	4018	2020	4443	5424
ENSG00000163214.20	692	382	378	1130
ENSG00000163219.11	119	17	67	118
ENSG00000163220.10	1286	39	1015	326
ENSG00000163221.8	2	0	3	0
ENSG00000163235.15	632	263	311	342
ENSG00000163239.12	6	0	23	28
ENSG00000163249.11	683	292	930	1087
ENSG00000163251.3	785	679	129	266
ENSG00000163257.10	869	888	599	866
ENSG00000163273.3	2	0	1	6
ENSG00000163281.11	221	202	92	183
ENSG00000163283.6	62	349	125	255
ENSG00000163286.8	16	32	6	121
ENSG00000163291.14	283	127	255	429
ENSG00000163293.11	182	290	39	32
ENSG00000163297.16	47	23	29	20
ENSG00000163312.10	127	64	98	148
ENSG00000163319.10	316	295	427	533
ENSG00000163320.10	1406	1751	1305	1126
ENSG00000163322.13	267	145	125	256
ENSG00000163328.13	62	71	173	167
ENSG00000163331.11	57	47	9	34
ENSG00000163344.5	719	689	722	822
ENSG00000163346.16	4499	1296	1505	5736
ENSG00000163347.5	7551	704	2315	20598
ENSG00000163348.3	1185	667	612	2038
ENSG00000163349.21	1281	1285	1741	1514
ENSG00000163352.5	2	0	1	2
ENSG00000163354.14	49	12	2	25
ENSG00000163357.10	7	1	2	6
ENSG00000163359.15	80	8	34	89
ENSG00000163362.10	1552	1172	915	1313
ENSG00000163364.9	1	16	0	6
ENSG00000163374.19	1038	807	896	1762
ENSG00000163376.11	14	9	24	27
ENSG00000163378.13	72	71	87	79
ENSG00000163382.11	1159	1590	1127	2268
ENSG00000163389.11	279	326	392	998
ENSG00000163393.12	51	81	50	134
ENSG00000163395.16	3	4	337	124
ENSG00000163399.15	10410	10482	13187	13663
ENSG00000163406.10	76	48	126	384
ENSG00000163412.12	186	447	150	278
ENSG00000163428.3	641	1213	540	2467
ENSG00000163430.11	4766	768	807	10143
ENSG00000163431.12	54	3	27	15
ENSG00000163435.15	8544	13949	9943	7871
ENSG00000163440.11	1	7	31	19
ENSG00000163444.11	1520	967	672	1244
ENSG00000163449.10	80	17	138	65
ENSG00000163453.11	37	112	621	783
ENSG00000163462.17	101	45	108	678
ENSG00000163463.11	582	409	658	1123
ENSG00000163466.15	3760	2866	2750	4684
ENSG00000163467.11	6	15	8	36
ENSG00000163468.14	4272	6869	3817	8562
ENSG00000163472.18	225	100	220	320
ENSG00000163479.13	2639	2576	1843	5758
ENSG00000163481.7	290	262	260	533
ENSG00000163482.11	1975	1338	976	1966
ENSG00000163485.16	78	15	480	498
ENSG00000163491.16	12	13	6	37
ENSG00000163507.13	103	261	85	823
ENSG00000163508.12	0	0	1	1
ENSG00000163510.13	816	459	232	485
ENSG00000163512.13	375	382	460	408
ENSG00000163513.17	594	1689	2064	1316
ENSG00000163516.13	1405	2473	1986	1655
ENSG00000163517.14	843	489	703	728
ENSG00000163520.13	1190	58	429	449
ENSG00000163521.15	89	98	59	223
ENSG00000163527.9	1591	3673	2268	2600
ENSG00000163528.12	93	457	164	212
ENSG00000163530.4	0	0	4	25
ENSG00000163531.15	8	24	58	111
ENSG00000163535.17	280	191	160	330
ENSG00000163536.12	120	19	84	101
ENSG00000163539.16	749	749	387	1403
ENSG00000163541.11	914	1209	1331	1340
ENSG00000163545.8	1964	715	671	1257
ENSG00000163558.12	9853	2345	3254	5103
ENSG00000163563.7	46	9	25	14
ENSG00000163565.18	66	662	429	2250
ENSG00000163568.14	1	0	1	4
ENSG00000163576.17	12	11	8	123
ENSG00000163577.7	33	5	121	223
ENSG00000163584.17	538	409	449	1832
ENSG00000163590.13	204	72	74	16
ENSG00000163596.16	69	164	18	360
ENSG00000163597.14	1430	2531	1973	3048
ENSG00000163602.10	795	1111	670	925
ENSG00000163605.14	797	1482	1160	989
ENSG00000163606.10	13	18	7	53
ENSG00000163607.15	161	219	173	465
ENSG00000163608.14	694	879	551	2449
ENSG00000163611.11	150	130	137	287
ENSG00000163617.10	226	303	101	475
ENSG00000163623.9	1	37	26	1
ENSG00000163624.5	1272	573	597	575
ENSG00000163625.15	1131	523	618	957
ENSG00000163626.16	207	162	92	262
ENSG00000163629.12	235	537	59	4
ENSG00000163631.16	9	24	5	0
ENSG00000163633.11	8	1	0	0
ENSG00000163634.11	256	514	533	414
ENSG00000163635.18	25	37	38	37
ENSG00000163636.10	436	1097	1102	992
ENSG00000163637.12	21	113	197	54
ENSG00000163638.13	1172	713	69	86
ENSG00000163644.14	476	60	215	96
ENSG00000163655.15	1253	1424	931	2665
ENSG00000163659.12	817	691	675	1221
ENSG00000163660.11	5378	3450	4999	15951
ENSG00000163661.3	291	317	160	133
ENSG00000163666.9	2	11	3	5
ENSG00000163681.14	677	832	852	839
ENSG00000163682.16	4274	19675	11255	8089
ENSG00000163683.11	929	176	1020	807
ENSG00000163684.11	290	610	316	364
ENSG00000163686.14	18	92	62	80
ENSG00000163689.20	52	51	66	71
ENSG00000163694.14	1679	2679	1103	1571
ENSG00000163697.16	213	260	379	333
ENSG00000163701.18	135	80	102	464
ENSG00000163702.19	296	171	525	1298
ENSG00000163703.17	743	290	866	2201
ENSG00000163704.11	47	70	244	805
ENSG00000163710.8	54	76	26	27
ENSG00000163714.17	2222	3436	2151	5563
ENSG00000163719.19	613	631	577	1997
ENSG00000163728.10	575	251	1518	2267
ENSG00000163734.4	22	107	15	6
ENSG00000163735.6	42	2	4	0
ENSG00000163738.18	179	201	171	344
ENSG00000163739.4	134	100	47	5
ENSG00000163743.13	344	169	327	342
ENSG00000163746.11	2	0	0	1
ENSG00000163749.17	9	0	4	10
ENSG00000163754.17	196	348	448	1370
ENSG00000163755.8	541	547	866	2583
ENSG00000163762.6	0	0	1	4
ENSG00000163781.13	813	1140	514	3812
ENSG00000163785.12	733	984	601	2688
ENSG00000163788.13	261	372	284	321
ENSG00000163792.6	5	13	8	18
ENSG00000163794.6	4	23	1	33
ENSG00000163795.13	777	287	277	744
ENSG00000163798.13	946	509	566	1007
ENSG00000163803.12	32	17	23	126
ENSG00000163806.15	12	16	9	15
ENSG00000163807.5	511	529	552	660
ENSG00000163808.16	102	377	91	291
ENSG00000163810.11	0	10	2	4
ENSG00000163811.11	1378	1460	1109	2003
ENSG00000163812.13	543	879	615	1038
ENSG00000163814.7	596	1652	304	1204
ENSG00000163817.15	4	53	46	28
ENSG00000163818.16	313	648	521	895
ENSG00000163820.14	486	765	577	980
ENSG00000163823.3	142	40	82	111
ENSG00000163827.12	0	7	6	12
ENSG00000163832.15	131	276	242	235
ENSG00000163840.9	1157	1691	1249	4346
ENSG00000163848.19	827	1222	707	2745
ENSG00000163864.16	80	161	178	501
ENSG00000163866.8	392	476	428	891
ENSG00000163867.16	264	281	362	353
ENSG00000163870.15	446	499	350	1473
ENSG00000163872.15	3236	2026	1178	2709
ENSG00000163873.9	95	17	308	121
ENSG00000163874.10	399	244	344	845
ENSG00000163875.15	934	1140	799	1449
ENSG00000163877.10	391	364	302	764
ENSG00000163879.10	852	118	70	320
ENSG00000163882.9	1619	893	1909	2160
ENSG00000163884.3	27	76	67	466
ENSG00000163885.11	35	111	0	5
ENSG00000163888.3	11	1	1	19
ENSG00000163898.9	210	23	39	288
ENSG00000163900.10	1084	478	682	2219
ENSG00000163902.11	4161	4150	4320	23860
ENSG00000163904.12	1733	620	1097	3666
ENSG00000163909.7	36	7	145	109
ENSG00000163913.11	470	705	630	1735
ENSG00000163914.4	1	0	3	3
ENSG00000163918.10	682	500	300	1269
ENSG00000163923.9	418	201	125	732
ENSG00000163930.9	861	1943	1336	1629
ENSG00000163931.15	1330	15944	2547	2968
ENSG00000163932.13	724	5451	936	1055
ENSG00000163933.9	170	2019	303	366
ENSG00000163935.13	466	698	552	697
ENSG00000163938.16	1085	3633	2049	1541
ENSG00000163939.18	873	2014	779	1187
ENSG00000163945.16	2126	1868	318	805
ENSG00000163946.13	1163	1125	1351	1566
ENSG00000163947.11	532	441	282	354
ENSG00000163950.12	573	810	294	687
ENSG00000163956.11	1265	2772	738	1945
ENSG00000163958.13	1	0	0	13
ENSG00000163959.9	7	5	5	112
ENSG00000163960.11	2806	1045	1217	3292
ENSG00000163961.4	851	316	428	805
ENSG00000163964.14	400	319	275	849
ENSG00000163975.11	414	240	415	2244
ENSG00000163993.6	49	9	0	1
ENSG00000163995.19	160	206	101	199
ENSG00000164002.11	131	45	115	295
ENSG00000164007.10	23	2	0	56
ENSG00000164008.15	81	96	72	115
ENSG00000164010.14	166	286	135	516
ENSG00000164011.17	94	113	104	140
ENSG00000164022.16	527	705	622	898
ENSG00000164023.14	674	720	384	465
ENSG00000164024.11	839	593	429	655
ENSG00000164031.16	802	410	504	537
ENSG00000164032.11	1722	2003	1679	3847
ENSG00000164037.16	3	2	8	3
ENSG00000164038.14	5	36	34	57
ENSG00000164039.14	511	130	337	454
ENSG00000164040.16	806	798	887	1156
ENSG00000164045.11	62	180	110	215
ENSG00000164048.13	155	300	220	218
ENSG00000164049.14	0	0	5	2
ENSG00000164050.12	4613	4924	7238	12273
ENSG00000164051.13	258	316	278	437
ENSG00000164053.20	76	213	102	174
ENSG00000164054.15	1465	1032	1615	2038
ENSG00000164056.10	763	850	140	521
ENSG00000164061.4	51	128	113	188
ENSG00000164062.12	645	2241	1807	1814
ENSG00000164066.12	584	329	298	383
ENSG00000164068.15	386	896	928	962
ENSG00000164070.11	109	80	383	250
ENSG00000164073.10	299	199	350	317
ENSG00000164074.15	218	226	247	254
ENSG00000164076.16	3	2	42	7
ENSG00000164077.14	47	63	187	101
ENSG00000164078.12	251	231	245	282
ENSG00000164080.13	556	731	517	804
ENSG00000164081.12	269	951	523	401
ENSG00000164082.14	2	6	1	12
ENSG00000164086.9	312	757	174	262
ENSG00000164087.7	57	630	83	169
ENSG00000164088.17	105	333	151	93
ENSG00000164089.8	0	2	0	0
ENSG00000164091.11	1411	3120	1880	1841
ENSG00000164093.16	0	1	3	0
ENSG00000164096.12	654	1020	1318	1302
ENSG00000164099.3	52	82	77	39
ENSG00000164100.8	9	25	6	14
ENSG00000164104.11	596	1062	771	2662
ENSG00000164105.3	57	103	111	239
ENSG00000164107.8	4	0	3	37
ENSG00000164109.13	173	434	208	368
ENSG00000164111.14	1678	1583	1741	3302
ENSG00000164112.13	22	0	1	5
ENSG00000164114.18	258	263	395	308
ENSG00000164116.16	3	2	11	0
ENSG00000164117.13	91	81	226	304
ENSG00000164118.12	200	209	295	323
ENSG00000164120.13	2	21	17	419
ENSG00000164124.10	143	182	235	177
ENSG00000164125.15	105	18	38	49
ENSG00000164128.6	45	1	7	4
ENSG00000164134.12	496	491	746	941
ENSG00000164136.16	94	102	160	374
ENSG00000164142.15	88	129	102	154
ENSG00000164144.15	387	291	384	382
ENSG00000164151.11	810	1202	1505	1711
ENSG00000164162.13	73	59	112	129
ENSG00000164163.10	696	1058	1154	1266
ENSG00000164164.16	1126	941	1471	1879
ENSG00000164167.11	123	97	164	264
ENSG00000164168.7	674	330	597	653
ENSG00000164169.12	80	47	73	132
ENSG00000164171.10	156	250	260	133
ENSG00000164172.18	200	358	406	776
ENSG00000164176.12	26	3	3	0
ENSG00000164180.13	409	639	231	656
ENSG00000164181.13	287	437	206	681
ENSG00000164182.10	92	235	237	304
ENSG00000164185.5	2	20	1	3
ENSG00000164187.6	236	318	277	319
ENSG00000164190.17	1251	981	899	1836
ENSG00000164197.11	62	10	22	60
ENSG00000164199.17	100	80	43	83
ENSG00000164209.16	344	684	186	1246
ENSG00000164211.12	154	222	197	273
ENSG00000164219.9	463	337	137	438
ENSG00000164221.12	377	180	64	527
ENSG00000164236.11	383	2135	2030	5887
ENSG00000164237.8	78	12	136	27
ENSG00000164241.13	134	1	165	136
ENSG00000164244.20	1522	1086	1450	1902
ENSG00000164251.4	921	1068	60	356
ENSG00000164252.12	281	355	58	487
ENSG00000164253.13	358	400	118	755
ENSG00000164256.10	4	0	5	0
ENSG00000164258.11	248	425	353	733
ENSG00000164283.12	0	0	1	4
ENSG00000164284.14	304	393	444	500
ENSG00000164287.12	21	0	6	7
ENSG00000164291.16	64	196	115	218
ENSG00000164292.12	567	65	220	1406
ENSG00000164294.13	805	333	283	1082
ENSG00000164296.6	63	64	141	112
ENSG00000164300.16	2172	1572	449	1158
ENSG00000164305.18	441	319	292	496
ENSG00000164306.10	83	110	95	156
ENSG00000164307.12	1086	991	645	1162
ENSG00000164308.16	73	49	48	164
ENSG00000164309.14	135	22	14	87
ENSG00000164318.17	0	44	1	324
ENSG00000164323.13	477	485	465	531
ENSG00000164327.12	777	567	439	988
ENSG00000164329.13	608	758	197	874
ENSG00000164330.16	1	53	0	51
ENSG00000164331.9	305	266	79	466
ENSG00000164332.7	436	194	420	874
ENSG00000164338.9	287	281	112	564
ENSG00000164342.12	112	45	148	265
ENSG00000164344.15	1	10	13	18
ENSG00000164346.9	925	2087	358	1436
ENSG00000164347.17	730	603	276	1039
ENSG00000164362.19	9	112	5	63
ENSG00000164366.3	334	625	613	511
ENSG00000164379.6	82	328	418	350
ENSG00000164385.8	8	1	5	8
ENSG00000164393.8	3	1	2	23
ENSG00000164402.13	1306	677	2292	2350
ENSG00000164403.14	214	770	600	590
ENSG00000164404.8	10	16	15	14
ENSG00000164405.10	677	1182	1813	1782
ENSG00000164406.7	12	38	8	18
ENSG00000164411.11	15	2	0	19
ENSG00000164414.17	256	46	164	176
ENSG00000164418.20	8	16	1	2
ENSG00000164430.15	302	9	93	120
ENSG00000164440.14	6	1	3	83
ENSG00000164442.9	2090	292	2034	1895
ENSG00000164463.12	588	333	563	700
ENSG00000164465.18	354	171	187	108
ENSG00000164466.12	520	1033	597	1108
ENSG00000164484.11	7	2	10	2
ENSG00000164485.14	0	0	11	44
ENSG00000164488.11	145	0	47	322
ENSG00000164494.11	177	141	206	273
ENSG00000164506.14	293	177	250	528
ENSG00000164520.11	1	0	3	0
ENSG00000164530.14	1	1	1	0
ENSG00000164532.10	0	12	0	4
ENSG00000164535.14	376	179	203	382
ENSG00000164542.12	359	267	115	711
ENSG00000164543.6	266	193	388	415
ENSG00000164548.10	1835	1030	2193	2487
ENSG00000164556.7	0	68	0	3
ENSG00000164574.15	238	318	598	721
ENSG00000164576.11	466	558	461	915
ENSG00000164587.12	8907	31975	34845	26279
ENSG00000164591.13	1	3	4	15
ENSG00000164597.13	723	503	516	1011
ENSG00000164603.11	318	294	170	291
ENSG00000164604.12	3	0	0	0
ENSG00000164609.9	837	762	1624	1345
ENSG00000164610.8	164	200	126	520
ENSG00000164611.12	186	535	504	677
ENSG00000164615.4	470	692	520	878
ENSG00000164616.16	3	44	0	0
ENSG00000164619.9	221	2	13	31
ENSG00000164620.8	64	57	354	212
ENSG00000164626.8	476	262	363	543
ENSG00000164627.17	37	32	15	123
ENSG00000164631.18	934	268	583	1224
ENSG00000164638.10	208	25	13	64
ENSG00000164647.8	25	225	213	263
ENSG00000164649.19	985	806	250	2336
ENSG00000164651.16	9	9	13	77
ENSG00000164654.15	650	177	231	582
ENSG00000164659.14	764	276	201	489
ENSG00000164663.14	386	96	168	385
ENSG00000164669.13	39	8	8	13
ENSG00000164674.15	96	34	19	80
ENSG00000164675.10	19	36	20	1
ENSG00000164683.16	56	9	12	7
ENSG00000164684.13	3219	845	401	784
ENSG00000164687.10	384	717	386	523
ENSG00000164690.7	0	1	6	4
ENSG00000164691.17	25	10	15	61
ENSG00000164692.17	752	577	283	7659
ENSG00000164694.16	0	2	3	1
ENSG00000164695.4	849	456	230	599
ENSG00000164707.15	23	4	21	7
ENSG00000164708.5	89	13	136	228
ENSG00000164713.9	1546	968	1445	2246
ENSG00000164715.5	1346	1135	753	1357
ENSG00000164733.20	24283	14818	11017	11267
ENSG00000164736.5	2605	1616	1280	2309
ENSG00000164741.14	207	30	142	0
ENSG00000164742.15	63	170	46	357
ENSG00000164743.4	90	0	1	0
ENSG00000164744.12	0	0	1	6
ENSG00000164746.13	58	147	14	21
ENSG00000164749.11	31	42	4	0
ENSG00000164751.14	872	686	793	576
ENSG00000164754.14	4933	6629	2163	4163
ENSG00000164758.7	226	347	66	172
ENSG00000164761.8	36	47	58	64
ENSG00000164764.10	53	250	35	1463
ENSG00000164776.9	24	29	16	26
ENSG00000164778.4	0	4	3	8
ENSG00000164794.8	3	7	7	0
ENSG00000164808.16	1409	1708	706	827
ENSG00000164815.10	183	198	184	349
ENSG00000164818.15	662	532	444	1017
ENSG00000164823.10	734	649	288	688
ENSG00000164825.3	55	74	129	1719
ENSG00000164828.17	7054	1500	2394	8929
ENSG00000164830.18	1257	864	572	752
ENSG00000164841.4	11	14	0	0
ENSG00000164849.9	50	33	23	36
ENSG00000164850.14	69	42	34	14
ENSG00000164855.15	905	885	845	1630
ENSG00000164867.10	120	32	309	53
ENSG00000164871.17	0	1	7	1
ENSG00000164877.18	596	387	653	1296
ENSG00000164879.6	47	6	13	25
ENSG00000164880.15	2225	1422	1485	3546
ENSG00000164885.12	153	82	324	399
ENSG00000164889.13	2257	1144	3493	3038
ENSG00000164896.19	777	609	1679	3307
ENSG00000164897.12	835	348	1356	1479
ENSG00000164898.12	66	162	166	158
ENSG00000164900.4	8	0	0	0
ENSG00000164902.13	790	537	484	799
ENSG00000164904.17	1555	2151	909	1398
ENSG00000164916.10	2310	1034	852	1893
ENSG00000164919.10	2460	3546	3300	2806
ENSG00000164920.9	350	223	417	145
ENSG00000164924.17	27910	15897	16878	13571
ENSG00000164929.16	18	17	29	26
ENSG00000164930.11	1365	1162	940	866
ENSG00000164932.12	75	11	54	122
ENSG00000164933.11	152	106	88	130
ENSG00000164934.13	1365	1411	1249	1222
ENSG00000164935.6	1	4	2	1
ENSG00000164938.13	1204	1323	849	952
ENSG00000164941.13	1227	793	209	924
ENSG00000164944.11	1684	1436	923	1538
ENSG00000164946.19	124	58	7	87
ENSG00000164949.7	52	15	62	25
ENSG00000164951.15	2003	884	1000	2972
ENSG00000164953.15	598	418	234	548
ENSG00000164961.15	1035	1635	1234	1113
ENSG00000164967.9	110	191	186	145
ENSG00000164970.14	432	109	635	482
ENSG00000164972.12	27	3	0	8
ENSG00000164975.15	674	532	1029	603
ENSG00000164976.8	879	913	316	516
ENSG00000164978.17	115	284	180	152
ENSG00000164983.7	1525	1524	2900	1000
ENSG00000164985.14	733	1767	1350	1345
ENSG00000164989.16	47	98	59	51
ENSG00000165006.13	963	919	1045	1018
ENSG00000165023.6	23	5	166	52
ENSG00000165025.14	425	1004	283	836
ENSG00000165028.11	19	40	8	20
ENSG00000165029.15	1797	155	385	1014
ENSG00000165030.3	469	155	454	398
ENSG00000165046.12	137	27	30	62
ENSG00000165055.15	548	302	437	709
ENSG00000165060.12	82	269	151	141
ENSG00000165061.14	18	1	0	0
ENSG00000165066.12	2	7	1	4
ENSG00000165071.14	15	9	5	25
ENSG00000165072.9	14	2	353	419
ENSG00000165078.12	1	1	0	0
ENSG00000165084.15	6	41	41	15
ENSG00000165091.16	23	31	0	1
ENSG00000165092.12	297	16	22	17
ENSG00000165097.14	779	492	464	597
ENSG00000165102.14	2136	1310	809	1570
ENSG00000165105.9	483	1353	268	268
ENSG00000165113.12	59	126	52	146
ENSG00000165115.14	244	269	41	133
ENSG00000165118.14	256	6	70	354
ENSG00000165119.20	7845	9650	7033	12454
ENSG00000165121.11	42	61	19	75
ENSG00000165124.17	28	40	119	83
ENSG00000165125.19	62	32	461	689
ENSG00000165138.17	903	1091	772	1183
ENSG00000165140.10	65	73	73	133
ENSG00000165152.8	238	325	88	832
ENSG00000165156.14	802	738	1226	705
ENSG00000165164.13	22	69	207	41
ENSG00000165168.7	304	121	216	271
ENSG00000165169.10	230	261	240	356
ENSG00000165171.10	61	23	50	192
ENSG00000165175.15	504	1072	370	1386
ENSG00000165178.9	8	7	3	7
ENSG00000165185.14	383	200	79	254
ENSG00000165186.11	0	25	3	3
ENSG00000165188.13	67	246	35	50
ENSG00000165194.15	280	241	48	106
ENSG00000165195.15	225	309	213	279
ENSG00000165197.4	2	0	1	0
ENSG00000165209.18	935	958	575	1234
ENSG00000165215.6	8996	5765	7677	11079
ENSG00000165219.21	790	963	493	767
ENSG00000165233.17	370	277	740	502
ENSG00000165238.16	624	280	2111	1334
ENSG00000165240.19	86	142	150	232
ENSG00000165244.6	106	192	93	244
ENSG00000165259.13	66	29	33	127
ENSG00000165264.10	312	537	785	408
ENSG00000165269.12	2	6	2	7
ENSG00000165271.16	977	655	1883	881
ENSG00000165272.15	471	98	252	200
ENSG00000165275.9	149	175	190	100
ENSG00000165280.15	3894	4487	5873	3879
ENSG00000165282.13	1022	1406	1239	859
ENSG00000165283.15	831	1733	1411	1271
ENSG00000165288.10	434	556	404	835
ENSG00000165300.7	9	18	16	30
ENSG00000165304.7	197	420	227	434
ENSG00000165309.13	167	127	3	129
ENSG00000165312.6	2228	542	320	1033
ENSG00000165322.17	1330	377	452	2133
ENSG00000165323.15	20	19	31	1
ENSG00000165325.13	2	7	8	7
ENSG00000165338.16	239	188	120	491
ENSG00000165349.11	2	1	0	18
ENSG00000165355.7	394	266	343	682
ENSG00000165359.15	171	413	536	425
ENSG00000165376.10	1	13	0	0
ENSG00000165389.6	486	977	464	1180
ENSG00000165392.9	741	594	169	392
ENSG00000165406.15	587	229	298	2159
ENSG00000165409.17	2	0	445	174
ENSG00000165410.14	679	714	287	1059
ENSG00000165416.14	1156	1029	947	745
ENSG00000165417.11	1002	385	900	1240
ENSG00000165424.6	61	68	21	305
ENSG00000165434.7	720	1555	645	188
ENSG00000165443.11	63	1	10	147
ENSG00000165449.11	3	98	78	392
ENSG00000165457.13	48	8	21	34
ENSG00000165458.13	3523	4024	6252	5735
ENSG00000165462.5	56	0	39	63
ENSG00000165474.6	103	6	81	186
ENSG00000165475.14	114	49	108	339
ENSG00000165476.13	1246	484	735	1278
ENSG00000165478.6	3	0	1	3
ENSG00000165480.15	67	131	67	409
ENSG00000165487.13	925	405	813	1017
ENSG00000165490.12	62	140	78	91
ENSG00000165494.11	935	1702	1714	1154
ENSG00000165495.15	64	13	3	10
ENSG00000165501.16	93	115	68	232
ENSG00000165502.6	1017	1415	1839	2545
ENSG00000165506.14	405	350	210	603
ENSG00000165507.8	934	249	75	3498
ENSG00000165509.13	4	0	4	1
ENSG00000165511.6	110	5	37	175
ENSG00000165512.4	608	13	336	1187
ENSG00000165516.10	840	643	499	1732
ENSG00000165521.15	20	19	39	87
ENSG00000165525.17	1385	1152	924	1994
ENSG00000165526.8	307	203	388	388
ENSG00000165527.6	2965	1891	1839	6181
ENSG00000165533.18	182	288	279	632
ENSG00000165548.10	47	226	240	181
ENSG00000165553.4	0	3	1	3
ENSG00000165555.9	7	23	15	10
ENSG00000165568.17	17	0	28	149
ENSG00000165572.7	209	83	209	168
ENSG00000165591.6	76	106	73	262
ENSG00000165606.8	0	1	3	9
ENSG00000165609.12	890	359	985	2051
ENSG00000165617.14	25	11	5	46
ENSG00000165621.8	13	2	212	51
ENSG00000165626.17	897	97	609	1583
ENSG00000165629.19	2314	1712	2768	4586
ENSG00000165630.13	279	64	216	589
ENSG00000165632.7	295	101	184	582
ENSG00000165633.12	3	3	17	51
ENSG00000165637.13	2681	2092	2682	4915
ENSG00000165644.10	165	358	523	844
ENSG00000165646.13	13	20	11	4
ENSG00000165650.11	884	2103	842	1779
ENSG00000165655.16	3103	1027	2651	5001
ENSG00000165660.7	480	186	235	649
ENSG00000165661.16	569	988	519	730
ENSG00000165669.13	768	716	519	1303
ENSG00000165671.20	2560	2245	1991	3455
ENSG00000165672.6	1626	2375	1839	3689
ENSG00000165675.16	96	117	59	221
ENSG00000165678.20	2514	1714	2541	8125
ENSG00000165684.4	556	857	490	715
ENSG00000165685.8	6	0	1	7
ENSG00000165688.11	686	1072	1072	1008
ENSG00000165689.16	350	609	451	535
ENSG00000165695.9	17	30	1	32
ENSG00000165698.15	51	106	32	96
ENSG00000165699.14	1361	919	620	962
ENSG00000165704.14	197	1180	1220	1135
ENSG00000165714.10	118	49	59	219
ENSG00000165716.10	694	511	480	310
ENSG00000165724.5	317	631	383	381
ENSG00000165730.15	50	34	22	203
ENSG00000165731.18	28	21	376	95
ENSG00000165732.12	2683	2037	2830	7707
ENSG00000165733.7	1520	892	962	2629
ENSG00000165752.16	128	274	254	385
ENSG00000165757.8	49	32	61	614
ENSG00000165775.17	420	1609	1650	1049
ENSG00000165782.10	940	620	641	2902
ENSG00000165792.17	920	919	741	4672
ENSG00000165794.9	1	0	0	11
ENSG00000165795.23	705	397	115	1440
ENSG00000165799.4	1	0	0	1
ENSG00000165801.9	358	633	270	3634
ENSG00000165802.22	1305	1459	1950	1121
ENSG00000165804.15	645	359	448	5098
ENSG00000165806.19	448	260	552	687
ENSG00000165807.7	32	3	86	45
ENSG00000165810.16	249	632	795	325
ENSG00000165813.19	1187	595	1096	1416
ENSG00000165816.12	91	270	55	304
ENSG00000165819.11	893	1320	826	7296
ENSG00000165821.11	280	275	113	2819
ENSG00000165828.14	0	0	1	2
ENSG00000165832.5	707	651	484	978
ENSG00000165861.13	434	352	379	699
ENSG00000165863.16	123	4	31	139
ENSG00000165868.14	1401	1483	939	1031
ENSG00000165874.13	1	1	1	11
ENSG00000165879.8	68	22	32	272
ENSG00000165886.4	561	252	388	795
ENSG00000165887.11	100	175	132	143
ENSG00000165891.15	103	202	46	155
ENSG00000165895.18	94	119	96	157
ENSG00000165898.13	243	296	270	472
ENSG00000165899.11	21	0	11	36
ENSG00000165905.17	596	994	622	671
ENSG00000165912.15	549	596	139	242
ENSG00000165914.14	302	332	363	521
ENSG00000165915.13	844	499	807	869
ENSG00000165916.8	1202	1866	1752	1563
ENSG00000165917.9	22	1	2	56
ENSG00000165923.15	55	62	24	78
ENSG00000165929.12	448	1010	697	1181
ENSG00000165934.12	742	877	1005	1167
ENSG00000165935.9	1	3	0	0
ENSG00000165943.4	521	833	1520	1699
ENSG00000165948.10	40	141	152	136
ENSG00000165949.12	876	1907	4461	3855
ENSG00000165959.11	639	921	1024	1869
ENSG00000165966.15	1	1	0	386
ENSG00000165972.12	1	5	0	16
ENSG00000165973.18	12	0	0	0
ENSG00000165983.14	348	100	124	362
ENSG00000165985.9	0	1	0	6
ENSG00000165995.19	9	6	4	8
ENSG00000165996.13	29	16	44	4
ENSG00000165997.4	2071	429	587	3465
ENSG00000166002.6	37	51	111	102
ENSG00000166004.14	293	471	220	289
ENSG00000166006.13	0	0	1	11
ENSG00000166012.16	1663	3249	4263	3373
ENSG00000166016.5	313	238	175	265
ENSG00000166024.13	391	127	174	518
ENSG00000166025.17	699	1020	656	302
ENSG00000166033.12	34	58	1226	2639
ENSG00000166035.10	10	4	2	27
ENSG00000166037.10	776	1333	513	896
ENSG00000166046.10	216	124	143	312
ENSG00000166068.12	681	937	208	742
ENSG00000166073.10	163	11	38	256
ENSG00000166086.12	7	0	7	5
ENSG00000166104.15	3	3	0	1
ENSG00000166106.3	669	75	760	1294
ENSG00000166111.9	1	5	2	4
ENSG00000166123.13	630	726	850	886
ENSG00000166126.10	379	561	150	218
ENSG00000166128.12	305	253	211	344
ENSG00000166130.14	147	229	223	694
ENSG00000166133.17	96	135	80	279
ENSG00000166135.13	1535	733	890	2807
ENSG00000166136.15	352	227	447	824
ENSG00000166140.17	340	435	334	591
ENSG00000166143.9	3	5	0	29
ENSG00000166145.14	5967	3947	2699	5324
ENSG00000166147.13	98	49	50	415
ENSG00000166153.16	23	10	9	23
ENSG00000166159.10	2	0	1	0
ENSG00000166164.15	774	775	1085	1242
ENSG00000166165.12	2209	2109	2007	4792
ENSG00000166166.12	212	434	351	813
ENSG00000166167.17	555	189	481	1544
ENSG00000166169.16	411	214	366	1052
ENSG00000166170.9	1002	1116	1139	1625
ENSG00000166171.12	264	222	383	774
ENSG00000166173.10	180	361	192	634
ENSG00000166181.12	1877	2149	1361	1637
ENSG00000166183.15	31	39	49	181
ENSG00000166188.2	267	97	185	317
ENSG00000166189.7	517	301	250	764
ENSG00000166192.14	57	59	53	41
ENSG00000166197.16	2109	3600	1600	4922
ENSG00000166199.12	196	190	148	397
ENSG00000166200.14	807	1018	722	1396
ENSG00000166206.14	152	0	0	65
ENSG00000166224.16	3356	1072	2660	5904
ENSG00000166225.8	1079	421	374	1007
ENSG00000166226.12	3113	4274	1977	4641
ENSG00000166228.8	801	796	1717	2137
ENSG00000166233.14	1949	802	1015	1891
ENSG00000166246.13	9	37	4	26
ENSG00000166250.11	10	6	14	5
ENSG00000166257.8	35	45	2	149
ENSG00000166260.11	297	831	436	726
ENSG00000166261.10	266	161	345	405
ENSG00000166262.15	86	56	44	70
ENSG00000166263.13	119	128	170	205
ENSG00000166265.11	1	48	1	1
ENSG00000166266.13	700	1360	926	738
ENSG00000166268.10	55	2	5	6
ENSG00000166272.17	1425	1085	783	2704
ENSG00000166275.15	175	335	198	643
ENSG00000166278.14	145	132	225	1663
ENSG00000166289.5	79	314	180	517
ENSG00000166292.11	136	13	485	625
ENSG00000166295.8	1910	1038	1938	3963
ENSG00000166311.9	353	194	161	566
ENSG00000166313.18	378	31	227	681
ENSG00000166317.11	15	1	5	24
ENSG00000166321.13	47	21	19	33
ENSG00000166323.12	10	20	22	7
ENSG00000166326.6	3662	4069	3553	4535
ENSG00000166333.13	1449	1201	768	1745
ENSG00000166337.9	739	654	447	1283
ENSG00000166340.16	1542	1439	1279	2996
ENSG00000166341.7	352	80	51	231
ENSG00000166343.9	35	18	42	93
ENSG00000166347.18	385	324	319	366
ENSG00000166348.18	1811	765	896	2745
ENSG00000166349.9	46	12	228	35
ENSG00000166352.15	235	226	159	309
ENSG00000166377.20	366	197	71	267
ENSG00000166387.12	417	310	219	614
ENSG00000166391.14	0	10	1	0
ENSG00000166394.14	463	120	99	195
ENSG00000166396.12	8	3	4	15
ENSG00000166398.12	658	624	482	1531
ENSG00000166401.14	285	54	82	405
ENSG00000166402.8	77	299	385	1254
ENSG00000166405.14	289	147	90	1116
ENSG00000166407.13	3	6	94	57
ENSG00000166411.13	464	641	572	876
ENSG00000166415.14	989	667	350	528
ENSG00000166426.7	12	2	209	69
ENSG00000166428.13	18	22	106	37
ENSG00000166432.14	25	141	60	968
ENSG00000166435.15	170	195	71	111
ENSG00000166436.16	311	1114	309	545
ENSG00000166439.5	574	1078	304	488
ENSG00000166441.12	9360	17358	13939	26849
ENSG00000166444.18	988	397	1197	3497
ENSG00000166446.14	57	148	12	112
ENSG00000166448.14	12	61	536	7
ENSG00000166450.12	50	332	101	11
ENSG00000166451.13	101	136	153	348
ENSG00000166452.11	238	131	291	338
ENSG00000166454.9	827	379	588	970
ENSG00000166455.13	12	7	11	5
ENSG00000166471.10	1003	672	747	1337
ENSG00000166473.17	51	197	86	408
ENSG00000166477.12	362	372	200	415
ENSG00000166478.9	296	253	215	311
ENSG00000166479.9	841	311	271	544
ENSG00000166482.11	10	2	218	924
ENSG00000166483.10	2286	1567	927	1740
ENSG00000166484.19	419	192	303	702
ENSG00000166501.13	117	24	12	36
ENSG00000166503.8	854	238	392	858
ENSG00000166507.17	60	11	52	105
ENSG00000166508.17	2047	3414	1426	3811
ENSG00000166510.13	36	136	49	34
ENSG00000166523.7	4	2	1	0
ENSG00000166526.16	1139	1014	480	1202
ENSG00000166529.14	154	101	84	220
ENSG00000166532.15	1053	1480	722	3021
ENSG00000166535.19	10	6	1	5
ENSG00000166546.13	32	15	12	11
ENSG00000166548.15	254	306	307	647
ENSG00000166557.12	945	737	827	1279
ENSG00000166562.8	566	275	426	1243
ENSG00000166575.16	186	336	311	329
ENSG00000166578.9	308	75	87	241
ENSG00000166579.15	734	237	723	1329
ENSG00000166582.9	64	93	32	80
ENSG00000166589.12	0	4	29	23
ENSG00000166592.11	41	45	69	285
ENSG00000166595.11	379	276	425	621
ENSG00000166596.14	7	27	0	0
ENSG00000166598.14	30624	12148	21312	70937
ENSG00000166603.5	21	1	1	52
ENSG00000166619.13	2334	1143	2123	1766
ENSG00000166664.13	1	0	1	4
ENSG00000166669.13	186	206	497	402
ENSG00000166670.9	104	288	4	7
ENSG00000166676.15	8	10	19	12
ENSG00000166681.13	724	1480	619	7675
ENSG00000166682.11	6	22	18	25
ENSG00000166685.11	813	510	413	616
ENSG00000166689.15	1776	1658	1928	1923
ENSG00000166704.11	371	72	211	1380
ENSG00000166707.10	17	4	1	16
ENSG00000166710.18	6888	10559	6005	17140
ENSG00000166716.9	897	649	487	1074
ENSG00000166734.19	984	1552	1182	2168
ENSG00000166736.11	61	3016	160	331
ENSG00000166741.7	15	1108	1328	204
ENSG00000166743.9	9	5	0	12
ENSG00000166747.12	1615	1032	1687	2240
ENSG00000166750.9	2353	855	720	3550
ENSG00000166762.17	98	228	179	293
ENSG00000166763.7	8	12	5	11
ENSG00000166770.10	233	157	432	815
ENSG00000166780.10	68	3	8	39
ENSG00000166783.21	1324	794	1195	1286
ENSG00000166788.9	138	361	91	233
ENSG00000166793.10	39	14	11	39
ENSG00000166794.4	4032	5004	3517	7310
ENSG00000166796.11	3	10	20	33
ENSG00000166797.10	439	676	347	769
ENSG00000166801.15	639	625	946	884
ENSG00000166803.12	63	247	59	198
ENSG00000166813.14	158	144	95	426
ENSG00000166816.14	8	46	91	61
ENSG00000166819.11	4	2	3	3
ENSG00000166821.8	81	83	63	135
ENSG00000166822.12	341	247	249	202
ENSG00000166823.5	10	22	90	19
ENSG00000166825.13	138	164	1614	111
ENSG00000166828.2	25	16	14	3
ENSG00000166831.8	6	26	6	78
ENSG00000166833.20	868	1185	340	1719
ENSG00000166839.16	187	242	24	137
ENSG00000166840.13	0	0	0	3
ENSG00000166845.14	97	39	24	81
ENSG00000166847.9	1797	634	1176	1504
ENSG00000166848.5	937	290	1489	916
ENSG00000166851.14	253	356	184	752
ENSG00000166855.9	974	1417	536	1031
ENSG00000166860.2	683	226	165	492
ENSG00000166866.12	1	2	4	1
ENSG00000166869.2	114	9	0	0
ENSG00000166881.9	944	796	331	1273
ENSG00000166886.12	1447	613	574	1743
ENSG00000166887.15	1429	1130	809	1516
ENSG00000166888.11	5940	4026	2049	5867
ENSG00000166889.13	1124	1065	805	1299
ENSG00000166896.8	65	48	74	144
ENSG00000166897.14	167	54	22	185
ENSG00000166900.16	1501	731	895	1809
ENSG00000166902.4	225	464	279	332
ENSG00000166908.17	1620	1031	1057	2720
ENSG00000166912.16	333	314	371	419
ENSG00000166913.12	7136	4446	8418	6819
ENSG00000166920.12	48	310	22	60
ENSG00000166922.8	31	61	264	764
ENSG00000166923.10	1	2	4	66
ENSG00000166924.8	148	50	38	181
ENSG00000166925.8	1532	1024	1035	1834
ENSG00000166927.12	124	65	79	78
ENSG00000166928.10	6	4	13	1
ENSG00000166938.12	242	1156	157	639
ENSG00000166946.13	565	749	335	917
ENSG00000166949.15	1293	784	399	1188
ENSG00000166959.7	1	41	0	0
ENSG00000166961.14	6	23	14	12
ENSG00000166963.12	119	130	51	336
ENSG00000166965.12	149	339	204	459
ENSG00000166971.16	396	188	396	334
ENSG00000166974.12	191	97	126	285
ENSG00000166979.12	192	738	365	235
ENSG00000166986.14	2580	1306	2233	5176
ENSG00000166987.14	2271	1574	2163	5723
ENSG00000166997.7	130	129	107	287
ENSG00000167004.12	8348	5912	5402	18115
ENSG00000167005.13	1365	1071	1453	1519
ENSG00000167011.8	1	0	0	2
ENSG00000167034.9	7	52	9	34
ENSG00000167037.18	17	105	4	130
ENSG00000167046.4	5	0	0	21
ENSG00000167065.13	162	48	60	186
ENSG00000167074.14	193	310	228	289
ENSG00000167077.12	6	6	3	3
ENSG00000167080.8	0	0	0	7
ENSG00000167081.16	12	35	52	405
ENSG00000167083.6	6	1	1	10
ENSG00000167085.11	1616	4601	2538	2574
ENSG00000167088.10	593	616	936	1781
ENSG00000167094.15	27	75	2	14
ENSG00000167100.14	209	22	102	55
ENSG00000167103.11	103	49	87	87
ENSG00000167105.7	237	77	10	170
ENSG00000167106.11	885	1763	1029	1855
ENSG00000167107.12	674	408	1119	937
ENSG00000167110.17	2376	1963	1868	2565
ENSG00000167112.9	455	969	406	765
ENSG00000167113.10	604	952	668	782
ENSG00000167114.12	304	437	274	434
ENSG00000167118.10	677	1024	371	949
ENSG00000167123.18	1199	210	463	878
ENSG00000167130.17	296	418	212	316
ENSG00000167136.6	72	317	187	207
ENSG00000167157.10	27	93	2	71
ENSG00000167173.18	1405	708	394	2691
ENSG00000167178.15	4	8	2	445
ENSG00000167182.14	351	233	220	782
ENSG00000167183.2	58	233	136	101
ENSG00000167186.10	494	291	437	784
ENSG00000167191.11	2826	1334	559	772
ENSG00000167193.7	1147	968	1018	2382
ENSG00000167196.13	386	264	332	554
ENSG00000167202.11	517	384	246	847
ENSG00000167207.13	28	11	23	35
ENSG00000167208.14	15	11	8	13
ENSG00000167210.17	4	232	1	1
ENSG00000167216.16	119	63	92	414
ENSG00000167220.11	162	148	215	201
ENSG00000167232.13	813	224	683	563
ENSG00000167244.19	7899	2065	12166	22936
ENSG00000167257.10	338	618	646	663
ENSG00000167258.13	1338	3379	732	1212
ENSG00000167261.13	12	0	2	3
ENSG00000167264.17	120	99	103	127
ENSG00000167272.10	329	384	449	624
ENSG00000167280.16	723	1781	1074	838
ENSG00000167283.7	891	847	2998	1415
ENSG00000167291.15	2045	1732	685	2400
ENSG00000167302.10	412	354	155	766
ENSG00000167306.19	959	489	475	3299
ENSG00000167311.13	6	24	4	32
ENSG00000167315.17	696	51	337	1836
ENSG00000167323.11	778	633	490	1394
ENSG00000167325.14	649	1447	303	1278
ENSG00000167333.12	232	151	75	330
ENSG00000167363.13	264	302	97	368
ENSG00000167371.19	81	5	28	79
ENSG00000167377.18	20	34	25	35
ENSG00000167378.8	1255	493	859	749
ENSG00000167380.16	282	81	352	829
ENSG00000167384.10	192	89	149	360
ENSG00000167394.12	292	81	140	264
ENSG00000167395.10	635	231	353	541
ENSG00000167397.14	221	161	390	324
ENSG00000167419.10	10	17	9	8
ENSG00000167447.12	531	305	216	383
ENSG00000167460.15	15362	31062	14951	29743
ENSG00000167461.11	793	1374	981	2695
ENSG00000167468.16	1225	1076	3090	2011
ENSG00000167470.12	2618	1500	2160	3131
ENSG00000167476.10	26	11	18	32
ENSG00000167483.17	2	44	1	8
ENSG00000167487.11	199	237	143	410
ENSG00000167491.17	1429	1275	1323	2652
ENSG00000167508.11	283	256	292	459
ENSG00000167513.8	124	204	104	372
ENSG00000167515.10	298	286	346	359
ENSG00000167522.15	2341	1444	1479	3106
ENSG00000167523.13	153	105	64	140
ENSG00000167524.14	132	212	144	191
ENSG00000167525.13	78	51	35	118
ENSG00000167526.13	6845	17243	13592	20401
ENSG00000167528.12	565	344	207	569
ENSG00000167535.7	944	298	160	431
ENSG00000167536.13	146	223	180	156
ENSG00000167543.15	448	232	1426	614
ENSG00000167548.15	4582	2670	3458	4417
ENSG00000167549.18	34	2	15	341
ENSG00000167550.10	14	17	19	39
ENSG00000167552.13	7077	486	777	7949
ENSG00000167553.15	3904	3388	2293	5257
ENSG00000167554.14	167	29	47	58
ENSG00000167555.13	892	64	590	304
ENSG00000167562.12	406	143	144	162
ENSG00000167565.12	532	105	382	1301
ENSG00000167566.16	658	608	521	1315
ENSG00000167578.17	67	28	63	164
ENSG00000167580.7	0	2	1	0
ENSG00000167588.12	2	11	4	27
ENSG00000167595.15	340	169	457	2020
ENSG00000167600.13	622	240	832	1094
ENSG00000167601.11	592	33	437	967
ENSG00000167604.14	340	109	415	1167
ENSG00000167608.11	885	874	1040	2101
ENSG00000167612.12	7	2	1	37
ENSG00000167613.15	183	64	80	129
ENSG00000167614.13	4	0	1	6
ENSG00000167615.16	4753	4919	7066	14093
ENSG00000167617.2	63	4	1	7
ENSG00000167619.11	0	1	9	12
ENSG00000167625.10	174	75	178	182
ENSG00000167632.15	893	790	802	845
ENSG00000167634.12	2	6	8	102
ENSG00000167635.11	2263	1089	2065	4395
ENSG00000167637.16	99	27	160	91
ENSG00000167641.10	252	0	212	256
ENSG00000167642.12	11511	3558	10731	23842
ENSG00000167644.11	1783	613	4516	5762
ENSG00000167645.16	324	163	440	1163
ENSG00000167646.13	89	162	15	184
ENSG00000167653.4	16	198	17	12
ENSG00000167656.4	9	121	12	9
ENSG00000167657.13	557	317	416	763
ENSG00000167658.15	10499	33400	17818	32419
ENSG00000167670.15	223	324	196	672
ENSG00000167671.11	708	1007	1268	1954
ENSG00000167674.14	767	579	646	1254
ENSG00000167676.4	1	84	59	362
ENSG00000167680.15	25	8	14	61
ENSG00000167685.14	698	211	426	1793
ENSG00000167693.16	1406	1107	702	1911
ENSG00000167695.14	203	289	110	392
ENSG00000167699.13	908	600	551	1387
ENSG00000167700.8	279	965	1209	373
ENSG00000167701.13	40	73	1492	48
ENSG00000167702.12	2035	1469	5708	2769
ENSG00000167703.14	243	93	168	603
ENSG00000167705.11	107	478	122	426
ENSG00000167711.13	8	9	3	36
ENSG00000167716.18	267	286	204	1450
ENSG00000167720.12	90	103	80	142
ENSG00000167721.10	917	897	816	1940
ENSG00000167723.14	117	4	22	107
ENSG00000167733.13	103	95	42	135
ENSG00000167740.9	70	199	57	249
ENSG00000167741.10	698	306	115	202
ENSG00000167747.14	632	622	385	1806
ENSG00000167748.10	148	21	0	190
ENSG00000167749.11	0	1	7	12
ENSG00000167751.12	38	3	0	6
ENSG00000167754.12	663	2206	659	322
ENSG00000167755.14	4317	5421	11796	1997
ENSG00000167757.13	747	740	825	866
ENSG00000167759.12	11	272	19	122
ENSG00000167766.18	2260	1340	1055	988
ENSG00000167767.13	2203	785	1508	3854
ENSG00000167770.11	1394	1664	1290	1242
ENSG00000167771.5	241	2196	67	193
ENSG00000167772.11	635	7764	509	206
ENSG00000167775.10	562	2412	315	772
ENSG00000167778.8	936	506	886	995
ENSG00000167779.8	154	20	285	338
ENSG00000167785.8	956	1121	656	1491
ENSG00000167792.12	1845	3502	3111	2776
ENSG00000167797.7	756	412	730	937
ENSG00000167799.9	38	83	88	57
ENSG00000167807.15	3	15	6	51
ENSG00000167815.11	1382	7798	2364	1440
ENSG00000167840.13	179	100	52	107
ENSG00000167842.15	501	173	336	623
ENSG00000167850.3	7	6	5	8
ENSG00000167851.14	49	70	68	84
ENSG00000167858.12	21	62	0	2
ENSG00000167861.15	1957	3633	670	1100
ENSG00000167862.9	197	583	127	319
ENSG00000167863.11	1064	3129	1215	1561
ENSG00000167874.6	84	10	9	42
ENSG00000167880.7	2184	1496	938	1433
ENSG00000167881.14	1632	1456	805	1688
ENSG00000167889.12	266	51	15	16
ENSG00000167895.14	56	58	41	180
ENSG00000167900.11	214	1056	399	933
ENSG00000167904.14	630	784	287	236
ENSG00000167912.5	8	11	4	70
ENSG00000167914.11	3	0	1	2
ENSG00000167920.8	98	127	171	383
ENSG00000167925.15	344	656	219	500
ENSG00000167930.15	886	467	413	977
ENSG00000167941.2	0	2	0	4
ENSG00000167962.13	902	479	1109	1952
ENSG00000167964.12	44	101	219	42
ENSG00000167965.17	551	369	571	677
ENSG00000167967.15	774	331	636	950
ENSG00000167968.12	31	6	1	14
ENSG00000167969.12	763	582	605	1074
ENSG00000167971.15	255	149	291	249
ENSG00000167972.13	607	255	1245	969
ENSG00000167977.8	819	791	466	943
ENSG00000167978.16	17932	19566	27184	24898
ENSG00000167981.6	3	74	196	85
ENSG00000167984.17	8	8	5	23
ENSG00000167985.6	265	162	255	207
ENSG00000167986.13	3417	5963	3364	4000
ENSG00000167987.10	761	617	462	645
ENSG00000167992.12	25	761	258	187
ENSG00000167994.11	133	68	74	277
ENSG00000167995.15	2266	3100	6693	1529
ENSG00000167996.15	28427	34634	73534	45854
ENSG00000168000.14	306	365	221	204
ENSG00000168002.11	548	1401	563	490
ENSG00000168003.16	2483	4143	3184	3297
ENSG00000168004.9	2	5	3	2
ENSG00000168005.8	815	812	424	485
ENSG00000168010.10	340	466	238	399
ENSG00000168014.16	825	792	450	578
ENSG00000168016.14	180	54	210	636
ENSG00000168026.18	77	190	129	192
ENSG00000168028.13	4243	33142	20112	18395
ENSG00000168032.9	16	2	10	17
ENSG00000168036.17	2708	5430	4581	4148
ENSG00000168038.10	37	105	46	191
ENSG00000168040.4	401	742	241	309
ENSG00000168056.15	3050	950	4721	5820
ENSG00000168060.15	162	25	0	38
ENSG00000168061.14	135	220	130	237
ENSG00000168062.9	35	5	8	14
ENSG00000168066.20	3913	5050	3423	4314
ENSG00000168067.11	512	159	368	656
ENSG00000168070.11	21	22	0	1
ENSG00000168071.21	223	153	808	741
ENSG00000168077.13	2092	1119	3516	2786
ENSG00000168078.9	176	306	60	351
ENSG00000168079.16	2	0	2	1
ENSG00000168081.8	1937	39	175	1291
ENSG00000168090.9	895	1852	1209	1959
ENSG00000168092.13	1608	2072	2170	1753
ENSG00000168096.14	267	180	280	477
ENSG00000168101.14	443	244	661	483
ENSG00000168116.13	168	122	42	79
ENSG00000168118.11	603	571	905	835
ENSG00000168135.4	53	0	20	22
ENSG00000168137.15	3421	2981	2747	20
ENSG00000168140.4	1619	385	551	2267
ENSG00000168143.8	61	61	5	0
ENSG00000168152.12	142	73	48	108
ENSG00000168159.11	1248	1289	1931	3380
ENSG00000168172.8	1893	1370	888	734
ENSG00000168175.14	1184	1490	759	2533
ENSG00000168209.4	297	4744	2105	4155
ENSG00000168214.20	1485	1814	924	1106
ENSG00000168216.11	1120	299	896	671
ENSG00000168228.14	114	112	68	109
ENSG00000168234.12	261	169	463	967
ENSG00000168237.17	36	99	180	112
ENSG00000168243.10	136	2	0	21
ENSG00000168246.5	627	558	292	625
ENSG00000168255.20	93	68	65	257
ENSG00000168256.17	960	1457	477	1435
ENSG00000168259.14	862	2123	946	1446
ENSG00000168264.10	5860	4402	3951	7605
ENSG00000168268.10	621	1421	942	899
ENSG00000168273.7	22	251	128	216
ENSG00000168275.14	304	287	391	398
ENSG00000168280.16	315	741	833	334
ENSG00000168282.5	552	423	448	1149
ENSG00000168283.13	1112	319	873	1135
ENSG00000168286.2	303	159	388	458
ENSG00000168288.12	1715	1273	1857	1645
ENSG00000168291.12	666	1234	1157	970
ENSG00000168297.15	104	166	401	288
ENSG00000168298.6	2	2	7	39
ENSG00000168300.13	1555	1087	1003	879
ENSG00000168301.12	60	108	114	105
ENSG00000168303.7	309	384	162	761
ENSG00000168306.12	18	56	17	100
ENSG00000168309.17	137	416	501	1692
ENSG00000168310.10	194	190	266	425
ENSG00000168314.17	2	20	6	4
ENSG00000168329.13	4	8	27	12
ENSG00000168348.3	1	0	3	1
ENSG00000168350.7	138	16	321	168
ENSG00000168356.11	17	3	13	5
ENSG00000168374.10	1785	2294	4250	3706
ENSG00000168385.17	7348	6782	5530	9025
ENSG00000168386.18	203	18	23	146
ENSG00000168389.17	79	37	171	111
ENSG00000168393.12	242	529	187	417
ENSG00000168394.11	483	192	584	804
ENSG00000168395.15	971	1367	525	1269
ENSG00000168397.16	1369	1355	976	1452
ENSG00000168398.6	85	198	2	86
ENSG00000168404.12	13	14	18	24
ENSG00000168405.17	7	6	2	7
ENSG00000168411.13	522	477	455	954
ENSG00000168421.12	0	10	3	2
ENSG00000168427.8	175	56	155	323
ENSG00000168434.12	572	173	248	407
ENSG00000168438.14	426	226	341	337
ENSG00000168439.16	4016	5345	3242	2615
ENSG00000168447.10	0	5	17	2
ENSG00000168453.14	375	74	134	294
ENSG00000168461.12	514	315	312	1036
ENSG00000168476.11	817	670	322	833
ENSG00000168477.19	104	176	142	214
ENSG00000168481.8	8	0	2	23
ENSG00000168487.18	2279	2343	423	1461
ENSG00000168488.18	3648	1677	3472	5246
ENSG00000168490.13	10	3	5	28
ENSG00000168491.9	15	55	32	53
ENSG00000168495.12	1528	830	497	965
ENSG00000168496.3	372	670	290	735
ENSG00000168497.4	67	97	32	1886
ENSG00000168502.17	115	119	63	134
ENSG00000168505.6	0	0	0	0
ENSG00000168517.10	74	55	67	131
ENSG00000168522.12	1923	1908	1182	1380
ENSG00000168528.11	825	470	596	1809
ENSG00000168538.15	388	298	476	489
ENSG00000168542.14	1555	48	569	3194
ENSG00000168546.10	11	3	2	12
ENSG00000168556.6	115	95	156	222
ENSG00000168564.5	575	256	303	730
ENSG00000168566.12	406	396	251	436
ENSG00000168569.7	268	425	207	224
ENSG00000168575.9	4728	1161	1081	1944
ENSG00000168589.14	3	7	0	0
ENSG00000168591.15	931	688	556	1097
ENSG00000168610.14	3624	5121	2826	6147
ENSG00000168612.4	285	123	337	246
ENSG00000168615.11	4631	3632	1579	2449
ENSG00000168631.12	2	4	7	17
ENSG00000168646.12	134	332	65	150
ENSG00000168653.10	932	2639	3068	2222
ENSG00000168658.18	22	45	2	11
ENSG00000168661.14	44	56	45	110
ENSG00000168671.9	1	2	0	18
ENSG00000168672.3	2440	3235	3376	3771
ENSG00000168675.18	80	150	69	327
ENSG00000168676.10	4	13	4	11
ENSG00000168679.17	138	47	6	22
ENSG00000168685.14	30	30	8	16
ENSG00000168701.18	419	205	699	576
ENSG00000168702.17	139	10	0	2
ENSG00000168703.5	0	0	5	10
ENSG00000168710.17	1919	4122	3291	3636
ENSG00000168724.16	669	593	458	919
ENSG00000168734.13	416	220	160	389
ENSG00000168743.12	138	147	53	11
ENSG00000168748.13	1	0	1	11
ENSG00000168754.14	1	3	8	7
ENSG00000168758.10	1803	909	956	1633
ENSG00000168763.15	632	651	494	950
ENSG00000168765.16	185	267	120	340
ENSG00000168769.13	461	298	364	513
ENSG00000168772.10	4	3	2	2
ENSG00000168778.11	484	296	151	751
ENSG00000168779.19	3	3	3	0
ENSG00000168781.22	254	441	379	566
ENSG00000168785.7	83	9	13	6
ENSG00000168792.4	153	51	188	375
ENSG00000168795.4	657	473	689	437
ENSG00000168802.12	833	841	974	1927
ENSG00000168803.15	87	98	80	307
ENSG00000168806.7	173	244	93	226
ENSG00000168807.16	490	396	460	610
ENSG00000168811.6	54	41	48	403
ENSG00000168813.16	466	714	357	1222
ENSG00000168818.9	446	683	247	761
ENSG00000168824.14	1199	642	96	135
ENSG00000168826.15	112	66	22	54
ENSG00000168827.14	1245	890	1661	3069
ENSG00000168843.13	1	0	0	6
ENSG00000168852.12	22	5	25	4
ENSG00000168872.16	241	319	312	513
ENSG00000168874.12	31	50	41	246
ENSG00000168876.8	269	350	288	261
ENSG00000168878.16	0	110	2	1
ENSG00000168883.19	1051	758	669	1134
ENSG00000168884.14	676	856	235	675
ENSG00000168887.10	804	668	584	1208
ENSG00000168890.13	266	240	287	442
ENSG00000168894.9	784	772	1041	1275
ENSG00000168899.4	41	77	67	62
ENSG00000168904.14	107	43	178	181
ENSG00000168906.12	4265	6035	6613	11629
ENSG00000168907.13	21	1	1	16
ENSG00000168913.6	25	29	40	38
ENSG00000168916.15	1700	484	856	1120
ENSG00000168917.8	6	28	8	420
ENSG00000168918.13	66	52	23	55
ENSG00000168924.14	672	1639	531	1331
ENSG00000168936.10	327	584	377	848
ENSG00000168938.5	624	656	466	835
ENSG00000168944.15	313	192	227	407
ENSG00000168952.15	81	1168	57	258
ENSG00000168958.19	1097	1378	733	1341
ENSG00000168959.14	4	0	1	5
ENSG00000168961.16	856	1630	307	1185
ENSG00000168970.22	567	441	158	402
ENSG00000168992.4	5	1	3	6
ENSG00000168993.14	22	79	110	286
ENSG00000168994.13	752	251	585	1545
ENSG00000168995.13	22	10	21	11
ENSG00000169006.6	2	0	0	12
ENSG00000169016.16	582	236	305	736
ENSG00000169018.5	1206	1107	476	1627
ENSG00000169019.10	167	235	160	272
ENSG00000169020.9	381	1399	1102	1556
ENSG00000169021.5	652	2282	1278	4070
ENSG00000169026.12	88	131	85	35
ENSG00000169031.19	16	14	262	359
ENSG00000169032.9	701	1878	651	1035
ENSG00000169035.11	2993	2043	7765	1091
ENSG00000169040.14	0	10	4	22
ENSG00000169045.17	9437	12395	12494	14868
ENSG00000169047.5	787	1044	303	795
ENSG00000169057.21	763	1999	1835	2068
ENSG00000169062.14	1527	1306	985	2252
ENSG00000169064.12	53	105	1	12
ENSG00000169067.3	2	29	7	20
ENSG00000169071.14	8	9	41	77
ENSG00000169083.16	15	2	192	69
ENSG00000169087.10	131	125	103	707
ENSG00000169105.7	488	233	96	582
ENSG00000169116.11	10	15	8	19
ENSG00000169118.17	627	994	214	682
ENSG00000169122.11	164	73	60	205
ENSG00000169126.15	7	45	2	12
ENSG00000169129.14	1138	2320	463	3938
ENSG00000169131.12	316	286	283	350
ENSG00000169136.10	1470	251	785	8529
ENSG00000169139.11	1145	1111	833	1092
ENSG00000169155.9	634	637	382	602
ENSG00000169169.14	548	1	9	201
ENSG00000169174.10	1	8	2	23
ENSG00000169180.11	1738	789	1134	2010
ENSG00000169181.12	0	0	5	3
ENSG00000169184.5	22	20	141	414
ENSG00000169188.4	258	281	168	525
ENSG00000169189.16	412	448	479	535
ENSG00000169193.11	135	29	59	244
ENSG00000169203.16	43	11	16	48
ENSG00000169213.6	29	11	13	56
ENSG00000169217.8	1930	561	1041	2358
ENSG00000169218.13	9	0	21	515
ENSG00000169220.17	250	55	353	397
ENSG00000169221.13	1413	468	910	1518
ENSG00000169223.14	1904	1669	1557	2874
ENSG00000169228.13	178	220	214	298
ENSG00000169230.9	794	1750	1398	2075
ENSG00000169231.13	2362	647	1523	7180
ENSG00000169239.12	70	101	58	100
ENSG00000169241.18	1273	1003	1377	1582
ENSG00000169242.11	1341	1072	924	1518
ENSG00000169245.5	102	23	12	19
ENSG00000169246.16	28	31	17	44
ENSG00000169247.12	28	18	9	77
ENSG00000169248.12	19	8	6	7
ENSG00000169249.12	85	101	80	267
ENSG00000169251.12	1209	979	1612	2239
ENSG00000169252.5	2	4	2	10
ENSG00000169255.14	359	577	693	683
ENSG00000169258.6	207	61	120	315
ENSG00000169271.2	2	0	1	18
ENSG00000169282.17	17	8	3	12
ENSG00000169288.17	246	174	221	267
ENSG00000169291.9	17	4	65	91
ENSG00000169299.13	348	501	356	283
ENSG00000169302.15	50	31	47	49
ENSG00000169313.9	1	3	19	1
ENSG00000169314.14	3	1	1	6
ENSG00000169330.8	30	3	8	31
ENSG00000169359.14	668	366	670	1826
ENSG00000169371.13	210	193	118	194
ENSG00000169372.12	86	112	98	57
ENSG00000169375.15	1672	752	611	1607
ENSG00000169379.15	350	585	473	1647
ENSG00000169385.2	2	4	9	9
ENSG00000169398.19	3424	4046	3129	1827
ENSG00000169402.15	3	2	0	17
ENSG00000169403.11	499	313	111	290
ENSG00000169410.9	813	351	226	1054
ENSG00000169413.2	29	19	6	13
ENSG00000169418.9	1005	1026	1662	4011
ENSG00000169427.7	14	14	5	117
ENSG00000169429.10	622	747	103	124
ENSG00000169432.15	249	283	8	2
ENSG00000169435.13	78	71	8	10
ENSG00000169436.16	606	0	25	1142
ENSG00000169439.11	705	231	302	877
ENSG00000169442.8	32	45	26	49
ENSG00000169446.5	422	1185	858	955
ENSG00000169490.16	1175	659	442	905
ENSG00000169495.4	1	4	2	1
ENSG00000169499.14	1869	1838	522	1128
ENSG00000169504.14	2604	700	1467	3111
ENSG00000169508.6	45	36	27	42
ENSG00000169515.6	808	367	326	1158
ENSG00000169519.20	262	278	115	461
ENSG00000169548.3	0	0	4	5
ENSG00000169550.13	46	8	75	87
ENSG00000169554.19	114	51	83	104
ENSG00000169562.10	19	565	1	46
ENSG00000169564.6	6688	3718	4925	9678
ENSG00000169567.11	1136	2250	1675	2594
ENSG00000169570.9	102	285	180	285
ENSG00000169583.12	130	139	299	80
ENSG00000169592.14	710	391	656	1147
ENSG00000169594.13	40	2	502	314
ENSG00000169598.15	113	285	169	235
ENSG00000169599.12	245	253	166	446
ENSG00000169604.19	1608	893	326	979
ENSG00000169607.12	133	218	130	465
ENSG00000169609.13	250	145	150	323
ENSG00000169612.3	292	104	224	509
ENSG00000169621.9	85	29	10	106
ENSG00000169629.11	83	25	97	66
ENSG00000169635.9	236	135	214	550
ENSG00000169641.13	822	1026	384	809
ENSG00000169660.16	492	420	273	772
ENSG00000169668.11	0	0	8	2
ENSG00000169679.14	339	655	290	1360
ENSG00000169682.17	160	90	136	328
ENSG00000169683.7	264	393	166	589
ENSG00000169684.13	52	18	51	27
ENSG00000169689.14	225	449	272	500
ENSG00000169692.12	1347	907	1035	1033
ENSG00000169696.15	368	446	408	926
ENSG00000169710.8	2459	6700	2194	2740
ENSG00000169714.16	3356	4835	5227	12973
ENSG00000169715.14	1665	2536	3462	546
ENSG00000169718.17	956	1633	1310	2442
ENSG00000169727.12	939	1575	983	1960
ENSG00000169733.11	527	581	490	1145
ENSG00000169738.7	312	422	649	363
ENSG00000169740.13	335	79	262	669
ENSG00000169750.8	199	114	135	213
ENSG00000169752.16	90	50	20	14
ENSG00000169756.16	1049	822	1877	1215
ENSG00000169758.12	4	9	8	25
ENSG00000169760.17	29	4	1	28
ENSG00000169762.16	277	311	169	276
ENSG00000169764.15	1625	1156	1179	2207
ENSG00000169783.12	33	14	50	162
ENSG00000169813.16	5199	2136	2466	7101
ENSG00000169814.13	128	140	252	116
ENSG00000169826.7	721	200	352	950
ENSG00000169851.15	1462	428	1725	1552
ENSG00000169855.19	226	74	46	8
ENSG00000169857.7	111	294	191	364
ENSG00000169860.6	25	118	28	84
ENSG00000169862.18	31	131	46	8
ENSG00000169871.12	1456	1905	901	3498
ENSG00000169884.13	2	2	3	16
ENSG00000169885.9	6	15	9	22
ENSG00000169891.17	105	193	128	179
ENSG00000169894.17	2	2	7	174
ENSG00000169895.5	523	1076	547	1531
ENSG00000169896.17	121	51	95	127
ENSG00000169900.7	0	0	1	0
ENSG00000169902.14	189	111	103	302
ENSG00000169903.6	2	1	9	13
ENSG00000169905.12	2535	1058	1550	2946
ENSG00000169908.11	3387	6531	8101	15710
ENSG00000169914.5	422	842	528	505
ENSG00000169918.9	14	67	26	35
ENSG00000169919.16	861	961	476	1194
ENSG00000169925.16	1271	846	749	1113
ENSG00000169926.10	2484	2782	2790	6610
ENSG00000169946.13	29	9	9	299
ENSG00000169951.9	188	55	103	120
ENSG00000169955.7	237	91	125	350
ENSG00000169957.9	992	408	712	1595
ENSG00000169962.4	27	3	278	193
ENSG00000169964.7	75	181	166	215
ENSG00000169967.16	1184	1157	1434	2073
ENSG00000169972.11	203	261	348	234
ENSG00000169976.6	435	441	336	845
ENSG00000169981.10	89	69	98	120
ENSG00000169989.2	11	6	10	19
ENSG00000169991.10	268	536	130	142
ENSG00000169992.9	1078	441	737	1953
ENSG00000169994.18	232	307	9	83
ENSG00000170004.16	5112	4130	2962	8704
ENSG00000170006.11	27	3	25	10
ENSG00000170011.13	95	77	139	12
ENSG00000170017.12	1041	4428	693	3566
ENSG00000170027.6	5084	3651	8422	6025
ENSG00000170035.15	1489	711	534	1197
ENSG00000170037.13	586	371	623	1210
ENSG00000170043.11	487	293	584	1415
ENSG00000170044.8	0	0	0	24
ENSG00000170049.9	28	32	32	280
ENSG00000170074.19	6	24	3	140
ENSG00000170075.8	31	108	42	79
ENSG00000170085.17	250	323	168	314
ENSG00000170088.13	403	410	590	650
ENSG00000170089.15	76	463	410	370
ENSG00000170091.10	2	0	0	11
ENSG00000170092.14	5	4	13	1
ENSG00000170100.13	121	173	171	272
ENSG00000170113.15	52	103	321	344
ENSG00000170122.5	11	4	8	1
ENSG00000170128.4	4	0	0	6
ENSG00000170142.11	690	1531	1314	1626
ENSG00000170144.20	8682	8583	5890	13454
ENSG00000170145.4	921	1822	693	947
ENSG00000170153.10	158	772	949	338
ENSG00000170160.17	11	0	2	1
ENSG00000170161.6	27	14	87	32
ENSG00000170166.5	4	152	0	25
ENSG00000170175.10	272	330	218	499
ENSG00000170185.9	368	169	450	702
ENSG00000170190.15	667	220	262	584
ENSG00000170191.4	252	114	237	257
ENSG00000170209.4	18	41	5	31
ENSG00000170214.4	141	51	428	505
ENSG00000170222.11	44	26	41	62
ENSG00000170231.15	81	4	9	74
ENSG00000170234.12	376	434	752	471
ENSG00000170242.17	1333	840	673	1749
ENSG00000170248.14	1559	3353	1967	4386
ENSG00000170255.7	0	0	1	10
ENSG00000170260.8	439	184	298	759
ENSG00000170264.12	247	166	100	346
ENSG00000170265.11	751	477	713	1647
ENSG00000170266.15	659	965	758	1116
ENSG00000170270.4	57	183	180	150
ENSG00000170271.10	107	89	15	344
ENSG00000170275.14	787	3292	786	1772
ENSG00000170276.5	6	4	51	113
ENSG00000170289.12	1	6	6	17
ENSG00000170291.14	257	594	191	506
ENSG00000170293.8	130	213	162	197
ENSG00000170296.9	1506	1735	1252	1984
ENSG00000170310.14	155	82	90	280
ENSG00000170312.15	578	588	462	2448
ENSG00000170315.13	95	2931	3255	226
ENSG00000170322.14	724	558	568	789
ENSG00000170323.8	6	16	6	3
ENSG00000170324.20	5	3	0	0
ENSG00000170325.14	299	265	266	243
ENSG00000170340.10	889	396	371	824
ENSG00000170345.9	1785	6763	3459	3550
ENSG00000170348.8	4275	3942	4876	9389
ENSG00000170356.9	10	17	15	52
ENSG00000170364.12	183	125	86	73
ENSG00000170365.9	204	143	188	353
ENSG00000170367.4	23	52	30	23
ENSG00000170369.3	5	308	17	2
ENSG00000170370.11	2427	1017	1169	2432
ENSG00000170373.8	2	72	2	8
ENSG00000170379.20	32	42	38	6
ENSG00000170381.13	53	7	183	158
ENSG00000170382.11	392	220	1064	635
ENSG00000170385.9	1972	993	1428	1110
ENSG00000170390.15	96	39	24	67
ENSG00000170396.7	8	0	1	0
ENSG00000170412.16	2213	1046	766	1067
ENSG00000170417.15	208	128	348	223
ENSG00000170421.12	25748	83107	18395	64082
ENSG00000170423.12	35	3	12	16
ENSG00000170425.3	14	35	31	6
ENSG00000170426.1	3	0	1	14
ENSG00000170430.9	441	148	413	1230
ENSG00000170439.6	58	130	167	123
ENSG00000170442.11	44	141	26	56
ENSG00000170445.13	847	2591	1340	1131
ENSG00000170448.11	266	304	180	240
ENSG00000170454.5	0	0	0	7
ENSG00000170456.15	428	273	91	269
ENSG00000170458.13	673	206	923	830
ENSG00000170464.9	163	451	134	365
ENSG00000170465.9	0	0	0	24
ENSG00000170468.7	194	186	216	421
ENSG00000170469.10	20	86	102	73
ENSG00000170471.14	3837	1535	3269	2097
ENSG00000170473.16	493	274	240	725
ENSG00000170476.15	3	3	3	8
ENSG00000170477.12	704	281	1891	2172
ENSG00000170482.16	0	20	7	11
ENSG00000170484.9	1	4	5	13
ENSG00000170485.16	1949	124	1170	626
ENSG00000170498.8	15	0	1	2
ENSG00000170500.12	404	886	1883	2124
ENSG00000170502.12	550	208	410	567
ENSG00000170509.11	15	4	5	5
ENSG00000170515.13	1854	3387	2173	3938
ENSG00000170522.9	390	166	205	356
ENSG00000170523.3	7	5	19	6
ENSG00000170525.20	471	1356	1134	335
ENSG00000170537.12	115	19	52	74
ENSG00000170540.14	3177	2000	2013	3588
ENSG00000170542.5	207	132	248	633
ENSG00000170545.16	166	66	51	120
ENSG00000170558.8	732	1725	93	655
ENSG00000170571.11	22	761	34	44
ENSG00000170577.7	50	14	58	6
ENSG00000170579.16	438	181	457	554
ENSG00000170581.13	3491	1629	3213	4070
ENSG00000170584.10	293	462	690	792
ENSG00000170604.4	562	311	324	802
ENSG00000170606.14	2686	2567	3495	4584
ENSG00000170608.2	31	0	23	30
ENSG00000170615.14	3	0	0	4
ENSG00000170619.9	386	499	809	545
ENSG00000170624.13	23	1	4	5
ENSG00000170627.10	0	1	4	632
ENSG00000170629.14	9	93	2	201
ENSG00000170631.14	236	396	431	350
ENSG00000170632.13	791	874	492	1000
ENSG00000170633.16	538	421	630	910
ENSG00000170634.12	98	81	160	229
ENSG00000170638.9	485	681	841	1227
ENSG00000170653.18	961	732	528	864
ENSG00000170667.14	5	2	2	6
ENSG00000170677.5	422	270	100	511
ENSG00000170681.6	129	83	37	199
ENSG00000170684.8	35	19	13	34
ENSG00000170689.9	174	17	40	102
ENSG00000170703.15	6	14	0	25
ENSG00000170734.11	205	521	194	274
ENSG00000170745.11	170	42	12	9
ENSG00000170759.10	5133	1626	2855	9973
ENSG00000170775.2	281	189	2	10
ENSG00000170776.21	2051	2641	1184	2331
ENSG00000170779.10	361	556	436	678
ENSG00000170786.12	84	13	4	43
ENSG00000170788.13	1	3	0	7
ENSG00000170791.17	596	588	898	986
ENSG00000170801.9	12	11	2	38
ENSG00000170802.15	488	391	225	388
ENSG00000170819.4	0	0	0	15
ENSG00000170832.12	596	1031	514	1052
ENSG00000170835.14	100	101	8	50
ENSG00000170836.11	228	151	169	278
ENSG00000170837.2	248	465	216	459
ENSG00000170846.17	256	186	170	375
ENSG00000170852.10	1124	691	379	1765
ENSG00000170854.17	418	718	601	1357
ENSG00000170855.3	353	329	364	699
ENSG00000170860.3	366	761	830	717
ENSG00000170871.11	1602	1051	400	1037
ENSG00000170873.18	92	692	379	264
ENSG00000170876.7	972	1562	1361	1549
ENSG00000170881.4	1164	1651	1139	903
ENSG00000170889.13	5710	10190	7571	16074
ENSG00000170891.10	0	12	2	3
ENSG00000170892.10	704	469	608	947
ENSG00000170899.10	113	58	307	125
ENSG00000170903.10	300	283	381	393
ENSG00000170906.15	414	277	944	1030
ENSG00000170909.13	33	10	25	24
ENSG00000170915.8	128	64	12	64
ENSG00000170917.13	30	92	30	107
ENSG00000170919.15	361	168	436	291
ENSG00000170920.2	0	0	0	9
ENSG00000170921.15	1666	1299	616	1445
ENSG00000170927.14	15	0	79	297
ENSG00000170929.6	3	2	0	13
ENSG00000170946.14	187	165	115	216
ENSG00000170949.17	1185	663	550	700
ENSG00000170954.11	130	70	95	57
ENSG00000170955.9	318	375	158	492
ENSG00000170956.16	0	0	1	0
ENSG00000170959.14	41	32	9	24
ENSG00000170961.6	10	2	1	0
ENSG00000170962.12	69	228	59	74
ENSG00000170965.9	1	6	3	14
ENSG00000170989.9	28	7	38	294
ENSG00000171004.18	3	280	0	21
ENSG00000171016.12	8	4	5	0
ENSG00000171017.10	341	408	50	446
ENSG00000171033.12	163	145	40	8
ENSG00000171044.10	56	58	30	80
ENSG00000171045.14	283	1362	677	543
ENSG00000171049.8	7	2	6	11
ENSG00000171051.8	38	31	39	34
ENSG00000171055.14	807	468	344	412
ENSG00000171056.7	9	11	8	27
ENSG00000171067.10	339	300	377	523
ENSG00000171084.15	42	36	18	199
ENSG00000171094.17	31	1	15	184
ENSG00000171097.13	38	80	77	164
ENSG00000171100.14	171	597	501	384
ENSG00000171101.13	1	0	0	4
ENSG00000171102.14	0	13	1	5
ENSG00000171103.10	330	145	222	447
ENSG00000171105.13	2178	1741	212	1564
ENSG00000171109.18	2403	1141	1352	3340
ENSG00000171115.3	7	2	3	12
ENSG00000171119.2	54	0	0	32
ENSG00000171121.16	393	29	103	420
ENSG00000171124.13	265	188	28	137
ENSG00000171126.7	10	6	0	26
ENSG00000171130.18	344	292	1258	1288
ENSG00000171132.13	402	102	410	581
ENSG00000171135.14	397	420	353	1549
ENSG00000171148.13	846	744	665	2431
ENSG00000171150.8	797	254	377	733
ENSG00000171155.7	176	337	171	366
ENSG00000171159.4	711	832	630	915
ENSG00000171160.17	207	48	177	404
ENSG00000171161.12	663	572	505	1082
ENSG00000171163.15	864	718	1533	973
ENSG00000171169.8	215	102	113	198
ENSG00000171174.14	132	164	153	216
ENSG00000171202.6	131	272	294	193
ENSG00000171204.12	346	649	681	478
ENSG00000171206.14	2971	2246	1978	7209
ENSG00000171208.9	265	45	313	134
ENSG00000171219.8	1047	1223	1446	928
ENSG00000171222.10	907	618	610	760
ENSG00000171223.5	2306	5629	2551	5122
ENSG00000171224.8	221	56	163	385
ENSG00000171227.6	26	20	98	156
ENSG00000171234.13	267	29	268	147
ENSG00000171236.9	26	170	73	140
ENSG00000171241.8	70	134	116	334
ENSG00000171243.7	28	3	29	171
ENSG00000171246.5	1	5	3	1
ENSG00000171262.11	655	809	344	735
ENSG00000171291.8	481	473	444	466
ENSG00000171295.12	1325	1572	522	611
ENSG00000171298.12	792	1727	356	4950
ENSG00000171302.16	1222	821	443	1422
ENSG00000171303.6	298	97	152	224
ENSG00000171307.18	581	338	376	1150
ENSG00000171310.10	404	72	302	157
ENSG00000171311.12	313	130	310	727
ENSG00000171314.8	2138	1745	2846	3642
ENSG00000171316.11	2879	1589	928	1647
ENSG00000171320.14	111	218	50	118
ENSG00000171345.13	12542	21212	12916	32900
ENSG00000171346.15	809	570	605	1314
ENSG00000171357.5	10	8	1	23
ENSG00000171360.3	0	0	4	14
ENSG00000171365.16	267	336	263	519
ENSG00000171368.11	329	304	844	950
ENSG00000171385.9	0	7	2	20
ENSG00000171388.11	13	167	15	256
ENSG00000171401.14	75	164	507	286
ENSG00000171403.9	3	0	8	15
ENSG00000171408.13	143	3	7	11
ENSG00000171421.12	114	347	438	323
ENSG00000171425.9	229	177	146	754
ENSG00000171428.13	189	84	69	107
ENSG00000171433.11	2	39	4	0
ENSG00000171435.13	59	134	123	210
ENSG00000171443.6	120	64	103	228
ENSG00000171444.17	16	355	71	542
ENSG00000171448.8	232	234	126	234
ENSG00000171450.5	23	0	5	6
ENSG00000171451.13	516	66	38	119
ENSG00000171453.18	517	1307	538	783
ENSG00000171456.18	4291	2408	2346	6010
ENSG00000171462.14	5	7	6	27
ENSG00000171466.9	658	633	451	1146
ENSG00000171467.15	884	555	435	945
ENSG00000171469.10	1338	950	311	823
ENSG00000171475.13	1268	2516	591	1795
ENSG00000171476.21	7	1	4	10
ENSG00000171488.14	81	235	113	74
ENSG00000171490.12	1501	2119	1593	2526
ENSG00000171492.14	475	491	755	1011
ENSG00000171496.4	3	2	0	4
ENSG00000171497.4	454	348	443	566
ENSG00000171502.14	5	19	9	759
ENSG00000171503.11	120	128	237	333
ENSG00000171509.15	28	0	0	6
ENSG00000171517.5	634	54	68	441
ENSG00000171522.5	71	42	48	54
ENSG00000171530.13	776	1241	346	2067
ENSG00000171533.11	22	52	4	68
ENSG00000171551.11	33	35	2	105
ENSG00000171552.12	4368	3176	3782	7570
ENSG00000171561.4	0	3	1	6
ENSG00000171566.11	539	509	773	833
ENSG00000171570.11	1	0	0	10
ENSG00000171574.17	120	124	98	679
ENSG00000171587.14	3	1	0	3
ENSG00000171595.13	6	1	0	4
ENSG00000171596.6	6	1	13	11
ENSG00000171603.17	3930	3730	3101	6636
ENSG00000171604.11	2201	2302	3026	2198
ENSG00000171606.17	788	169	850	3907
ENSG00000171608.15	449	48	176	280
ENSG00000171612.6	256	349	339	475
ENSG00000171617.13	3627	1720	733	1958
ENSG00000171621.13	768	1519	721	1051
ENSG00000171631.14	99	25	85	106
ENSG00000171634.17	3242	1886	996	2647
ENSG00000171643.13	1	4	0	5
ENSG00000171649.11	229	62	133	814
ENSG00000171657.5	2	2	0	1
ENSG00000171658.8	16	1	7	119
ENSG00000171659.14	23	27	10	19
ENSG00000171680.21	1169	492	798	1367
ENSG00000171681.12	1902	1205	1043	2075
ENSG00000171695.10	4	0	27	31
ENSG00000171700.13	392	125	327	366
ENSG00000171703.16	404	254	227	1056
ENSG00000171711.2	2	2	4	2
ENSG00000171714.11	18	2	4	1
ENSG00000171720.9	508	1464	945	963
ENSG00000171723.15	44	253	218	345
ENSG00000171729.13	394	243	150	190
ENSG00000171735.18	973	479	614	950
ENSG00000171747.8	5	7	2	6
ENSG00000171757.15	247	2	14	74
ENSG00000171759.9	4	1	0	23
ENSG00000171763.18	231	208	90	210
ENSG00000171766.15	19	12	22	284
ENSG00000171772.16	4	653	1	0
ENSG00000171777.15	6	1	9	50
ENSG00000171786.5	5	8	3	20
ENSG00000171790.15	5	16	9	25
ENSG00000171791.12	28	40	34	366
ENSG00000171792.10	324	393	212	895
ENSG00000171793.14	354	529	990	1162
ENSG00000171804.10	0	1	0	0
ENSG00000171806.11	166	89	123	201
ENSG00000171811.13	4	4	1	19
ENSG00000171812.12	62	14	79	553
ENSG00000171813.13	558	288	508	1387
ENSG00000171815.5	9	14	11	44
ENSG00000171817.16	3	8	37	14
ENSG00000171819.4	25	0	0	10
ENSG00000171823.6	212	306	225	485
ENSG00000171824.13	1073	1166	899	1753
ENSG00000171827.10	172	36	121	180
ENSG00000171840.11	21	31	11	25
ENSG00000171843.15	136	241	147	12
ENSG00000171847.10	107	56	23	91
ENSG00000171848.14	253	425	364	835
ENSG00000171853.15	833	597	726	922
ENSG00000171858.17	4229	9851	9034	14704
ENSG00000171860.4	115	48	77	87
ENSG00000171861.10	62	107	113	215
ENSG00000171862.10	1098	901	1099	4191
ENSG00000171863.14	7819	11724	13345	17513
ENSG00000171864.4	2	1	2	5
ENSG00000171865.9	573	360	364	825
ENSG00000171867.16	2408	4007	3151	3704
ENSG00000171873.7	1	26	0	8
ENSG00000171877.20	173	186	280	541
ENSG00000171885.14	1	1	0	12
ENSG00000171889.3	0	0	5	0
ENSG00000171903.16	40	27	848	312
ENSG00000171914.16	305	766	335	713
ENSG00000171916.16	2	0	1	4
ENSG00000171928.13	748	287	417	834
ENSG00000171931.12	2	5	1	2
ENSG00000171940.13	4375	4125	5144	6000
ENSG00000171943.11	344	269	273	371
ENSG00000171951.4	48	9	10	5
ENSG00000171953.15	161	87	153	277
ENSG00000171956.6	1	29	2	1
ENSG00000171960.10	153	196	266	426
ENSG00000171962.17	117	98	67	115
ENSG00000171970.12	62	73	35	77
ENSG00000171984.14	59	65	50	97
ENSG00000171988.18	2023	552	782	2230
ENSG00000171992.12	782	927	669	3319
ENSG00000172000.7	26	96	45	92
ENSG00000172005.10	2256	139	3591	2010
ENSG00000172006.11	102	73	76	204
ENSG00000172007.5	129	137	120	161
ENSG00000172009.14	408	673	300	652
ENSG00000172014.12	0	0	21	0
ENSG00000172020.12	0	1	2	0
ENSG00000172031.6	64	203	108	24
ENSG00000172037.13	2361	5087	6708	4993
ENSG00000172046.18	793	1669	1555	1387
ENSG00000172053.17	1147	3803	2063	3378
ENSG00000172057.9	949	1144	379	1117
ENSG00000172059.10	1174	766	241	1105
ENSG00000172061.8	1	0	0	0
ENSG00000172062.16	180	250	62	328
ENSG00000172071.11	1255	433	548	878
ENSG00000172081.13	411	238	171	423
ENSG00000172086.7	472	368	401	1085
ENSG00000172113.9	240	457	288	309
ENSG00000172115.8	2306	2458	3405	6416
ENSG00000172116.21	0	0	0	6
ENSG00000172123.12	212	73	59	105
ENSG00000172137.18	4	9	5	28
ENSG00000172139.14	0	0	2	6
ENSG00000172159.15	38	29	10	49
ENSG00000172164.14	426	866	627	810
ENSG00000172167.7	244	650	183	207
ENSG00000172171.10	79	63	67	192
ENSG00000172172.7	546	869	632	585
ENSG00000172175.13	380	335	127	857
ENSG00000172183.14	267	72	88	401
ENSG00000172197.10	667	172	345	674
ENSG00000172201.11	2016	277	493	1499
ENSG00000172215.5	1	9	3	6
ENSG00000172216.5	2099	690	2986	4895
ENSG00000172232.9	1	1	1	2
ENSG00000172239.13	1365	1284	818	2682
ENSG00000172243.17	48	42	88	81
ENSG00000172244.8	23	52	18	117
ENSG00000172247.3	5	16	2	6
ENSG00000172250.15	11	9	9	17
ENSG00000172260.14	14	0	27	3
ENSG00000172262.11	410	455	346	747
ENSG00000172264.17	259	23	2139	234
ENSG00000172269.18	578	337	942	622
ENSG00000172270.19	3193	2928	4110	4492
ENSG00000172273.12	325	233	488	425
ENSG00000172292.14	1727	2530	858	1147
ENSG00000172296.12	334	93	303	527
ENSG00000172301.10	330	345	237	707
ENSG00000172315.5	501	254	610	550
ENSG00000172318.5	31	3	30	31
ENSG00000172322.13	10	15	3	7
ENSG00000172331.11	629	89	642	308
ENSG00000172336.4	324	294	296	532
ENSG00000172339.9	68	112	107	205
ENSG00000172340.14	344	1228	865	473
ENSG00000172345.13	75	6	78	127
ENSG00000172346.14	155	7	83	348
ENSG00000172348.14	52	21	46	135
ENSG00000172349.17	45	12	13	50
ENSG00000172350.9	11	0	133	43
ENSG00000172354.9	3315	3251	2134	4736
ENSG00000172361.5	31	46	3	66
ENSG00000172366.19	352	457	725	1035
ENSG00000172367.15	2	0	3	6
ENSG00000172375.13	458	177	597	454
ENSG00000172379.20	690	182	75	386
ENSG00000172380.5	1264	2988	1055	2729
ENSG00000172382.9	48	9	5	26
ENSG00000172403.10	12	1	7	90
ENSG00000172409.5	236	156	196	229
ENSG00000172425.10	1	2	3	15
ENSG00000172426.15	41	21	17	27
ENSG00000172428.10	257	350	414	774
ENSG00000172432.18	1626	1037	994	2480
ENSG00000172456.17	85	34	77	175
ENSG00000172458.4	26	23	12	64
ENSG00000172460.16	1	1	16	1
ENSG00000172461.10	0	9	7	0
ENSG00000172465.13	84	138	79	526
ENSG00000172466.15	2102	876	1358	4300
ENSG00000172469.15	301	86	260	200
ENSG00000172476.4	3	4	1	3
ENSG00000172478.17	814	167	254	590
ENSG00000172493.20	1472	510	839	1420
ENSG00000172500.12	638	1204	878	630
ENSG00000172508.10	144	47	75	366
ENSG00000172530.20	297	159	236	585
ENSG00000172531.14	1666	1869	1622	2137
ENSG00000172534.13	2361	1658	1667	3489
ENSG00000172543.7	2	2	2	1
ENSG00000172548.14	5	1	5	37
ENSG00000172572.6	1381	47	19	1187
ENSG00000172575.11	29	231	35	146
ENSG00000172578.11	63	35	9	78
ENSG00000172586.7	290	192	397	1120
ENSG00000172590.18	398	452	535	850
ENSG00000172594.12	36	23	83	33
ENSG00000172602.10	31	23	8	45
ENSG00000172613.7	528	394	438	820
ENSG00000172638.12	1103	92	678	826
ENSG00000172650.13	8	14	21	44
ENSG00000172661.18	738	620	523	3128
ENSG00000172663.8	445	391	354	451
ENSG00000172667.10	596	142	617	866
ENSG00000172671.19	209	76	152	483
ENSG00000172687.13	445	254	250	647
ENSG00000172716.16	101	200	98	211
ENSG00000172725.13	1934	1453	1409	2299
ENSG00000172728.15	179	89	59	65
ENSG00000172731.13	268	147	154	872
ENSG00000172732.11	720	760	591	669
ENSG00000172733.11	16	1	6	12
ENSG00000172738.11	26	3	13	78
ENSG00000172748.13	222	58	76	93
ENSG00000172752.14	1	0	1	15
ENSG00000172757.12	8229	10095	9103	7937
ENSG00000172765.17	703	350	322	1753
ENSG00000172766.18	425	200	403	394
ENSG00000172771.11	48	70	12	95
ENSG00000172775.16	908	626	904	1173
ENSG00000172780.16	134	164	95	585
ENSG00000172782.11	0	1	12	34
ENSG00000172785.18	315	553	669	254
ENSG00000172789.3	4	0	18	31
ENSG00000172794.19	8	2	2	19
ENSG00000172795.15	817	1033	303	888
ENSG00000172803.17	30	38	49	71
ENSG00000172809.12	5165	8852	5412	8461
ENSG00000172817.3	37	108	1	2
ENSG00000172818.9	202	101	98	44
ENSG00000172819.16	1460	1632	829	830
ENSG00000172824.15	105	12	85	180
ENSG00000172828.12	59	58	121	96
ENSG00000172830.12	1044	1189	1182	1056
ENSG00000172831.11	423	366	414	613
ENSG00000172840.6	132	134	157	210
ENSG00000172845.14	2405	1592	1569	2151
ENSG00000172869.14	556	659	621	655
ENSG00000172878.13	136	283	190	124
ENSG00000172888.11	467	700	530	646
ENSG00000172889.15	322	52	85	63
ENSG00000172890.12	1242	2150	1023	1372
ENSG00000172893.15	575	1682	1671	685
ENSG00000172901.19	12	0	2	9
ENSG00000172915.18	26	91	113	93
ENSG00000172922.9	345	1145	876	464
ENSG00000172927.7	168	714	102	23
ENSG00000172932.14	852	542	705	831
ENSG00000172935.8	11	8	30	16
ENSG00000172936.13	591	539	730	955
ENSG00000172939.8	837	1867	1090	1378
ENSG00000172940.12	5	15	3	12
ENSG00000172943.19	583	1368	484	1244
ENSG00000172954.13	606	316	233	655
ENSG00000172965.15	739	261	478	1032
ENSG00000172974.11	17	20	23	21
ENSG00000172977.12	724	1279	727	676
ENSG00000172985.10	29	22	70	282
ENSG00000172986.12	35	73	424	85
ENSG00000172992.11	343	377	152	445
ENSG00000173011.11	575	361	250	551
ENSG00000173013.5	126	98	19	55
ENSG00000173020.10	1658	1477	1341	1702
ENSG00000173039.18	1497	2063	1144	1421
ENSG00000173040.12	71	45	7	138
ENSG00000173041.11	379	189	205	210
ENSG00000173064.12	2698	1294	2541	2630
ENSG00000173065.13	592	179	215	871
ENSG00000173068.17	188	79	211	445
ENSG00000173080.5	1	1	1	2
ENSG00000173083.14	152	39	60	315
ENSG00000173085.14	90	136	70	306
ENSG00000173110.7	597	46	2971	1044
ENSG00000173113.6	1595	1544	1576	1970
ENSG00000173120.14	5127	2622	3278	3994
ENSG00000173137.11	323	446	573	306
ENSG00000173141.4	400	401	466	1213
ENSG00000173145.11	437	177	439	863
ENSG00000173153.13	892	2076	1228	1144
ENSG00000173156.6	275	90	231	477
ENSG00000173157.16	2	17	40	23
ENSG00000173163.10	204	205	136	335
ENSG00000173166.17	1041	463	398	582
ENSG00000173171.14	467	265	302	973
ENSG00000173175.14	520	155	17	437
ENSG00000173193.14	2369	1148	1951	6031
ENSG00000173198.5	2	7	2	5
ENSG00000173200.12	13	16	3	9
ENSG00000173207.12	713	907	531	1246
ENSG00000173209.23	3476	2710	1924	3574
ENSG00000173210.19	73	4	33	71
ENSG00000173212.4	2	0	0	9
ENSG00000173213.9	6	7	6	6
ENSG00000173214.5	279	61	193	128
ENSG00000173218.14	886	944	568	1108
ENSG00000173221.13	35	55	47	114
ENSG00000173226.16	461	465	249	822
ENSG00000173227.13	151	728	281	164
ENSG00000173230.15	2169	1971	1759	7001
ENSG00000173253.15	4	6	1	0
ENSG00000173258.12	10	0	2	11
ENSG00000173261.8	3	11	1	3
ENSG00000173262.11	14	6	1	28
ENSG00000173264.14	412	175	238	398
ENSG00000173267.13	1440	283	496	6148
ENSG00000173269.13	310	42	44	1496
ENSG00000173272.15	324	565	709	864
ENSG00000173273.15	2489	1542	547	1099
ENSG00000173275.12	71	271	153	116
ENSG00000173276.13	356	289	309	590
ENSG00000173281.4	929	374	179	263
ENSG00000173295.7	180	236	100	124
ENSG00000173320.11	390	199	191	371
ENSG00000173327.7	1255	806	980	1413
ENSG00000173334.3	1383	1272	1685	1897
ENSG00000173338.12	8	11	1	8
ENSG00000173349.5	264	212	86	495
ENSG00000173369.15	345	235	164	413
ENSG00000173372.16	345	158	198	322
ENSG00000173376.13	0	1	2	56
ENSG00000173391.8	123	132	101	110
ENSG00000173402.11	3754	3978	2772	4388
ENSG00000173406.15	3	1	0	44
ENSG00000173409.13	196	245	563	424
ENSG00000173418.11	917	331	886	1512
ENSG00000173421.16	0	2	1	10
ENSG00000173432.11	42	87	18	86
ENSG00000173436.14	534	1536	1404	1281
ENSG00000173442.12	1646	2072	738	2510
ENSG00000173451.6	134	69	93	124
ENSG00000173452.13	1	0	0	12
ENSG00000173456.4	652	320	440	1171
ENSG00000173457.10	2054	1983	2419	1603
ENSG00000173465.7	160	288	356	288
ENSG00000173467.8	195	92	116	1486
ENSG00000173473.10	2257	3870	2048	2814
ENSG00000173480.10	207	68	177	725
ENSG00000173482.16	397	233	513	1287
ENSG00000173486.12	803	781	1448	1088
ENSG00000173511.9	672	757	957	913
ENSG00000173517.10	690	513	642	1390
ENSG00000173530.5	708	3	31	102
ENSG00000173531.15	634	104	3044	884
ENSG00000173535.14	7	6	1	0
ENSG00000173540.12	316	683	851	1115
ENSG00000173542.8	760	408	403	419
ENSG00000173545.4	491	654	1111	1033
ENSG00000173546.7	40	11	413	91
ENSG00000173548.8	834	288	263	916
ENSG00000173557.14	51	50	19	62
ENSG00000173559.12	1002	472	520	1496
ENSG00000173567.14	9	11	6	2
ENSG00000173575.20	2895	2242	2488	3702
ENSG00000173578.7	7	1	1	18
ENSG00000173581.7	125	77	351	533
ENSG00000173588.14	366	253	198	521
ENSG00000173598.13	527	637	490	1143
ENSG00000173599.13	132	370	281	199
ENSG00000173611.17	421	500	200	235
ENSG00000173614.13	123	241	172	187
ENSG00000173621.8	607	757	318	880
ENSG00000173626.9	0	1	0	9
ENSG00000173627.7	0	6	0	4
ENSG00000173638.18	299	1838	380	479
ENSG00000173641.17	12	9	13	51
ENSG00000173653.7	556	520	299	512
ENSG00000173660.11	1656	60	4315	2098
ENSG00000173662.20	1	3	10	14
ENSG00000173674.10	1023	1671	1080	2844
ENSG00000173681.16	228	205	149	247
ENSG00000173692.12	1542	1268	1704	2150
ENSG00000173698.17	126	90	6675	43
ENSG00000173702.7	1	30	1	14
ENSG00000173705.8	20	135	24	101
ENSG00000173706.13	162	1798	251	5509
ENSG00000173714.7	0	0	1	1
ENSG00000173715.16	409	262	317	257
ENSG00000173726.10	4140	7868	5003	6801
ENSG00000173727.12	76	25	183	169
ENSG00000173744.17	1322	2589	1443	1995
ENSG00000173757.9	845	1392	428	1371
ENSG00000173762.7	6	3	7	24
ENSG00000173786.16	1290	1759	746	1805
ENSG00000173801.16	8988	10010	3803	10895
ENSG00000173805.15	45	41	10	116
ENSG00000173809.18	2	1	1	9
ENSG00000173812.10	4666	8007	4288	11906
ENSG00000173818.16	142	292	35	454
ENSG00000173821.19	8864	3086	1953	10631
ENSG00000173825.6	23	1	9	35
ENSG00000173826.14	6	2	0	8
ENSG00000173838.11	16	25	2	22
ENSG00000173846.12	854	513	1430	902
ENSG00000173848.18	3477	3765	1945	2759
ENSG00000173852.14	292	498	157	359
ENSG00000173867.10	1	0	3	1
ENSG00000173868.11	3	3	1	92
ENSG00000173875.13	538	1930	666	1153
ENSG00000173889.15	2064	988	1119	2493
ENSG00000173890.16	246	318	206	106
ENSG00000173894.10	589	409	35	522
ENSG00000173898.12	1953	1945	2368	1386
ENSG00000173905.8	1158	370	834	1304
ENSG00000173914.11	271	362	230	361
ENSG00000173915.15	1041	1239	1853	2611
ENSG00000173917.10	600	161	886	578
ENSG00000173918.14	19	16	16	54
ENSG00000173926.5	14	17	35	11
ENSG00000173928.2	73	186	58	199
ENSG00000173930.8	68	20	68	16
ENSG00000173933.20	797	717	690	820
ENSG00000173947.13	177	282	34	288
ENSG00000173950.15	870	258	345	1732
ENSG00000173960.13	598	448	232	692
ENSG00000173988.12	5	0	5	3
ENSG00000173991.5	17	53	3	34
ENSG00000173992.8	558	307	694	748
ENSG00000174004.5	38	32	15	48
ENSG00000174007.7	68	48	25	136
ENSG00000174010.9	131	196	85	205
ENSG00000174013.7	793	289	428	973
ENSG00000174015.9	15	1	10	17
ENSG00000174021.10	702	653	1083	1161
ENSG00000174028.6	81	52	91	71
ENSG00000174032.16	235	111	253	231
ENSG00000174038.12	1	4	1	0
ENSG00000174059.16	7	38	15	73
ENSG00000174080.10	280	709	711	780
ENSG00000174099.11	57	13	139	123
ENSG00000174106.2	1019	634	529	859
ENSG00000174109.4	193	84	206	258
ENSG00000174123.10	4	1	0	5
ENSG00000174125.7	37	35	19	48
ENSG00000174130.12	13	7	13	13
ENSG00000174132.8	218	264	227	441
ENSG00000174136.11	462	282	250	292
ENSG00000174137.12	18	46	16	38
ENSG00000174151.14	416	366	475	585
ENSG00000174165.7	334	373	266	337
ENSG00000174171.5	8	16	188	156
ENSG00000174173.6	417	493	415	1684
ENSG00000174177.12	99	72	120	203
ENSG00000174197.16	1446	847	787	1326
ENSG00000174206.12	131	181	70	210
ENSG00000174226.8	3	1	0	152
ENSG00000174227.15	711	1096	326	856
ENSG00000174231.16	3411	3293	2538	5705
ENSG00000174233.11	1256	1453	918	724
ENSG00000174236.3	32	7	10	35
ENSG00000174238.14	1197	829	656	1530
ENSG00000174243.9	2119	1797	1527	1777
ENSG00000174276.6	221	175	209	198
ENSG00000174282.11	1885	2026	1177	3637
ENSG00000174292.12	189	305	74	388
ENSG00000174306.21	438	225	835	380
ENSG00000174307.6	1127	392	646	917
ENSG00000174326.11	1	1	0	70
ENSG00000174327.6	48	27	13	118
ENSG00000174332.5	6	0	1	11
ENSG00000174343.5	0	0	1	8
ENSG00000174348.13	15	11	87	918
ENSG00000174353.17	280	381	1065	790
ENSG00000174365.19	350	118	212	312
ENSG00000174370.9	25	57	96	122
ENSG00000174371.16	113	139	82	147
ENSG00000174373.16	1010	449	196	790
ENSG00000174405.13	182	143	347	296
ENSG00000174428.16	270	267	493	507
ENSG00000174437.16	8564	5552	5699	14012
ENSG00000174442.11	305	532	153	661
ENSG00000174444.14	10976	49605	12586	25959
ENSG00000174446.12	307	434	206	374
ENSG00000174456.13	317	258	160	339
ENSG00000174460.3	5	5	12	16
ENSG00000174469.21	8	12	0	0
ENSG00000174482.10	55	0	20	12
ENSG00000174483.19	75	121	102	99
ENSG00000174485.15	214	418	211	293
ENSG00000174498.13	22	0	1	35
ENSG00000174500.12	1	2	3	22
ENSG00000174501.14	35	491	78	97
ENSG00000174502.18	50	86	8	81
ENSG00000174514.12	51	36	26	19
ENSG00000174516.14	141	128	72	145
ENSG00000174521.7	0	0	0	6
ENSG00000174529.7	45	28	48	67
ENSG00000174547.13	332	577	438	675
ENSG00000174564.12	16	18	19	200
ENSG00000174567.7	49	15	32	35
ENSG00000174574.15	1663	1651	1828	3893
ENSG00000174579.3	334	347	266	961
ENSG00000174586.10	32	39	35	367
ENSG00000174599.5	73	49	126	161
ENSG00000174600.13	67	11	27	28
ENSG00000174606.13	579	654	339	644
ENSG00000174607.10	64	196	215	33
ENSG00000174611.11	3	4	3	45
ENSG00000174628.16	432	190	172	258
ENSG00000174640.13	10	409	24	25
ENSG00000174652.18	1506	981	324	1678
ENSG00000174669.11	355	722	329	494
ENSG00000174672.15	227	5	40	36
ENSG00000174684.6	153	155	116	189
ENSG00000174695.9	1560	1281	1041	2783
ENSG00000174705.12	1438	1094	228	1259
ENSG00000174718.11	3258	1628	912	3136
ENSG00000174720.15	498	435	574	1040
ENSG00000174721.9	29	8	25	140
ENSG00000174738.12	562	830	892	1572
ENSG00000174740.7	12	0	0	0
ENSG00000174744.13	538	631	408	745
ENSG00000174748.20	6094	21824	15777	20378
ENSG00000174749.5	10	11	17	12
ENSG00000174775.16	268	989	291	424
ENSG00000174776.11	17	27	1	98
ENSG00000174780.16	893	937	878	1635
ENSG00000174788.9	22	30	15	51
ENSG00000174791.10	47	175	120	30
ENSG00000174796.12	175	112	131	202
ENSG00000174799.10	315	200	187	378
ENSG00000174804.3	70	225	293	173
ENSG00000174807.3	37	4	19	46
ENSG00000174808.11	65	39	239	550
ENSG00000174827.13	35	10	87	349
ENSG00000174837.14	1	2	0	7
ENSG00000174839.12	301	795	345	467
ENSG00000174840.8	331	528	694	653
ENSG00000174842.16	112	167	177	230
ENSG00000174844.14	9	50	1	5
ENSG00000174851.15	584	724	889	922
ENSG00000174871.10	59	1	20	23
ENSG00000174876.16	1	9	3	0
ENSG00000174885.12	4	0	2	2
ENSG00000174886.12	630	1044	506	682
ENSG00000174891.12	507	453	271	1238
ENSG00000174899.10	0	0	28	167
ENSG00000174903.15	2022	2359	1622	1911
ENSG00000174912.7	5	1	1	8
ENSG00000174915.11	549	594	304	799
ENSG00000174917.8	410	1122	593	416
ENSG00000174928.15	27	26	57	75
ENSG00000174938.14	1154	302	60	1067
ENSG00000174939.10	287	243	94	489
ENSG00000174943.10	308	214	236	418
ENSG00000174945.13	55	1	15	17
ENSG00000174950.10	39	60	24	36
ENSG00000174951.11	213	43	101	158
ENSG00000174953.13	910	990	1190	3172
ENSG00000174963.17	0	64	0	1
ENSG00000174977.8	12	3	4	21
ENSG00000174989.12	513	557	355	1190
ENSG00000174992.7	3	8	0	3
ENSG00000174996.11	613	525	396	949
ENSG00000175003.13	7	3	3	25
ENSG00000175029.16	2740	1146	2034	6020
ENSG00000175040.5	35	59	124	99
ENSG00000175048.16	289	47	93	188
ENSG00000175054.14	540	772	904	1847
ENSG00000175061.17	5751	7486	8398	19009
ENSG00000175063.16	667	756	664	1467
ENSG00000175066.15	646	925	893	3022
ENSG00000175073.7	714	420	374	541
ENSG00000175084.11	35	43	22	355
ENSG00000175087.9	233	358	125	175
ENSG00000175093.4	58	5	6	12
ENSG00000175097.7	11	2	2	0
ENSG00000175104.14	330	223	165	294
ENSG00000175105.6	291	521	382	188
ENSG00000175106.16	46	22	27	235
ENSG00000175110.11	287	558	599	1715
ENSG00000175115.11	1261	2140	759	1338
ENSG00000175121.11	0	0	6	11
ENSG00000175130.6	3390	3589	753	3967
ENSG00000175137.10	1260	451	796	898
ENSG00000175147.12	199	155	52	75
ENSG00000175155.8	580	1046	486	672
ENSG00000175161.13	12	1	10	0
ENSG00000175164.14	241	182	301	147
ENSG00000175166.16	5617	2530	4599	9068
ENSG00000175170.14	55	4	4	19
ENSG00000175175.5	9	6	6	3
ENSG00000175182.14	864	387	312	1240
ENSG00000175183.9	595	149	462	860
ENSG00000175189.3	1	2	2	3
ENSG00000175193.13	342	259	345	616
ENSG00000175197.12	980	370	676	2464
ENSG00000175198.16	294	604	267	329
ENSG00000175203.15	1857	1750	1247	2917
ENSG00000175213.2	265	209	162	241
ENSG00000175215.10	6252	3688	3348	9107
ENSG00000175216.14	2285	2759	1194	2165
ENSG00000175220.11	1915	1597	699	1260
ENSG00000175221.14	515	406	439	680
ENSG00000175224.16	1772	1178	1424	2206
ENSG00000175229.6	3	0	27	188
ENSG00000175264.7	275	152	14	64
ENSG00000175265.17	1135	6377	5017	1859
ENSG00000175267.14	101	143	41	30
ENSG00000175274.18	2484	2117	892	1758
ENSG00000175279.21	32	82	36	47
ENSG00000175283.7	275	280	133	418
ENSG00000175287.18	82	134	252	34
ENSG00000175294.5	4	0	10	3
ENSG00000175305.17	76	158	82	106
ENSG00000175309.14	408	990	1146	1207
ENSG00000175315.2	146	108	124	51
ENSG00000175318.11	290	158	1068	912
ENSG00000175322.11	175	86	108	419
ENSG00000175324.9	694	472	319	726
ENSG00000175334.7	1467	2391	1867	1861
ENSG00000175344.17	10	1	3	4
ENSG00000175348.10	816	591	489	959
ENSG00000175352.10	57	12	113	89
ENSG00000175354.19	752	616	1008	1625
ENSG00000175356.13	9	2	8	20
ENSG00000175376.8	419	306	446	372
ENSG00000175387.15	1475	965	483	2451
ENSG00000175390.13	1475	2872	946	3077
ENSG00000175395.15	224	74	108	220
ENSG00000175414.6	303	236	482	802
ENSG00000175416.12	691	574	1318	1470
ENSG00000175426.10	2	2	11	6
ENSG00000175445.15	11	41	4	24
ENSG00000175449.13	2	17	28	24
ENSG00000175455.14	1715	1593	822	4901
ENSG00000175463.11	23	14	6	46
ENSG00000175467.14	1285	1184	1192	1574
ENSG00000175470.19	671	316	492	1302
ENSG00000175471.19	16	22	19	15
ENSG00000175482.8	429	155	609	571
ENSG00000175489.9	61	14	31	73
ENSG00000175497.16	17	0	0	0
ENSG00000175505.10	541	258	1637	1001
ENSG00000175509.8	1	1	0	7
ENSG00000175518.6	15	3	9	25
ENSG00000175536.6	22	76	17	50
ENSG00000175538.10	58	2867	70	76
ENSG00000175544.13	5	116	43	69
ENSG00000175548.8	571	321	216	343
ENSG00000175550.7	853	960	1295	1263
ENSG00000175556.16	18	105	16	51
ENSG00000175564.12	40	70	35	22
ENSG00000175567.8	2045	3416	3634	1122
ENSG00000175573.6	315	324	297	294
ENSG00000175575.12	464	567	215	249
ENSG00000175581.13	288	540	384	355
ENSG00000175582.19	3112	3220	3033	2337
ENSG00000175591.11	120	97	185	164
ENSG00000175592.8	218	16	124	146
ENSG00000175595.14	205	97	167	325
ENSG00000175600.15	27	25	9	8
ENSG00000175602.3	295	624	649	418
ENSG00000175606.10	302	368	254	323
ENSG00000175611.11	38	70	67	36
ENSG00000175634.14	664	566	912	960
ENSG00000175643.9	132	54	46	379
ENSG00000175662.17	827	479	581	1617
ENSG00000175691.8	54	30	54	100
ENSG00000175697.10	20	21	19	56
ENSG00000175701.10	148	80	293	389
ENSG00000175707.8	280	288	208	437
ENSG00000175711.8	171	323	113	150
ENSG00000175727.13	2715	2292	3722	3378
ENSG00000175730.8	4	1	2	14
ENSG00000175741.5	2	0	5	4
ENSG00000175745.12	245	266	860	50
ENSG00000175756.13	696	1452	1743	2023
ENSG00000175764.14	40	45	21	49
ENSG00000175766.12	0	8	3	4
ENSG00000175768.12	326	643	813	490
ENSG00000175772.10	16	114	101	108
ENSG00000175773.13	6	3	2	1
ENSG00000175779.2	3	1	0	10
ENSG00000175782.9	351	366	215	556
ENSG00000175785.12	55	384	125	773
ENSG00000175787.16	100	127	184	139
ENSG00000175792.11	517	1728	609	3223
ENSG00000175793.11	510	538	631	839
ENSG00000175806.14	77	85	87	95
ENSG00000175820.3	1	2	3	1
ENSG00000175826.11	1000	1509	902	1980
ENSG00000175832.12	1555	2367	95	420
ENSG00000175854.11	172	244	156	240
ENSG00000175857.8	2	6	5	6
ENSG00000175866.15	1951	2274	1002	2685
ENSG00000175874.9	3	1	82	34
ENSG00000175877.3	4	0	5	50
ENSG00000175879.8	0	123	6	76
ENSG00000175886.10	0	5	6	8
ENSG00000175893.11	545	811	678	370
ENSG00000175894.16	3	1	5	20
ENSG00000175895.3	603	477	499	390
ENSG00000175899.14	302	383	145	684
ENSG00000175906.4	41	322	213	328
ENSG00000175920.17	1141	659	288	495
ENSG00000175928.5	366	815	235	73
ENSG00000175931.12	796	1166	415	857
ENSG00000175938.6	286	56	174	557
ENSG00000175946.8	3	0	1	4
ENSG00000175967.3	8	4	0	3
ENSG00000175970.10	1645	1178	939	1946
ENSG00000175984.14	128	35	36	81
ENSG00000175985.9	16	26	123	186
ENSG00000176014.12	1375	375	1264	5429
ENSG00000176018.12	405	318	396	506
ENSG00000176022.5	423	466	406	768
ENSG00000176024.17	89	43	62	63
ENSG00000176046.8	47	242	662	3137
ENSG00000176049.15	33	1	40	12
ENSG00000176055.9	66	225	129	146
ENSG00000176058.12	459	1365	1154	1300
ENSG00000176076.7	0	0	1	5
ENSG00000176087.14	931	2144	1354	1674
ENSG00000176092.15	626	295	210	110
ENSG00000176095.11	754	703	699	1022
ENSG00000176101.11	492	1241	713	595
ENSG00000176102.12	446	805	330	735
ENSG00000176105.13	1675	2060	1212	4435
ENSG00000176108.9	410	245	92	266
ENSG00000176124.12	36	110	86	57
ENSG00000176125.4	16	37	17	56
ENSG00000176142.12	681	463	664	1964
ENSG00000176148.15	125	104	75	199
ENSG00000176153.11	5	0	0	0
ENSG00000176155.18	585	1348	354	726
ENSG00000176170.13	45	6	77	107
ENSG00000176171.11	1157	2041	1884	1778
ENSG00000176182.5	78	76	153	98
ENSG00000176198.3	0	1	0	23
ENSG00000176204.13	51	6	24	40
ENSG00000176208.8	105	126	45	191
ENSG00000176209.11	233	478	198	353
ENSG00000176222.8	13	10	93	47
ENSG00000176225.13	155	93	49	233
ENSG00000176236.6	11	2	6	51
ENSG00000176244.6	65	35	21	117
ENSG00000176248.8	484	1137	904	965
ENSG00000176261.15	225	252	275	437
ENSG00000176273.14	76	63	86	267
ENSG00000176293.19	377	138	301	839
ENSG00000176340.3	1397	2123	2710	1985
ENSG00000176371.13	246	83	41	127
ENSG00000176381.5	1	1	2	2
ENSG00000176383.8	75	42	89	66
ENSG00000176386.8	125	106	101	113
ENSG00000176387.6	275	115	38	72
ENSG00000176390.11	229	131	155	203
ENSG00000176393.10	1083	870	921	1125
ENSG00000176396.10	183	82	251	571
ENSG00000176399.3	23	8	19	49
ENSG00000176401.5	14	22	28	83
ENSG00000176406.22	1	1	1	189
ENSG00000176407.17	1466	1029	1063	1824
ENSG00000176410.7	236	215	352	370
ENSG00000176422.13	389	438	434	1081
ENSG00000176428.5	222	63	109	288
ENSG00000176438.12	52	164	105	248
ENSG00000176444.18	1732	1221	1760	2554
ENSG00000176454.13	630	855	967	631
ENSG00000176463.13	1857	269	1277	1491
ENSG00000176472.10	3	10	19	9
ENSG00000176473.13	116	64	112	231
ENSG00000176476.8	169	157	169	211
ENSG00000176485.11	153	888	738	1069
ENSG00000176490.4	10	4	17	117
ENSG00000176531.10	379	118	200	157
ENSG00000176532.3	254	350	125	256
ENSG00000176533.12	11	9	74	134
ENSG00000176542.9	401	265	301	704
ENSG00000176563.9	46	41	41	26
ENSG00000176593.7	309	77	279	1293
ENSG00000176595.3	4	0	64	3
ENSG00000176597.11	794	272	359	799
ENSG00000176601.12	4	41	0	0
ENSG00000176619.12	1196	1529	903	2534
ENSG00000176623.11	687	606	388	478
ENSG00000176624.10	1176	353	313	1419
ENSG00000176641.10	576	157	71	109
ENSG00000176658.16	1174	879	773	1387
ENSG00000176681.14	52	6	26	13
ENSG00000176697.18	21	26	10	8
ENSG00000176700.20	221	202	209	348
ENSG00000176714.9	115	35	30	49
ENSG00000176715.16	296	363	326	780
ENSG00000176720.5	579	469	392	387
ENSG00000176723.9	20	5	1	24
ENSG00000176731.11	799	847	586	731
ENSG00000176732.6	10	0	7	16
ENSG00000176749.8	144	39	7	66
ENSG00000176753.5	5	11	12	18
ENSG00000176771.16	15	84	7	41
ENSG00000176783.14	620	845	649	1214
ENSG00000176788.8	924	121	45	511
ENSG00000176809.10	172	192	62	660
ENSG00000176826.15	22	27	6	48
ENSG00000176834.13	997	619	446	1118
ENSG00000176842.14	9	10	15	3
ENSG00000176845.12	992	367	463	1029
ENSG00000176853.15	2578	2505	3368	2166
ENSG00000176855.11	1	3	1	1
ENSG00000176868.2	124	143	102	43
ENSG00000176871.8	1256	794	927	2053
ENSG00000176884.14	4	0	104	0
ENSG00000176887.6	1453	3	5	894
ENSG00000176890.15	280	917	377	1372
ENSG00000176894.9	63	174	148	251
ENSG00000176896.8	26	20	32	46
ENSG00000176903.4	1469	1148	974	3324
ENSG00000176907.4	1881	1404	33	72
ENSG00000176909.11	121	18	35	223
ENSG00000176912.3	3	11	13	42
ENSG00000176915.14	4238	2334	3638	3289
ENSG00000176919.12	2	1	4	15
ENSG00000176920.11	158	299	87	76
ENSG00000176927.15	2	2	0	0
ENSG00000176928.5	9	5	1	2
ENSG00000176933.5	13	3	2	19
ENSG00000176945.16	2897	1170	1327	1589
ENSG00000176946.11	688	755	423	1002
ENSG00000176953.12	1271	647	1121	1578
ENSG00000176956.12	1	7	5	3
ENSG00000176971.3	8	4	20	165
ENSG00000176973.7	273	185	296	310
ENSG00000176974.19	373	778	847	1469
ENSG00000176978.13	96	1921	1224	1718
ENSG00000176984.6	3	0	4	3
ENSG00000176986.15	2954	1044	3058	6430
ENSG00000176994.10	896	375	379	1225
ENSG00000176998.4	0	0	8	42
ENSG00000177000.12	788	682	1824	2557
ENSG00000177025.3	14	2	5	33
ENSG00000177030.16	551	554	230	628
ENSG00000177034.15	784	877	172	1150
ENSG00000177042.14	208	281	434	638
ENSG00000177045.8	366	237	253	676
ENSG00000177051.5	532	272	270	389
ENSG00000177054.13	1295	955	446	1346
ENSG00000177058.11	464	151	262	506
ENSG00000177076.5	79	286	43	54
ENSG00000177082.12	954	561	671	1662
ENSG00000177084.16	1075	1577	908	1849
ENSG00000177096.8	334	4	177	308
ENSG00000177098.8	3	7	5	50
ENSG00000177103.13	33	13	33	177
ENSG00000177105.9	413	387	242	679
ENSG00000177106.15	5119	6313	4756	3632
ENSG00000177108.5	0	7	0	4
ENSG00000177112.7	1	0	0	4
ENSG00000177119.15	1753	1064	580	1529
ENSG00000177125.5	604	283	118	268
ENSG00000177133.10	4	4	1	46
ENSG00000177150.12	260	280	308	848
ENSG00000177156.10	1836	1489	1545	2123
ENSG00000177169.9	1979	796	1583	2473
ENSG00000177173.5	2	1	3	8
ENSG00000177181.14	38	290	92	84
ENSG00000177182.10	45	2	4	5
ENSG00000177189.13	759	1359	753	1003
ENSG00000177191.2	113	19	9	79
ENSG00000177192.13	559	649	899	1408
ENSG00000177197.7	1	1	0	7
ENSG00000177200.17	909	434	670	728
ENSG00000177225.16	1212	1954	1321	2456
ENSG00000177238.13	1	2	2	7
ENSG00000177239.14	890	2028	909	936
ENSG00000177283.7	331	153	27	35
ENSG00000177291.3	1	0	2	5
ENSG00000177294.6	1	1	1	8
ENSG00000177300.6	68	7	4	23
ENSG00000177301.14	0	1	4	8
ENSG00000177302.14	359	246	257	577
ENSG00000177303.9	1329	233	882	1418
ENSG00000177311.11	846	688	1204	2936
ENSG00000177335.10	27	72	68	104
ENSG00000177337.7	181	72	89	401
ENSG00000177340.5	6	5	1	7
ENSG00000177352.9	247	235	167	376
ENSG00000177359.20	30	8	5	8
ENSG00000177363.4	1	3	0	27
ENSG00000177370.4	243	235	214	474
ENSG00000177374.12	47	28	69	73
ENSG00000177380.13	232	120	303	171
ENSG00000177383.4	2477	723	991	3122
ENSG00000177398.18	0	0	0	15
ENSG00000177406.4	205	205	172	608
ENSG00000177409.11	162	113	332	472
ENSG00000177410.12	2830	1075	3752	2682
ENSG00000177425.10	2179	1613	993	2245
ENSG00000177426.20	1503	1181	1018	3123
ENSG00000177427.12	566	168	270	611
ENSG00000177432.7	50	0	0	78
ENSG00000177453.7	1	1	4	3
ENSG00000177455.12	9	2	2	21
ENSG00000177459.10	50	102	3	117
ENSG00000177463.15	853	1144	1004	1050
ENSG00000177465.4	34	47	51	70
ENSG00000177469.12	1927	626	1205	5697
ENSG00000177479.19	789	1450	1470	1733
ENSG00000177483.11	25	24	67	20
ENSG00000177485.6	429	512	288	766
ENSG00000177494.5	553	684	935	3348
ENSG00000177508.11	35	48	113	21
ENSG00000177519.3	14	137	8	23
ENSG00000177542.10	592	625	519	937
ENSG00000177548.12	447	300	510	613
ENSG00000177556.11	257	297	848	550
ENSG00000177565.16	9895	4125	4116	5773
ENSG00000177570.14	1296	1926	450	758
ENSG00000177575.12	1338	552	865	669
ENSG00000177576.11	222	116	91	297
ENSG00000177595.17	288	260	217	620
ENSG00000177599.12	16	10	39	23
ENSG00000177600.8	5833	12463	7790	19930
ENSG00000177602.5	63	38	21	125
ENSG00000177606.6	3413	6201	3505	9828
ENSG00000177613.8	680	329	360	768
ENSG00000177614.10	95	116	4	30
ENSG00000177628.15	987	358	561	1234
ENSG00000177640.15	75	91	40	89
ENSG00000177646.18	448	686	559	3001
ENSG00000177663.13	592	251	521	989
ENSG00000177666.16	3041	1136	2420	4991
ENSG00000177674.15	450	798	472	876
ENSG00000177675.8	55	12	3	14
ENSG00000177679.15	22	9	24	58
ENSG00000177683.13	376	214	265	351
ENSG00000177685.16	551	371	475	547
ENSG00000177688.6	0	0	1	1
ENSG00000177692.11	24	27	35	18
ENSG00000177694.15	736	61	109	45
ENSG00000177697.18	6510	5361	4006	8257
ENSG00000177700.5	459	939	1189	1723
ENSG00000177706.8	1024	455	1245	916
ENSG00000177707.10	383	739	138	567
ENSG00000177721.4	1	6	10	36
ENSG00000177725.5	5	0	0	1
ENSG00000177728.16	2357	1084	764	2020
ENSG00000177731.15	3152	2040	2491	5855
ENSG00000177732.8	1919	2082	1259	3039
ENSG00000177733.6	4430	3979	2971	6242
ENSG00000177738.3	4	30	29	51
ENSG00000177788.5	20	8	19	14
ENSG00000177791.11	46	0	6	47
ENSG00000177807.9	5	1	6	21
ENSG00000177822.7	3	0	19	0
ENSG00000177830.17	869	1371	578	1029
ENSG00000177839.6	59	14	50	35
ENSG00000177842.12	92	71	56	77
ENSG00000177853.14	684	309	405	1189
ENSG00000177854.7	142	185	64	238
ENSG00000177855.8	16	11	14	28
ENSG00000177868.11	183	99	162	204
ENSG00000177873.12	51	132	47	103
ENSG00000177875.4	7	9	42	12
ENSG00000177879.15	674	605	284	1066
ENSG00000177885.14	2887	1631	1176	3617
ENSG00000177888.7	905	307	515	334
ENSG00000177889.9	1387	1205	941	2064
ENSG00000177910.7	9	0	0	0
ENSG00000177917.10	535	432	286	392
ENSG00000177932.6	335	254	170	302
ENSG00000177943.13	150	282	90	234
ENSG00000177946.6	185	49	67	223
ENSG00000177951.17	1102	1020	563	1660
ENSG00000177954.12	11022	15596	14344	33390
ENSG00000177963.14	1790	1612	1224	2676
ENSG00000177971.8	383	258	335	651
ENSG00000177981.10	462	249	336	502
ENSG00000177989.13	138	58	68	467
ENSG00000177990.11	25	8	0	26
ENSG00000177994.15	9	0	2	4
ENSG00000178015.4	0	3	0	5
ENSG00000178026.12	45	10	100	144
ENSG00000178028.13	1237	772	2010	2626
ENSG00000178031.16	4	4	8	11
ENSG00000178033.5	4	1	2	15
ENSG00000178035.11	1013	5661	2238	3119
ENSG00000178038.16	2003	3314	5877	5341
ENSG00000178053.17	1115	979	913	3215
ENSG00000178055.11	2	0	0	8
ENSG00000178057.14	256	896	911	659
ENSG00000178074.5	453	277	408	549
ENSG00000178075.19	476	189	225	780
ENSG00000178078.11	376	156	136	374
ENSG00000178082.6	8	8	12	5
ENSG00000178093.13	34	19	7	45
ENSG00000178096.8	155	71	114	214
ENSG00000178104.19	2618	612	1470	4961
ENSG00000178105.10	310	640	398	370
ENSG00000178115.11	4	3	1	3
ENSG00000178125.14	3	14	0	1
ENSG00000178127.12	267	330	420	810
ENSG00000178149.16	372	528	419	473
ENSG00000178150.9	3	12	14	27
ENSG00000178162.8	2	4	85	127
ENSG00000178163.7	867	361	275	250
ENSG00000178177.15	128	160	97	138
ENSG00000178184.15	214	65	24	67
ENSG00000178187.7	107	28	76	65
ENSG00000178188.14	1135	1070	1265	2287
ENSG00000178199.13	25	7	12	17
ENSG00000178201.4	36	13	28	179
ENSG00000178202.12	316	933	163	417
ENSG00000178209.15	17792	27741	37740	12640
ENSG00000178217.14	6	14	1	3
ENSG00000178222.12	20	1	242	0
ENSG00000178226.10	16	9	14	39
ENSG00000178229.7	129	69	66	280
ENSG00000178233.17	1	6	2	7
ENSG00000178234.12	484	443	469	1228
ENSG00000178252.17	2529	7356	4994	5261
ENSG00000178287.18	0	1	2	0
ENSG00000178295.14	703	757	366	794
ENSG00000178297.13	11	6	18	49
ENSG00000178301.3	15	23	28	20
ENSG00000178307.9	282	179	194	506
ENSG00000178338.10	172	264	196	293
ENSG00000178342.4	4	0	1	0
ENSG00000178343.4	0	3	1	2
ENSG00000178372.7	1041	41	12	6
ENSG00000178381.11	249	84	261	723
ENSG00000178385.14	450	236	248	412
ENSG00000178386.12	13	1	58	58
ENSG00000178397.12	332	88	192	447
ENSG00000178401.15	196	246	77	250
ENSG00000178404.9	2	0	1	12
ENSG00000178409.13	348	155	105	592
ENSG00000178425.13	275	449	434	406
ENSG00000178429.9	7	19	18	32
ENSG00000178440.5	0	0	2	4
ENSG00000178445.9	246	271	1700	729
ENSG00000178449.8	355	423	261	579
ENSG00000178458.5	14	16	12	11
ENSG00000178460.17	19	1	8	20
ENSG00000178462.11	0	1	0	19
ENSG00000178464.6	33	259	146	137
ENSG00000178467.17	659	894	1079	1384
ENSG00000178498.15	442	585	370	2750
ENSG00000178502.5	60	86	22	59
ENSG00000178531.5	2825	1240	601	2331
ENSG00000178537.9	94	5	287	181
ENSG00000178538.9	61	35	4	98
ENSG00000178562.17	50	7	9	24
ENSG00000178567.7	519	323	1237	610
ENSG00000178568.14	836	196	88	594
ENSG00000178573.6	59	95	28	223
ENSG00000178585.14	469	480	232	619
ENSG00000178597.6	2	3	0	23
ENSG00000178607.15	603	190	212	445
ENSG00000178623.11	75	73	6	242
ENSG00000178631.7	9	7	7	26
ENSG00000178636.8	4	3	0	0
ENSG00000178660.6	4	3	1	1
ENSG00000178662.15	140	46	145	111
ENSG00000178665.15	205	118	69	239
ENSG00000178685.13	1164	3323	3350	2248
ENSG00000178691.10	1232	694	497	1726
ENSG00000178694.9	176	142	155	388
ENSG00000178695.5	3813	5288	1671	695
ENSG00000178700.7	163	142	143	317
ENSG00000178715.8	0	2	1	15
ENSG00000178718.6	307	20	384	265
ENSG00000178719.16	3096	7317	5030	3309
ENSG00000178726.6	258	105	63	181
ENSG00000178732.5	6	0	1	2
ENSG00000178741.11	976	1164	1316	1826
ENSG00000178750.2	56	2	12	53
ENSG00000178752.15	154	19	27	197
ENSG00000178761.14	742	479	502	928
ENSG00000178764.7	1851	783	1733	2220
ENSG00000178773.14	18	545	12	84
ENSG00000178789.8	9	3	15	15
ENSG00000178802.17	324	665	346	699
ENSG00000178809.11	0	22	7	17
ENSG00000178814.16	855	1705	942	141
ENSG00000178821.12	17	24	28	12
ENSG00000178826.10	882	191	2109	3124
ENSG00000178852.15	94	73	45	101
ENSG00000178860.8	5	0	3	2
ENSG00000178878.12	150	88	40	290
ENSG00000178882.14	8	5	4	8
ENSG00000178896.8	233	842	832	376
ENSG00000178904.18	422	693	505	794
ENSG00000178913.7	1634	1304	2854	3816
ENSG00000178917.16	46	38	64	59
ENSG00000178919.8	1	0	14	34
ENSG00000178921.13	611	778	599	1443
ENSG00000178922.16	518	449	717	1114
ENSG00000178927.17	1645	888	598	1936
ENSG00000178934.4	60	0	9	49
ENSG00000178935.5	202	183	112	493
ENSG00000178947.8	90	158	182	509
ENSG00000178950.16	1573	2239	711	2167
ENSG00000178951.8	554	439	592	981
ENSG00000178952.10	1934	2228	2873	4024
ENSG00000178965.13	7	50	2	0
ENSG00000178966.16	136	221	89	193
ENSG00000178971.14	549	202	295	834
ENSG00000178974.9	788	965	511	919
ENSG00000178977.3	5	6	4	35
ENSG00000178980.14	1447	657	1283	775
ENSG00000178982.9	993	1130	2417	5424
ENSG00000178988.10	849	992	467	966
ENSG00000178996.13	1097	629	628	1156
ENSG00000178997.11	4	4	2	2
ENSG00000178999.12	128	206	84	632
ENSG00000179010.14	2986	5090	2095	4395
ENSG00000179021.9	290	150	205	199
ENSG00000179023.8	0	162	17	26
ENSG00000179029.14	118	40	62	192
ENSG00000179041.3	580	618	564	956
ENSG00000179044.15	11	1	5	27
ENSG00000179051.13	3288	4750	3376	6928
ENSG00000179057.13	0	2	0	5
ENSG00000179058.6	1	7	2	2
ENSG00000179059.9	97	1	93	101
ENSG00000179066.8	0	5	1	7
ENSG00000179071.4	28	24	54	53
ENSG00000179082.3	20	2	21	34
ENSG00000179083.6	0	0	3	111
ENSG00000179085.7	253	536	467	590
ENSG00000179088.14	5	1	0	1
ENSG00000179091.4	1482	7700	5925	2009
ENSG00000179094.15	722	604	301	1562
ENSG00000179097.5	1	46	0	0
ENSG00000179104.8	903	1273	268	358
ENSG00000179111.8	0	0	0	9
ENSG00000179115.10	781	6445	1266	2079
ENSG00000179119.14	887	656	529	978
ENSG00000179133.13	37	8	5	129
ENSG00000179134.15	2109	785	2255	5415
ENSG00000179141.9	3	5	1	7
ENSG00000179144.4	4	6	7	2
ENSG00000179148.9	11	0	27	39
ENSG00000179151.12	737	438	413	1329
ENSG00000179152.19	318	401	487	270
ENSG00000179163.11	443	277	353	878
ENSG00000179168.14	45	3	13	7
ENSG00000179178.10	438	357	792	1152
ENSG00000179195.15	7070	4772	7344	9783
ENSG00000179218.13	17864	20674	23081	56071
ENSG00000179222.17	1183	890	1568	5213
ENSG00000179240.9	85	169	141	65
ENSG00000179241.12	233	389	286	482
ENSG00000179242.15	6	4	1	2
ENSG00000179262.9	1083	8075	1528	3490
ENSG00000179271.2	412	2890	953	1597
ENSG00000179277.9	58	21	13	117
ENSG00000179284.5	0	5	1	9
ENSG00000179292.4	9	2	28	70
ENSG00000179295.17	3720	2650	3085	4492
ENSG00000179299.16	131	120	90	194
ENSG00000179304.16	1	7	1	2
ENSG00000179314.14	22	0	8	1
ENSG00000179331.2	6	2	14	2
ENSG00000179335.18	784	519	766	1319
ENSG00000179344.16	118	104	65	480
ENSG00000179348.11	76	68	127	314
ENSG00000179361.17	264	66	50	321
ENSG00000179362.14	0	7	2	9
ENSG00000179363.6	1	1	0	0
ENSG00000179364.13	1401	1628	1576	2909
ENSG00000179387.9	419	242	353	462
ENSG00000179388.8	203	61	63	85
ENSG00000179397.17	27	5	17	29
ENSG00000179399.14	2	1	5	1
ENSG00000179403.11	1846	2865	4536	2720
ENSG00000179406.7	356	277	181	411
ENSG00000179409.10	377	318	309	643
ENSG00000179428.2	4	0	0	0
ENSG00000179431.6	241	430	286	644
ENSG00000179454.13	294	228	226	293
ENSG00000179455.8	145	77	80	182
ENSG00000179456.10	34	7	182	34
ENSG00000179476.7	58	35	45	119
ENSG00000179477.10	1	3	3	9
ENSG00000179520.10	1	0	0	6
ENSG00000179523.4	138	105	113	153
ENSG00000179526.16	723	1325	1740	1064
ENSG00000179528.15	107	16	12	6
ENSG00000179532.12	269	1196	357	982
ENSG00000179542.15	10	51	8	4
ENSG00000179546.4	4	1	0	3
ENSG00000179562.2	499	137	287	757
ENSG00000179564.3	6	29	14	16
ENSG00000179583.19	118	864	517	1582
ENSG00000179588.8	42	37	69	118
ENSG00000179593.15	7	23	0	44
ENSG00000179598.5	100	103	55	107
ENSG00000179603.17	0	0	0	4
ENSG00000179604.9	2125	2052	714	1575
ENSG00000179611.3	6	12	4	11
ENSG00000179627.9	461	346	342	482
ENSG00000179630.10	132	13	214	91
ENSG00000179632.9	1480	4101	3545	2371
ENSG00000179674.3	6	11	1	4
ENSG00000179698.13	64	265	73	399
ENSG00000179715.12	49	37	8	13
ENSG00000179743.4	55	48	26	83
ENSG00000179750.15	151	252	57	492
ENSG00000179761.11	44	23	32	111
ENSG00000179766.19	2	2	16	3
ENSG00000179772.7	18	4	64	97
ENSG00000179774.8	3	2	2	14
ENSG00000179776.18	46	68	29	21
ENSG00000179796.12	131	1	0	0
ENSG00000179799.9	2	15	1	4
ENSG00000179813.6	3	29	0	0
ENSG00000179818.13	674	687	525	602
ENSG00000179820.15	5756	2442	6864	9216
ENSG00000179832.17	2474	5512	3469	3099
ENSG00000179833.4	1094	435	536	890
ENSG00000179841.8	34	27	24	22
ENSG00000179846.9	19	10	13	17
ENSG00000179855.6	8	1	4	15
ENSG00000179859.9	292	101	91	235
ENSG00000179862.6	332	357	87	1201
ENSG00000179869.14	166	162	8	84
ENSG00000179873.14	0	0	1	7
ENSG00000179886.5	254	724	373	475
ENSG00000179889.18	2984	1890	3090	3572
ENSG00000179899.8	86	48	25	135
ENSG00000179902.12	64	23	3	3
ENSG00000179909.15	3	8	3	7
ENSG00000179912.20	1255	731	455	925
ENSG00000179913.10	702	581	896	619
ENSG00000179914.4	2	23	0	1
ENSG00000179918.18	2206	459	892	2761
ENSG00000179921.14	6	2	3	5
ENSG00000179922.5	187	166	131	543
ENSG00000179930.5	3	8	0	3
ENSG00000179933.5	521	531	396	680
ENSG00000179935.9	0	0	0	64
ENSG00000179941.7	406	235	228	450
ENSG00000179943.7	373	164	218	1391
ENSG00000179950.13	3251	4701	5417	3595
ENSG00000179954.15	25	6	119	76
ENSG00000179958.8	928	624	515	788
ENSG00000179965.11	127	60	113	215
ENSG00000179967.11	8	8	13	6
ENSG00000179978.11	62	31	25	38
ENSG00000179981.10	438	446	247	296
ENSG00000179988.14	80	28	200	134
ENSG00000180008.8	500	514	332	1013
ENSG00000180011.6	292	353	211	323
ENSG00000180015.12	3	1	3	7
ENSG00000180035.12	520	165	210	422
ENSG00000180044.5	0	14	7	4
ENSG00000180061.9	3	1	1	5
ENSG00000180066.9	6	29	17	7
ENSG00000180071.19	5	65	113	4
ENSG00000180089.5	35	9	20	79
ENSG00000180096.11	46	10	19	11
ENSG00000180098.9	373	334	271	284
ENSG00000180104.15	772	1858	1783	2049
ENSG00000180113.15	60	60	9	18
ENSG00000180155.19	380	792	382	180
ENSG00000180176.14	17	9	10	26
ENSG00000180178.10	487	1472	1014	437
ENSG00000180182.10	526	741	477	781
ENSG00000180185.11	426	209	469	575
ENSG00000180190.11	308	609	305	341
ENSG00000180198.16	795	1902	796	1184
ENSG00000180209.11	74	35	41	19
ENSG00000180211.5	3	42	3	22
ENSG00000180228.12	914	645	345	651
ENSG00000180229.12	14	263	35	67
ENSG00000180233.10	347	340	213	734
ENSG00000180245.4	2	3	2	1
ENSG00000180251.4	119	67	2121	55
ENSG00000180257.13	180	38	82	72
ENSG00000180263.13	385	176	87	510
ENSG00000180264.11	0	6	0	6
ENSG00000180279.6	7	3	1	2
ENSG00000180304.14	1074	1358	887	1756
ENSG00000180318.3	0	4	2	0
ENSG00000180329.13	601	523	207	554
ENSG00000180336.17	45	4	4	9
ENSG00000180340.6	172	198	18	157
ENSG00000180346.3	112	57	51	160
ENSG00000180353.10	520	96	130	599
ENSG00000180354.15	626	1272	264	1291
ENSG00000180357.9	1312	1642	404	1432
ENSG00000180370.10	4611	1348	1865	5055
ENSG00000180376.16	178	313	376	387
ENSG00000180385.8	47	62	37	354
ENSG00000180398.12	2742	1180	1481	2406
ENSG00000180423.4	62	53	65	49
ENSG00000180425.11	91	220	168	191
ENSG00000180432.5	1	1	3	1
ENSG00000180438.15	5	4	1	25
ENSG00000180440.3	22	9	172	44
ENSG00000180447.6	1760	152	139	440
ENSG00000180448.10	154	227	213	140
ENSG00000180458.2	12	0	16	2
ENSG00000180479.13	91	22	85	95
ENSG00000180481.10	24	19	5	17
ENSG00000180488.15	624	613	863	661
ENSG00000180509.11	4	25	6	4
ENSG00000180525.11	21	1	1	49
ENSG00000180530.10	1498	576	1011	757
ENSG00000180535.3	10	4	18	71
ENSG00000180537.12	246	6	47	20
ENSG00000180539.7	2	0	1	0
ENSG00000180543.4	2100	2	691	2244
ENSG00000180549.7	0	0	0	5
ENSG00000180573.9	323	1106	1122	2464
ENSG00000180574.3	2	11	7	13
ENSG00000180581.7	3	2	0	2
ENSG00000180592.16	44	2	60	363
ENSG00000180596.7	5	157	47	318
ENSG00000180611.6	402	77	38	775
ENSG00000180616.8	1	0	4	6
ENSG00000180626.9	132	65	99	459
ENSG00000180628.14	680	355	892	2087
ENSG00000180638.17	31	21	42	456
ENSG00000180644.7	9	1	5	5
ENSG00000180667.10	491	156	666	563
ENSG00000180673.9	1	2	1	3
ENSG00000180694.13	161	962	279	414
ENSG00000180712.3	3	3	5	3
ENSG00000180720.7	1	2	0	2
ENSG00000180730.4	2	0	2	5
ENSG00000180739.13	3	0	0	6
ENSG00000180747.15	162	66	50	160
ENSG00000180758.11	155	665	286	356
ENSG00000180764.13	11	9	8	20
ENSG00000180767.9	2	1	6	49
ENSG00000180769.8	10	15	19	18
ENSG00000180773.14	123	321	126	180
ENSG00000180776.15	1874	1078	2043	3514
ENSG00000180777.13	2	0	2	27
ENSG00000180787.5	308	230	145	258
ENSG00000180801.13	27	260	16	66
ENSG00000180806.4	1	23	1	3
ENSG00000180815.14	6	19	13	3
ENSG00000180817.11	2718	2296	1847	4145
ENSG00000180818.4	2	105	0	0
ENSG00000180822.11	120	156	242	340
ENSG00000180834.7	20	19	2	9
ENSG00000180855.15	64	158	67	39
ENSG00000180861.9	11	403	26	0
ENSG00000180867.11	74	64	84	215
ENSG00000180869.4	1	0	3	2
ENSG00000180875.4	5	0	0	2
ENSG00000180879.13	555	2323	2655	2576
ENSG00000180881.19	53	47	32	61
ENSG00000180884.9	65	56	22	109
ENSG00000180891.12	1100	1084	973	2443
ENSG00000180900.18	3700	5606	5411	5528
ENSG00000180901.10	805	890	241	544
ENSG00000180902.17	434	1342	594	2659
ENSG00000180914.10	449	55	1528	6025
ENSG00000180917.17	324	230	319	337
ENSG00000180921.6	4707	5449	4292	3814
ENSG00000180929.5	3	2	3	1
ENSG00000180934.6	0	0	0	2
ENSG00000180938.5	12	113	44	95
ENSG00000180953.11	55	18	31	117
ENSG00000180957.17	723	984	921	1790
ENSG00000180964.16	375	431	194	1531
ENSG00000180979.9	371	256	185	443
ENSG00000180992.6	483	1117	447	715
ENSG00000180998.11	485	132	154	224
ENSG00000180999.10	12	0	0	1
ENSG00000181004.9	50	38	39	101
ENSG00000181007.8	106	88	107	249
ENSG00000181016.9	50	35	68	100
ENSG00000181019.12	1335	254	572	735
ENSG00000181026.14	168	126	141	465
ENSG00000181027.10	316	195	83	421
ENSG00000181029.8	114	201	86	316
ENSG00000181031.15	93	65	160	226
ENSG00000181035.13	136	110	169	683
ENSG00000181036.13	1	2	3	1
ENSG00000181038.13	287	295	174	318
ENSG00000181045.14	1108	536	329	1072
ENSG00000181061.13	678	837	1830	981
ENSG00000181085.14	989	4300	1905	695
ENSG00000181090.20	1276	1332	991	1345
ENSG00000181097.5	39	99	26	55
ENSG00000181104.6	498	121	145	100
ENSG00000181126.13	66	1	55	942
ENSG00000181135.15	505	635	688	577
ENSG00000181143.15	29583	32012	9938	40404
ENSG00000181163.13	6223	18500	12386	15269
ENSG00000181191.11	287	313	161	711
ENSG00000181192.11	1069	345	655	1842
ENSG00000181195.10	36	0	0	7
ENSG00000181218.5	173	525	181	486
ENSG00000181220.16	536	178	389	628
ENSG00000181222.15	3714	4045	2885	3808
ENSG00000181227.3	1	4	3	2
ENSG00000181234.9	323	52	363	806
ENSG00000181240.13	7	33	4	3
ENSG00000181264.8	196	141	278	334
ENSG00000181274.6	298	267	225	857
ENSG00000181284.2	233	332	184	412
ENSG00000181291.7	4	0	0	39
ENSG00000181315.10	327	86	268	339
ENSG00000181322.13	4	26	3	14
ENSG00000181323.7	0	0	1	12
ENSG00000181333.11	1	0	10	6
ENSG00000181350.11	114	104	125	376
ENSG00000181355.21	0	4	4	16
ENSG00000181359.5	0	1	1	3
ENSG00000181374.7	0	0	0	0
ENSG00000181378.13	7	3	2	10
ENSG00000181381.13	232	68	147	312
ENSG00000181392.15	162	149	524	953
ENSG00000181396.12	576	911	287	769
ENSG00000181404.16	206	241	161	120
ENSG00000181408.3	0	0	0	22
ENSG00000181409.12	283	10	781	162
ENSG00000181418.7	9	4	5	26
ENSG00000181433.9	0	0	0	324
ENSG00000181444.12	442	209	512	858
ENSG00000181449.3	3	18	217	388
ENSG00000181450.17	359	137	147	173
ENSG00000181458.10	186	143	78	1062
ENSG00000181467.4	615	620	268	1140
ENSG00000181472.4	342	165	169	624
ENSG00000181481.13	267	116	137	451
ENSG00000181513.14	254	357	248	698
ENSG00000181523.12	987	755	423	1189
ENSG00000181524.6	9	54	47	73
ENSG00000181544.14	13	23	11	25
ENSG00000181555.20	998	1679	1513	1685
ENSG00000181577.15	42	4462	7	57
ENSG00000181585.4	15	16	34	102
ENSG00000181588.16	570	227	249	641
ENSG00000181610.12	695	889	689	868
ENSG00000181619.11	43	90	90	165
ENSG00000181625.17	3	1	4	1
ENSG00000181626.11	1	0	3	20
ENSG00000181631.6	0	1	1	3
ENSG00000181634.7	179	104	23	132
ENSG00000181638.17	151	273	165	253
ENSG00000181649.6	218	391	131	106
ENSG00000181652.19	1529	38	188	389
ENSG00000181666.17	540	240	640	1421
ENSG00000181690.7	638	6	429	503
ENSG00000181704.11	667	1085	687	1637
ENSG00000181722.16	19	6	4	56
ENSG00000181744.8	301	665	351	623
ENSG00000181751.9	250	641	192	325
ENSG00000181754.6	80	97	41	180
ENSG00000181773.6	26	36	41	27
ENSG00000181778.4	3	2	3	0
ENSG00000181788.3	344	302	335	1233
ENSG00000181789.14	2532	2420	2645	10073
ENSG00000181790.11	13	52	30	25
ENSG00000181798.2	14	17	12	11
ENSG00000181804.14	18	2	27	50
ENSG00000181817.5	156	425	192	441
ENSG00000181826.9	54	65	34	116
ENSG00000181827.14	258	1017	370	569
ENSG00000181830.8	865	643	442	764
ENSG00000181847.11	1	0	0	11
ENSG00000181852.17	1287	800	721	1799
ENSG00000181856.14	13	22	8	45
ENSG00000181873.12	413	272	392	508
ENSG00000181885.18	4124	5185	3702	7806
ENSG00000181894.14	265	46	188	932
ENSG00000181896.11	154	133	124	177
ENSG00000181904.8	1040	1372	1023	1535
ENSG00000181908.5	2	0	2	9
ENSG00000181915.4	383	192	268	919
ENSG00000181924.6	565	1398	789	595
ENSG00000181929.12	1021	815	564	1126
ENSG00000181938.13	52	93	36	200
ENSG00000181982.18	275	248	144	247
ENSG00000181991.15	271	194	198	447
ENSG00000182004.12	1361	1076	1030	1196
ENSG00000182010.10	138	119	125	384
ENSG00000182013.17	538	241	385	938
ENSG00000182022.17	593	495	1537	2463
ENSG00000182040.8	2	0	6	24
ENSG00000182054.9	2157	660	652	3077
ENSG00000182057.4	3	4	9	15
ENSG00000182087.13	1660	1326	3306	3894
ENSG00000182093.15	277	287	229	210
ENSG00000182095.14	3989	999	2424	6216
ENSG00000182103.4	0	4	0	0
ENSG00000182107.6	661	90	877	508
ENSG00000182108.10	422	193	472	618
ENSG00000182111.8	3	0	4	0
ENSG00000182117.5	570	720	880	806
ENSG00000182118.7	66	35	27	20
ENSG00000182132.13	10	30	4	5
ENSG00000182134.15	455	248	361	630
ENSG00000182141.10	234	128	128	277
ENSG00000182149.20	2109	1037	1798	2139
ENSG00000182150.15	296	180	173	134
ENSG00000182154.7	339	772	988	821
ENSG00000182158.14	1963	272	1564	2519
ENSG00000182165.17	68	47	242	105
ENSG00000182168.14	95	5	23	4
ENSG00000182173.12	497	450	382	1006
ENSG00000182175.14	624	55	67	483
ENSG00000182179.12	243	638	931	1177
ENSG00000182180.13	1341	696	1187	3855
ENSG00000182185.18	52	56	57	104
ENSG00000182195.7	283	1045	1574	953
ENSG00000182196.13	130	96	172	297
ENSG00000182197.11	1391	1319	417	1110
ENSG00000182199.10	2344	5683	2215	4394
ENSG00000182208.13	497	519	259	583
ENSG00000182218.9	21	6	41	119
ENSG00000182220.14	1330	1534	1529	1695
ENSG00000182224.11	46	88	46	120
ENSG00000182230.12	4	1	1	4
ENSG00000182240.15	1156	1038	452	967
ENSG00000182247.9	218	596	806	785
ENSG00000182253.14	81	35	278	144
ENSG00000182256.12	3	26	65	0
ENSG00000182257.7	2	0	5	4
ENSG00000182263.13	349	180	487	259
ENSG00000182264.8	11	1	1	8
ENSG00000182272.11	1013	2385	642	2187
ENSG00000182287.14	258	240	97	321
ENSG00000182307.13	1068	3092	1456	1168
ENSG00000182308.6	21	34	18	19
ENSG00000182310.14	188	208	232	198
ENSG00000182318.5	68	52	49	269
ENSG00000182324.6	53	26	23	160
ENSG00000182325.10	487	1142	1177	848
ENSG00000182326.14	364	197	253	5091
ENSG00000182359.14	81	103	111	48
ENSG00000182362.13	27	441	90	182
ENSG00000182372.9	652	703	270	306
ENSG00000182379.9	137	818	321	442
ENSG00000182389.19	10	19	35	21
ENSG00000182393.2	1	0	0	0
ENSG00000182400.14	424	436	566	1093
ENSG00000182405.5	31	58	80	89
ENSG00000182446.13	2284	1543	1543	3004
ENSG00000182459.4	8	3	5	11
ENSG00000182463.15	112	116	484	697
ENSG00000182472.8	266	63	184	570
ENSG00000182473.21	4392	2698	1419	3775
ENSG00000182481.8	1717	1257	522	3459
ENSG00000182487.12	3	1	4	5
ENSG00000182489.8	2	27	1	14
ENSG00000182492.15	47	190	281	153
ENSG00000182504.10	289	263	178	806
ENSG00000182508.13	2	3	2	6
ENSG00000182511.11	235	57	47	366
ENSG00000182512.4	347	769	655	1010
ENSG00000182518.13	82	190	103	198
ENSG00000182534.13	1362	1618	399	931
ENSG00000182541.17	2135	2398	1229	2186
ENSG00000182544.8	627	253	436	646
ENSG00000182551.13	1659	2124	3505	1707
ENSG00000182552.14	146	191	291	261
ENSG00000182557.7	2	16	5	12
ENSG00000182568.16	56	294	49	33
ENSG00000182575.7	24	21	7	4
ENSG00000182578.13	295	234	184	313
ENSG00000182580.2	1882	239	455	1227
ENSG00000182583.12	1	0	16	0
ENSG00000182584.4	64	43	24	80
ENSG00000182585.9	12	5	4	1
ENSG00000182586.8	1	1	6	2
ENSG00000182600.9	31	162	133	228
ENSG00000182606.14	1002	1123	1374	2207
ENSG00000182612.10	52	99	16	84
ENSG00000182613.2	1	1	3	3
ENSG00000182621.17	573	184	583	474
ENSG00000182628.12	760	956	557	1035
ENSG00000182632.15	390	0	114	27
ENSG00000182636.6	5	8	9	1
ENSG00000182648.11	256	3	208	336
ENSG00000182667.14	0	0	45	0
ENSG00000182670.13	3313	3748	2914	2633
ENSG00000182674.5	13	1	4	3
ENSG00000182676.4	4	2	1	1
ENSG00000182685.7	79	50	36	219
ENSG00000182687.3	1	1	1	7
ENSG00000182700.4	10	142	174	143
ENSG00000182704.7	332	925	367	284
ENSG00000182712.15	2	2	6	10
ENSG00000182718.16	8945	12289	12691	23930
ENSG00000182732.17	6	6	37	62
ENSG00000182742.5	1335	25	1003	1305
ENSG00000182749.5	516	576	403	393
ENSG00000182752.9	11	8	4	2
ENSG00000182759.3	38	0	26	3
ENSG00000182768.8	954	262	577	1225
ENSG00000182771.18	11	1	188	103
ENSG00000182774.12	3364	5455	5734	11726
ENSG00000182782.7	78	23	32	32
ENSG00000182791.4	28	4	7	12
ENSG00000182793.11	0	0	12	3
ENSG00000182795.12	3026	612	1314	1085
ENSG00000182796.14	377	565	304	1060
ENSG00000182809.10	2151	3969	7858	6427
ENSG00000182810.6	145	94	129	234
ENSG00000182827.8	1517	1303	1330	1942
ENSG00000182831.11	1292	343	801	1168
ENSG00000182836.9	1	2	3	21
ENSG00000182841.12	132	527	190	269
ENSG00000182853.11	7	6	17	19
ENSG00000182858.13	188	193	233	415
ENSG00000182866.16	16	5	1	9
ENSG00000182870.12	259	3	30	2
ENSG00000182871.14	8797	15181	8435	14993
ENSG00000182872.15	711	1248	863	3657
ENSG00000182873.5	19	9	11	37
ENSG00000182885.16	5	0	7	25
ENSG00000182890.4	16	12	30	45
ENSG00000182898.3	42	0	0	3
ENSG00000182899.16	10262	12145	15415	22158
ENSG00000182902.13	1	1	1	16
ENSG00000182903.15	389	436	234	365
ENSG00000182912.6	22	0	16	79
ENSG00000182916.7	1	7	0	15
ENSG00000182919.14	522	659	806	339
ENSG00000182923.17	270	414	277	872
ENSG00000182934.11	2059	1038	3515	2984
ENSG00000182944.17	3535	3341	4921	7759
ENSG00000182950.2	15	2	7	33
ENSG00000182952.4	319	197	409	697
ENSG00000182957.15	504	275	626	574
ENSG00000182963.9	67	29	2	238
ENSG00000182973.18	232	517	386	525
ENSG00000182979.17	1249	2159	1876	3494
ENSG00000182983.14	172	113	557	425
ENSG00000182985.17	2370	1511	356	659
ENSG00000182986.13	56	24	58	26
ENSG00000182993.4	9	8	15	19
ENSG00000183010.16	696	959	468	726
ENSG00000183011.13	342	477	540	1177
ENSG00000183018.8	894	126	142	282
ENSG00000183019.7	2	0	2	5
ENSG00000183020.13	1191	999	490	1327
ENSG00000183022.5	1	1	3	9
ENSG00000183023.18	790	156	207	436
ENSG00000183032.11	11	14	2	17
ENSG00000183036.10	60	4	52	193
ENSG00000183044.11	184	82	168	210
ENSG00000183048.11	147	330	238	281
ENSG00000183049.12	176	101	676	1618
ENSG00000183054.11	2	5	3	3
ENSG00000183060.15	174	23	205	198
ENSG00000183066.14	18	0	57	73
ENSG00000183067.5	4	2	0	5
ENSG00000183072.9	0	30	0	0
ENSG00000183077.15	171	346	280	393
ENSG00000183087.14	1385	3289	1738	4502
ENSG00000183091.19	30	61	139	82
ENSG00000183092.16	8	22	7	67
ENSG00000183098.10	486	57	114	31
ENSG00000183111.11	235	250	334	662
ENSG00000183114.7	5	0	0	3
ENSG00000183128.7	16	14	6	27
ENSG00000183134.4	2	6	0	8
ENSG00000183137.14	104	50	101	162
ENSG00000183145.8	10	17	2	13
ENSG00000183150.7	21	12	11	98
ENSG00000183153.6	3	18	10	15
ENSG00000183154.1	2	0	0	0
ENSG00000183155.4	277	186	235	211
ENSG00000183160.8	4	0	1	6
ENSG00000183161.5	542	244	115	398
ENSG00000183166.10	5	0	2	3
ENSG00000183171.5	6	12	1	14
ENSG00000183172.8	186	146	547	551
ENSG00000183196.9	46	54	108	93
ENSG00000183199.6	21	83	15	45
ENSG00000183206.17	25	2	57	116
ENSG00000183207.13	805	862	1064	1253
ENSG00000183208.12	48	13	45	68
ENSG00000183242.11	468	398	166	289
ENSG00000183248.11	1571	1155	185	1207
ENSG00000183250.11	16	48	37	71
ENSG00000183255.11	5413	1763	8173	7729
ENSG00000183258.11	1092	1430	1583	1563
ENSG00000183260.7	39	13	52	32
ENSG00000183281.14	24	22	5	17
ENSG00000183283.15	5028	4103	2544	4438
ENSG00000183287.14	17	9	5	22
ENSG00000183291.16	2170	2017	3015	2616
ENSG00000183298.5	4	23	25	21
ENSG00000183307.3	14	9	1	6
ENSG00000183308.6	4	3	8	3
ENSG00000183309.11	978	1591	1014	869
ENSG00000183317.16	3	189	5	29
ENSG00000183323.12	360	375	101	425
ENSG00000183337.16	730	462	406	528
ENSG00000183340.6	422	334	338	280
ENSG00000183346.7	10	6	0	14
ENSG00000183347.14	0	0	1	12
ENSG00000183354.11	455	379	592	359
ENSG00000183379.8	30	26	1	15
ENSG00000183386.9	149	105	47	361
ENSG00000183389.5	0	0	0	1
ENSG00000183397.5	0	7	2	19
ENSG00000183401.11	170	349	339	295
ENSG00000183421.11	795	504	857	2212
ENSG00000183423.11	20	17	21	2
ENSG00000183426.16	199	162	211	334
ENSG00000183431.11	867	1658	940	2398
ENSG00000183439.7	0	0	35	0
ENSG00000183444.10	14	17	17	29
ENSG00000183454.16	34	55	89	488
ENSG00000183458.13	409	166	318	439
ENSG00000183474.15	93	220	55	186
ENSG00000183475.12	1510	143	341	484
ENSG00000183479.12	6	26	6	35
ENSG00000183484.11	41	262	126	31
ENSG00000183486.12	499	18	135	1324
ENSG00000183495.13	1805	1853	1727	2046
ENSG00000183496.5	155	20	18	77
ENSG00000183506.17	339	219	556	525
ENSG00000183508.4	94	252	48	258
ENSG00000183513.8	501	499	518	757
ENSG00000183520.11	320	405	433	932
ENSG00000183527.11	226	600	286	624
ENSG00000183530.13	643	1328	487	820
ENSG00000183535.9	6	5	6	1
ENSG00000183562.3	0	5	0	0
ENSG00000183569.17	21	9	80	56
ENSG00000183570.16	0	1	10	23
ENSG00000183576.12	731	1161	1244	1320
ENSG00000183578.7	5	8	3	13
ENSG00000183579.15	223	303	530	685
ENSG00000183580.9	21	99	155	470
ENSG00000183597.15	281	168	591	739
ENSG00000183598.3	2	6	5	16
ENSG00000183604.14	105	9	18	69
ENSG00000183605.16	297	1008	277	789
ENSG00000183615.5	8	8	2	51
ENSG00000183617.4	150	333	213	274
ENSG00000183621.15	168	45	53	307
ENSG00000183624.13	474	706	557	1545
ENSG00000183628.12	2	1	48	22
ENSG00000183638.5	33	37	4	9
ENSG00000183647.10	34	37	65	370
ENSG00000183648.9	299	643	1359	1186
ENSG00000183654.8	57	29	2	3
ENSG00000183655.12	218	84	145	314
ENSG00000183665.5	337	513	520	321
ENSG00000183666.16	75	185	272	267
ENSG00000183668.17	0	0	2	2
ENSG00000183671.12	2	0	1	16
ENSG00000183682.7	0	1	1	3
ENSG00000183684.7	605	748	525	834
ENSG00000183688.4	39	13	18	37
ENSG00000183690.12	28	69	4	70
ENSG00000183691.4	26	2	12	28
ENSG00000183696.13	885	1340	319	844
ENSG00000183718.5	205	407	876	502
ENSG00000183722.8	21	3	4	26
ENSG00000183723.12	1728	1164	1848	2038
ENSG00000183726.10	1754	1584	1704	2211
ENSG00000183734.4	250	9	11	27
ENSG00000183735.9	584	392	309	891
ENSG00000183741.11	1482	1147	1607	3632
ENSG00000183742.12	2311	994	1855	5285
ENSG00000183751.14	505	367	601	949
ENSG00000183760.10	0	0	0	7
ENSG00000183762.12	310	75	213	364
ENSG00000183763.8	61	192	90	194
ENSG00000183765.21	171	181	126	377
ENSG00000183770.6	2	5	0	4
ENSG00000183773.15	11	7	68	172
ENSG00000183775.10	16	2	5	1
ENSG00000183778.17	14	31	3	85
ENSG00000183779.6	245	436	200	1038
ENSG00000183780.12	13	18	24	53
ENSG00000183784.7	8	13	1	5
ENSG00000183785.14	5	3	8	13
ENSG00000183793.13	70	2	44	2
ENSG00000183798.4	21	18	61	26
ENSG00000183801.7	0	3	0	5
ENSG00000183808.11	639	647	491	682
ENSG00000183813.6	1	1	0	5
ENSG00000183814.15	157	243	97	206
ENSG00000183826.17	465	198	151	434
ENSG00000183828.14	302	536	740	632
ENSG00000183831.6	11	2	4	12
ENSG00000183833.16	159	196	23	152
ENSG00000183837.9	61	672	380	2100
ENSG00000183840.6	156	343	361	198
ENSG00000183844.16	86	14	42	358
ENSG00000183850.13	36	18	17	25
ENSG00000183853.17	4709	3505	839	4962
ENSG00000183856.10	557	1750	383	3284
ENSG00000183864.4	1116	674	572	1148
ENSG00000183873.15	8	14	43	54
ENSG00000183876.8	34	12	70	97
ENSG00000183889.12	40	15	8	21
ENSG00000183891.5	240	123	118	482
ENSG00000183908.5	3	6	0	8
ENSG00000183914.14	31	71	26	679
ENSG00000183921.7	1	1	0	1
ENSG00000183935.5	131	43	105	210
ENSG00000183943.5	762	701	484	3717
ENSG00000183955.12	890	1086	1090	1584
ENSG00000183960.8	5	59	7	3
ENSG00000183963.18	228	98	146	403
ENSG00000183971.7	13	68	102	48
ENSG00000183978.7	391	665	232	582
ENSG00000183979.7	10	3	3	25
ENSG00000184005.10	36	6	36	59
ENSG00000184007.20	2807	4001	1962	5012
ENSG00000184009.11	30971	48602	18997	34127
ENSG00000184012.11	112	45	35	55
ENSG00000184014.7	1241	1134	422	1162
ENSG00000184029.9	0	0	0	15
ENSG00000184047.17	219	82	163	338
ENSG00000184056.14	86	43	43	98
ENSG00000184058.14	35	0	18	5
ENSG00000184060.10	95	36	57	80
ENSG00000184068.2	12	9	8	9
ENSG00000184076.13	298	438	755	1119
ENSG00000184083.11	109	311	89	545
ENSG00000184100.6	3	1	2	4
ENSG00000184106.8	1	1	0	0
ENSG00000184110.14	311	322	354	558
ENSG00000184113.9	1	1	2	5
ENSG00000184115.17	0	5	6	1
ENSG00000184117.11	602	1196	914	2417
ENSG00000184144.11	10	0	2	8
ENSG00000184154.14	114	136	169	56
ENSG00000184156.16	80	286	1	42
ENSG00000184160.7	662	705	300	492
ENSG00000184162.14	235	376	234	389
ENSG00000184163.3	10	14	16	36
ENSG00000184164.14	408	157	463	1022
ENSG00000184178.15	82	63	133	136
ENSG00000184182.18	414	378	518	492
ENSG00000184185.9	8	86	178	886
ENSG00000184194.5	149	278	142	535
ENSG00000184203.7	1611	612	1059	2351
ENSG00000184205.14	358	396	712	1606
ENSG00000184206.11	53	0	7	6
ENSG00000184207.8	346	231	391	718
ENSG00000184208.10	215	384	96	199
ENSG00000184209.14	355	256	269	555
ENSG00000184216.13	1918	7616	3773	4449
ENSG00000184220.11	172	643	307	1056
ENSG00000184221.12	1	30	0	0
ENSG00000184224.3	0	3	3	3
ENSG00000184226.14	55	6	54	95
ENSG00000184227.7	25	18	42	55
ENSG00000184232.8	96	143	237	149
ENSG00000184254.16	493	59	180	284
ENSG00000184260.5	6	10	2	7
ENSG00000184261.4	5	5	9	9
ENSG00000184271.17	36	58	7	85
ENSG00000184277.12	453	188	804	460
ENSG00000184281.14	544	518	346	983
ENSG00000184292.6	10920	5125	3916	13742
ENSG00000184293.7	2	2	0	3
ENSG00000184304.14	104	55	133	71
ENSG00000184305.15	244	78	18	26
ENSG00000184307.14	560	1041	593	1578
ENSG00000184313.19	42	88	7	103
ENSG00000184319.15	46	47	83	131
ENSG00000184330.11	6	0	0	0
ENSG00000184343.10	14	15	59	64
ENSG00000184347.14	19	5	719	1228
ENSG00000184349.12	714	704	438	473
ENSG00000184350.9	1	25	2	30
ENSG00000184363.9	2054	3104	2092	3126
ENSG00000184368.15	81	16	27	106
ENSG00000184371.13	272	2755	930	3249
ENSG00000184374.2	2	4	1	2
ENSG00000184378.2	188	10	97	172
ENSG00000184381.18	232	288	410	410
ENSG00000184384.13	1471	1674	981	493
ENSG00000184388.5	2	0	0	10
ENSG00000184402.14	1549	953	1411	1111
ENSG00000184408.9	16	18	14	1
ENSG00000184414.2	2	7	1	6
ENSG00000184428.12	525	2161	1238	790
ENSG00000184432.9	2375	2102	3745	9682
ENSG00000184436.11	177	92	374	399
ENSG00000184441.4	116	36	39	278
ENSG00000184445.11	740	839	476	1212
ENSG00000184451.5	73	6	8	14
ENSG00000184454.6	50	56	4	22
ENSG00000184459.8	0	2	0	0
ENSG00000184465.16	768	325	332	675
ENSG00000184470.20	230	239	601	877
ENSG00000184478.7	26	0	0	1
ENSG00000184481.16	187	134	176	742
ENSG00000184489.11	2765	1665	3592	3618
ENSG00000184492.6	5	13	7	9
ENSG00000184497.12	5	17	6	14
ENSG00000184500.15	129	431	346	3904
ENSG00000184502.3	6	0	0	0
ENSG00000184508.11	149	91	117	184
ENSG00000184515.10	15	2	21	127
ENSG00000184517.11	216	53	127	189
ENSG00000184523.4	0	0	1	1
ENSG00000184524.5	2	0	50	72
ENSG00000184545.10	916	241	117	509
ENSG00000184557.4	786	1170	867	2902
ENSG00000184560.7	0	1	0	12
ENSG00000184564.9	20	210	6	8
ENSG00000184574.9	38	10	18	89
ENSG00000184575.11	3007	1806	2736	6973
ENSG00000184584.12	762	1725	1743	2896
ENSG00000184588.17	435	11	11	28
ENSG00000184599.13	2	0	1	3
ENSG00000184602.5	1675	347	299	635
ENSG00000184611.11	15	0	4	0
ENSG00000184613.10	111	869	152	146
ENSG00000184619.5	19	14	4	28
ENSG00000184634.15	639	858	572	1934
ENSG00000184635.15	260	185	61	94
ENSG00000184640.17	4551	6600	1528	4682
ENSG00000184661.13	218	246	63	247
ENSG00000184669.9	10	46	16	75
ENSG00000184672.11	7	8	0	0
ENSG00000184675.10	92	202	108	504
ENSG00000184677.17	1176	526	762	1054
ENSG00000184678.10	432	285	448	1809
ENSG00000184697.6	9241	45	2284	650
ENSG00000184702.19	35	3	97	90
ENSG00000184708.17	277	454	246	501
ENSG00000184709.7	0	14	14	4
ENSG00000184716.13	14	24	6	11
ENSG00000184719.11	96	51	164	345
ENSG00000184730.10	46	51	51	75
ENSG00000184731.5	1005	466	499	897
ENSG00000184743.12	1205	976	1438	1116
ENSG00000184752.12	598	753	923	1636
ENSG00000184774.10	3	2	0	4
ENSG00000184785.5	23	118	46	187
ENSG00000184786.5	35	26	33	56
ENSG00000184787.18	1249	1044	2170	3252
ENSG00000184788.13	2	2	0	6
ENSG00000184792.15	164	117	125	505
ENSG00000184809.12	0	1	0	10
ENSG00000184828.9	398	376	154	757
ENSG00000184831.13	94	251	102	91
ENSG00000184840.11	2424	1945	2324	4287
ENSG00000184857.7	157	85	205	252
ENSG00000184860.9	251	202	146	300
ENSG00000184863.10	1406	899	1402	3096
ENSG00000184867.13	651	1092	277	3547
ENSG00000184887.13	585	644	524	1006
ENSG00000184897.5	1727	1518	880	8387
ENSG00000184898.6	135	113	166	247
ENSG00000184900.15	1205	968	2765	3606
ENSG00000184903.9	168	134	140	163
ENSG00000184905.8	2	1	2	20
ENSG00000184908.17	39	12	33	218
ENSG00000184916.8	1218	1626	1896	1073
ENSG00000184922.13	255	114	156	630
ENSG00000184923.12	10	2	22	23
ENSG00000184924.5	224	486	283	871
ENSG00000184925.11	300	654	935	589
ENSG00000184937.13	3564	3403	787	1015
ENSG00000184939.15	479	140	358	524
ENSG00000184949.15	279	288	127	396
ENSG00000184956.15	12	55	92	23
ENSG00000184967.6	347	273	444	577
ENSG00000184979.9	137	71	279	141
ENSG00000184983.10	398	654	832	626
ENSG00000184984.9	1	0	6	1
ENSG00000184985.16	24	6	66	94
ENSG00000184986.10	51	28	53	56
ENSG00000184988.8	129	59	73	119
ENSG00000184990.12	445	869	739	1271
ENSG00000184992.10	930	1794	719	1279
ENSG00000184995.7	0	0	8	0
ENSG00000185000.11	1074	1680	1681	774
ENSG00000185008.17	16	42	0	6
ENSG00000185009.12	1046	458	740	1988
ENSG00000185010.14	36	126	233	98
ENSG00000185015.7	120	48	115	115
ENSG00000185019.16	451	356	229	304
ENSG00000185022.11	347	566	730	1575
ENSG00000185024.16	664	845	516	966
ENSG00000185028.3	1	2	0	8
ENSG00000185031.6	5	2	2	7
ENSG00000185033.14	1424	444	392	1059
ENSG00000185038.14	95	18	19	142
ENSG00000185043.11	584	559	422	943
ENSG00000185046.18	39	53	67	133
ENSG00000185049.14	689	824	231	550
ENSG00000185052.11	151	26	22	86
ENSG00000185055.10	3	1	1	6
ENSG00000185056.9	0	2	0	10
ENSG00000185065.6	8	7	6	32
ENSG00000185070.10	58	47	40	7
ENSG00000185085.2	396	774	323	480
ENSG00000185088.13	309	654	340	621
ENSG00000185090.14	61	119	18	131
ENSG00000185100.10	232	218	64	317
ENSG00000185101.12	2656	4776	1399	3459
ENSG00000185104.19	394	786	301	1232
ENSG00000185112.5	71	165	412	496
ENSG00000185115.5	242	219	349	434
ENSG00000185122.10	1519	3453	2800	2215
ENSG00000185127.6	322	105	164	298
ENSG00000185129.5	119	929	589	537
ENSG00000185130.5	1	0	2	13
ENSG00000185133.13	50	98	118	390
ENSG00000185155.11	4	1	1	2
ENSG00000185156.5	9	25	133	491
ENSG00000185158.12	180	47	49	284
ENSG00000185163.9	723	907	931	1046
ENSG00000185164.14	642	234	622	744
ENSG00000185168.5	6	0	5	5
ENSG00000185176.12	0	4	0	13
ENSG00000185186.8	0	18	1	2
ENSG00000185187.12	1069	1238	535	984
ENSG00000185189.17	2223	2641	4364	2510
ENSG00000185201.16	744	918	716	1232
ENSG00000185215.8	2507	13993	8790	8804
ENSG00000185219.16	552	997	772	749
ENSG00000185220.11	151	124	153	150
ENSG00000185222.9	849	718	691	4086
ENSG00000185236.11	3032	3500	949	3581
ENSG00000185238.12	313	885	229	345
ENSG00000185245.7	2	8	3	6
ENSG00000185246.17	616	868	694	934
ENSG00000185247.14	5	2	24	1490
ENSG00000185250.15	208	171	55	64
ENSG00000185252.18	287	167	320	453
ENSG00000185261.14	30	13	20	49
ENSG00000185262.8	1274	1466	748	1765
ENSG00000185267.9	22	6	8	38
ENSG00000185269.11	4	7	10	5
ENSG00000185272.13	90	19	143	88
ENSG00000185274.11	54	209	460	278
ENSG00000185275.6	3	1	3	5
ENSG00000185278.15	645	335	261	578
ENSG00000185290.3	42	0	1	85
ENSG00000185298.12	438	637	187	539
ENSG00000185303.16	6	0	0	2
ENSG00000185304.14	42	4	8	63
ENSG00000185305.10	144	111	111	121
ENSG00000185306.12	84	78	37	103
ENSG00000185324.21	725	636	617	848
ENSG00000185332.7	14	0	18	2
ENSG00000185338.5	49	13	35	31
ENSG00000185339.8	121	111	84	520
ENSG00000185340.15	207	293	226	599
ENSG00000185344.13	799	353	427	1424
ENSG00000185345.20	28	10	14	2
ENSG00000185347.17	162	426	477	704
ENSG00000185352.8	67	75	13	17
ENSG00000185359.12	2034	1837	1389	3499
ENSG00000185361.8	183	183	78	360
ENSG00000185379.20	167	157	87	583
ENSG00000185385.4	0	6	0	1
ENSG00000185386.14	121	21	60	59
ENSG00000185404.16	137	170	677	576
ENSG00000185414.19	398	510	686	960
ENSG00000185418.15	44	112	200	111
ENSG00000185420.18	205	292	266	200
ENSG00000185432.11	93	557	221	367
ENSG00000185433.8	2	5	0	0
ENSG00000185436.11	275	176	158	557
ENSG00000185437.13	15	11	28	16
ENSG00000185442.12	867	168	295	656
ENSG00000185453.12	227	219	181	440
ENSG00000185467.7	1	7	0	1
ENSG00000185475.10	514	790	509	390
ENSG00000185477.4	30	46	29	32
ENSG00000185479.5	6	1	1	51
ENSG00000185480.11	116	230	99	423
ENSG00000185482.7	31	45	13	67
ENSG00000185483.11	48	90	84	656
ENSG00000185485.14	531	516	492	1093
ENSG00000185495.10	163	101	290	152
ENSG00000185499.16	3571	10211	13437	6477
ENSG00000185504.16	496	689	294	655
ENSG00000185507.20	695	25	563	441
ENSG00000185513.16	1099	504	622	1160
ENSG00000185515.14	275	1219	473	608
ENSG00000185518.11	7	0	0	7
ENSG00000185519.8	15	11	13	100
ENSG00000185522.8	97	54	46	212
ENSG00000185527.11	38	21	2	16
ENSG00000185532.16	2	0	37	0
ENSG00000185551.14	744	171	1991	12
ENSG00000185561.9	174	209	81	721
ENSG00000185565.11	15	7	38	2
ENSG00000185567.6	3933	895	15368	9987
ENSG00000185585.19	680	40	52	524
ENSG00000185591.9	3794	2830	2100	3110
ENSG00000185596.16	275	107	190	366
ENSG00000185607.5	2	3	0	6
ENSG00000185608.8	96	239	481	545
ENSG00000185614.4	4	2	3	2
ENSG00000185615.15	40	2	6	1074
ENSG00000185619.18	1121	2328	529	1729
ENSG00000185621.11	339	371	189	1131
ENSG00000185624.14	6628	8467	6498	10109
ENSG00000185627.17	1639	1375	1083	2313
ENSG00000185630.18	4269	2169	854	2510
ENSG00000185633.10	363	76	411	293
ENSG00000185634.11	12	23	5	11
ENSG00000185640.5	7	1	1	1
ENSG00000185641.6	11	13	24	15
ENSG00000185650.9	5377	3291	5702	10447
ENSG00000185651.14	752	1100	1593	1842
ENSG00000185652.11	17	6	11	21
ENSG00000185658.13	1061	1494	1007	1363
ENSG00000185664.14	40	16	35	69
ENSG00000185666.14	0	2	0	19
ENSG00000185668.7	2	0	1	6
ENSG00000185669.5	4	9	4	18
ENSG00000185670.7	107	131	79	76
ENSG00000185674.9	0	17	0	4
ENSG00000185681.12	6	23	2	5
ENSG00000185684.14	403	318	507	1044
ENSG00000185686.17	1362	245	1028	1467
ENSG00000185689.16	1	5	1	0
ENSG00000185697.16	48	106	96	242
ENSG00000185716.11	241	240	264	373
ENSG00000185721.12	369	1101	599	959
ENSG00000185722.17	1086	745	862	1828
ENSG00000185728.16	2419	1755	1213	1786
ENSG00000185730.7	188	512	179	205
ENSG00000185736.15	24	2	1	12
ENSG00000185737.12	112	8	5	10
ENSG00000185739.13	0	0	4	21
ENSG00000185745.9	700	130	557	1593
ENSG00000185753.12	412	689	370	336
ENSG00000185760.15	107	0	120	8
ENSG00000185761.10	35	1	14	7
ENSG00000185774.15	11	6	4	6
ENSG00000185787.14	4556	1972	2955	5906
ENSG00000185798.7	261	113	173	392
ENSG00000185800.11	745	257	376	873
ENSG00000185803.9	1485	2163	1968	1332
ENSG00000185808.13	182	274	268	202
ENSG00000185811.18	51	61	17	39
ENSG00000185813.10	478	588	402	741
ENSG00000185818.7	1111	1776	767	1062
ENSG00000185825.16	2920	5199	5904	3872
ENSG00000185829.17	59	45	99	77
ENSG00000185834.10	25	71	37	27
ENSG00000185837.3	1	4	1	1
ENSG00000185838.13	59	174	137	188
ENSG00000185839.3	6	10	14	5
ENSG00000185842.15	135	240	190	280
ENSG00000185847.7	0	0	0	14
ENSG00000185862.6	29	23	18	33
ENSG00000185864.16	225	94	221	264
ENSG00000185869.14	125	37	112	109
ENSG00000185875.12	265	138	309	471
ENSG00000185880.12	420	315	225	730
ENSG00000185883.11	1309	688	1127	1395
ENSG00000185885.15	641	1956	3179	1320
ENSG00000185896.10	5029	4385	4687	9126
ENSG00000185900.9	190	167	76	76
ENSG00000185904.11	229	2	157	107
ENSG00000185905.3	6	3	1	6
ENSG00000185909.14	212	177	265	456
ENSG00000185915.5	0	0	0	8
ENSG00000185917.13	442	518	427	408
ENSG00000185920.15	421	336	167	374
ENSG00000185924.6	2	3	0	2
ENSG00000185933.6	0	0	0	41
ENSG00000185946.15	1843	1577	1293	462
ENSG00000185947.14	262	121	99	230
ENSG00000185950.8	2492	605	1047	2188
ENSG00000185955.4	11	7	2	6
ENSG00000185963.13	636	1090	1023	690
ENSG00000185972.5	22	2	5	2
ENSG00000185973.10	163	217	178	237
ENSG00000185974.6	2	2	0	24
ENSG00000185985.9	21	6	4	0
ENSG00000185986.11	15	2	15	61
ENSG00000185989.10	71	70	130	362
ENSG00000186001.13	1202	648	741	2072
ENSG00000186007.9	480	415	27	61
ENSG00000186010.18	479	920	1044	1195
ENSG00000186017.14	183	98	212	467
ENSG00000186019.10	41	16	63	104
ENSG00000186020.12	527	182	727	1151
ENSG00000186026.6	19	4	46	129
ENSG00000186047.9	2	1	4	8
ENSG00000186056.10	26	42	19	114
ENSG00000186063.12	1029	545	540	1032
ENSG00000186073.12	154	133	86	261
ENSG00000186074.18	4	2	4	4
ENSG00000186076.5	11	6	6	13
ENSG00000186081.11	343	223	364	9121
ENSG00000186088.15	129	311	89	276
ENSG00000186094.16	2	0	0	11
ENSG00000186104.10	105	152	75	182
ENSG00000186105.7	8	6	3	8
ENSG00000186106.11	418	203	277	313
ENSG00000186111.9	614	342	587	793
ENSG00000186115.12	1	1	0	2
ENSG00000186130.4	317	217	143	203
ENSG00000186132.14	72	94	191	165
ENSG00000186141.8	618	398	357	892
ENSG00000186150.4	0	13	2	0
ENSG00000186153.16	35	128	108	92
ENSG00000186160.4	4	22	0	2
ENSG00000186162.10	170	80	132	451
ENSG00000186166.8	551	249	1013	1007
ENSG00000186174.12	2469	745	2091	1819
ENSG00000186184.17	957	855	955	1497
ENSG00000186185.13	258	624	164	818
ENSG00000186187.11	430	198	478	484
ENSG00000186188.10	2	6	4	1
ENSG00000186193.8	183	1135	391	391
ENSG00000186197.14	2	16	20	202
ENSG00000186204.14	2	18	28	34
ENSG00000186205.12	66	437	175	300
ENSG00000186212.3	135	40	32	114
ENSG00000186222.4	311	247	113	206
ENSG00000186230.6	112	63	78	333
ENSG00000186231.16	58	16	9	16
ENSG00000186235.10	26	3	40	16
ENSG00000186260.16	1126	415	536	888
ENSG00000186272.12	101	64	60	298
ENSG00000186280.6	23	50	23	34
ENSG00000186281.12	9	6	2	11
ENSG00000186283.13	653	507	527	990
ENSG00000186288.5	0	0	0	19
ENSG00000186297.11	0	0	10	3
ENSG00000186298.11	2646	3261	2017	5397
ENSG00000186300.11	117	45	87	91
ENSG00000186301.8	23	41	50	50
ENSG00000186310.9	28	1	46	158
ENSG00000186312.10	63	84	47	194
ENSG00000186314.11	73	165	84	57
ENSG00000186318.16	554	1336	686	1621
ENSG00000186326.3	11	3	33	15
ENSG00000186340.15	114	17	43	37
ENSG00000186350.10	670	788	1511	1270
ENSG00000186352.8	92	145	331	150
ENSG00000186364.11	70	32	53	105
ENSG00000186376.14	202	407	614	411
ENSG00000186377.7	16	403	10	220
ENSG00000186395.7	260	499	348	914
ENSG00000186399.10	7	14	12	17
ENSG00000186407.6	72	6	69	39
ENSG00000186409.15	125	98	108	250
ENSG00000186416.14	190	293	209	496
ENSG00000186417.13	154	68	49	96
ENSG00000186431.18	6	0	4	6
ENSG00000186432.8	2488	1365	1670	4257
ENSG00000186439.12	0	5	45	38
ENSG00000186442.7	1	2	2	12
ENSG00000186446.11	69	22	32	51
ENSG00000186448.14	265	430	346	301
ENSG00000186451.1	5	17	6	16
ENSG00000186462.8	16	0	43	207
ENSG00000186468.12	5427	16900	4904	21488
ENSG00000186469.8	10	9	9	32
ENSG00000186470.13	332	175	486	655
ENSG00000186471.12	0	4	1	2
ENSG00000186472.19	66	113	278	92
ENSG00000186479.4	1	8	1	0
ENSG00000186480.12	231	296	698	359
ENSG00000186481.16	22	46	45	47
ENSG00000186496.11	61	26	20	227
ENSG00000186501.14	499	753	363	704
ENSG00000186510.11	39	58	6	111
ENSG00000186517.13	254	131	92	119
ENSG00000186522.14	654	408	450	958
ENSG00000186523.14	111	205	47	88
ENSG00000186529.15	345	405	285	96
ENSG00000186532.11	282	271	139	413
ENSG00000186564.5	0	11	4	12
ENSG00000186566.12	2159	1639	834	1775
ENSG00000186567.12	103	195	130	400
ENSG00000186575.17	78	310	613	1271
ENSG00000186577.13	309	77	194	368
ENSG00000186583.11	0	8	0	1
ENSG00000186591.12	6474	1643	3563	7067
ENSG00000186594.14	618	147	475	1198
ENSG00000186603.5	22	99	46	56
ENSG00000186615.10	69	26	20	75
ENSG00000186625.13	214	79	108	283
ENSG00000186628.12	1	1	2	2
ENSG00000186635.14	2939	2199	2598	1928
ENSG00000186638.16	110	219	112	221
ENSG00000186642.15	12	29	41	39
ENSG00000186648.14	35	15	47	151
ENSG00000186652.9	4	4	2	0
ENSG00000186654.20	131	96	149	331
ENSG00000186660.14	1372	2055	1028	1394
ENSG00000186665.9	317	231	36	122
ENSG00000186666.5	100	155	56	101
ENSG00000186675.6	2	0	0	8
ENSG00000186684.12	2	0	0	23
ENSG00000186687.15	200	389	510	291
ENSG00000186704.9	6	5	11	13
ENSG00000186710.11	39	132	26	55
ENSG00000186714.12	6	4	2	7
ENSG00000186715.11	64	20	39	98
ENSG00000186716.20	1064	2008	972	4245
ENSG00000186723.4	1	25	0	5
ENSG00000186732.13	2	0	0	48
ENSG00000186765.11	38	33	125	53
ENSG00000186767.6	67	306	90	215
ENSG00000186777.11	4	0	4	9
ENSG00000186787.8	20	10	23	74
ENSG00000186792.16	28	100	65	118
ENSG00000186806.5	93	15	60	146
ENSG00000186812.12	787	422	589	1134
ENSG00000186814.13	598	154	349	973
ENSG00000186815.12	3116	1259	3033	2991
ENSG00000186818.12	125	21	26	45
ENSG00000186827.10	12	8	3	11
ENSG00000186831.11	6	1	0	3
ENSG00000186832.8	78	92	33	96
ENSG00000186834.3	1502	1207	1416	2514
ENSG00000186838.13	0	0	0	6
ENSG00000186847.5	41	18	19	664
ENSG00000186854.10	1	16	7	15
ENSG00000186862.18	170	5	65	219
ENSG00000186866.16	786	385	1034	1547
ENSG00000186868.15	176	40	135	117
ENSG00000186871.6	28	95	14	137
ENSG00000186889.9	55	71	57	151
ENSG00000186891.13	3	35	9	10
ENSG00000186897.4	16	0	8	45
ENSG00000186907.7	0	1	10	18
ENSG00000186908.14	1156	1052	645	1071
ENSG00000186912.6	3	2	0	3
ENSG00000186918.13	1629	1669	464	820
ENSG00000186919.12	293	223	160	167
ENSG00000186940.6	4	1	1	4
ENSG00000186951.16	422	474	369	546
ENSG00000186952.14	10	22	0	11
ENSG00000186973.10	17	68	5	5
ENSG00000186976.14	18	45	14	46
ENSG00000186994.11	70	14	6	49
ENSG00000186998.15	183	128	182	408
ENSG00000187010.20	1	0	6	2
ENSG00000187013.4	7	7	0	0
ENSG00000187017.16	731	1123	1557	973
ENSG00000187024.14	198	477	198	340
ENSG00000187037.8	9	1	3	0
ENSG00000187045.18	14	8	4	181
ENSG00000187048.12	0	3	0	2
ENSG00000187049.9	162	123	96	127
ENSG00000187051.8	307	609	529	722
ENSG00000187066.8	42	44	90	46
ENSG00000187068.2	3	2	0	2
ENSG00000187079.16	3322	1632	1479	6520
ENSG00000187091.13	244	97	222	183
ENSG00000187094.11	5	4	24	18
ENSG00000187097.12	375	529	424	555
ENSG00000187098.15	33	229	114	126
ENSG00000187105.8	5	28	2	20
ENSG00000187109.13	4935	9198	4410	12779
ENSG00000187116.13	14	0	7	12
ENSG00000187118.13	152	354	255	129
ENSG00000187122.16	31	10	5	46
ENSG00000187123.14	664	587	136	344
ENSG00000187134.13	50	1	12	206
ENSG00000187144.11	20	37	28	21
ENSG00000187147.17	1016	1302	1108	2193
ENSG00000187164.19	992	1224	769	2774
ENSG00000187172.15	0	0	0	12
ENSG00000187185.4	20	0	5	4
ENSG00000187186.14	5	0	2	12
ENSG00000187187.13	32	50	30	125
ENSG00000187189.10	836	68	856	793
ENSG00000187193.8	628	1015	1496	340
ENSG00000187210.13	410	373	92	126
ENSG00000187231.13	543	643	102	204
ENSG00000187239.16	971	1359	426	999
ENSG00000187240.14	218	304	376	237
ENSG00000187243.16	1	3	0	10
ENSG00000187244.11	22158	6684	24758	43549
ENSG00000187257.15	562	503	1040	594
ENSG00000187260.15	288	4	59	169
ENSG00000187266.13	784	2275	83	683
ENSG00000187268.11	0	0	0	20
ENSG00000187325.4	73	224	45	464
ENSG00000187372.11	79	25	132	27
ENSG00000187391.20	47	17	54	131
ENSG00000187446.11	1282	1160	775	2005
ENSG00000187474.4	130	60	75	53
ENSG00000187479.6	3	2	8	16
ENSG00000187486.5	133	51	31	130
ENSG00000187492.8	1	44	4	12
ENSG00000187498.15	1828	1777	131	2256
ENSG00000187510.9	4	22	0	4
ENSG00000187513.8	2	19	115	14
ENSG00000187514.16	20179	21751	27669	35920
ENSG00000187522.15	324	156	194	369
ENSG00000187531.13	711	545	413	717
ENSG00000187534.6	6	9	5	15
ENSG00000187535.13	1002	536	522	830
ENSG00000187546.13	8	0	3	2
ENSG00000187550.8	0	0	0	41
ENSG00000187553.8	9	22	17	18
ENSG00000187554.12	94	39	111	61
ENSG00000187555.14	2579	1116	1744	2567
ENSG00000187556.7	3	5	4	24
ENSG00000187566.5	106	0	103	248
ENSG00000187581.2	0	0	0	15
ENSG00000187583.10	169	34	163	189
ENSG00000187595.16	34	42	15	123
ENSG00000187601.4	135	120	127	324
ENSG00000187605.15	2102	1068	770	1719
ENSG00000187607.15	413	90	247	320
ENSG00000187608.9	685	260	1277	519
ENSG00000187609.15	396	267	77	187
ENSG00000187621.14	0	9	25	50
ENSG00000187624.8	68	52	21	107
ENSG00000187626.8	99	25	55	117
ENSG00000187627.15	10	1	2	25
ENSG00000187630.16	85	152	99	142
ENSG00000187634.11	162	33	35	85
ENSG00000187642.9	10	2	13	22
ENSG00000187650.3	130	248	54	211
ENSG00000187672.12	23	13	35	18
ENSG00000187676.7	124	83	94	152
ENSG00000187678.9	686	478	280	153
ENSG00000187682.2	5	5	0	11
ENSG00000187686.4	5	0	2	15
ENSG00000187688.14	27	19	13	45
ENSG00000187699.10	261	2102	55	88
ENSG00000187713.6	433	458	361	421
ENSG00000187714.6	3	0	2	1
ENSG00000187715.13	62	0	1	176
ENSG00000187720.14	1738	2520	967	1270
ENSG00000187726.8	194	332	92	53
ENSG00000187735.13	1928	2923	1185	2590
ENSG00000187736.12	5	41	15	32
ENSG00000187741.14	261	417	196	674
ENSG00000187742.14	1168	1267	892	1141
ENSG00000187764.11	605	600	296	550
ENSG00000187772.7	1	0	0	0
ENSG00000187775.16	18	20	8	24
ENSG00000187778.13	942	595	720	998
ENSG00000187783.11	0	0	1	10
ENSG00000187790.10	89	151	56	171
ENSG00000187792.4	72	69	105	211
ENSG00000187796.14	221	743	474	257
ENSG00000187800.13	23	4	3	133
ENSG00000187801.14	59	21	63	69
ENSG00000187808.4	0	6	4	6
ENSG00000187815.9	48	37	60	159
ENSG00000187824.8	8	4	21	18
ENSG00000187837.3	28	500	404	1665
ENSG00000187838.16	46	65	72	87
ENSG00000187840.4	522	997	544	1217
ENSG00000187848.13	69	1	2	1
ENSG00000187860.10	91	60	53	193
ENSG00000187866.8	150	202	327	249
ENSG00000187867.8	195	174	451	200
ENSG00000187889.12	8	38	0	39
ENSG00000187905.10	6	32	3	9
ENSG00000187908.17	0	24	531	47
ENSG00000187922.13	10	7	30	3
ENSG00000187942.11	412	408	1089	360
ENSG00000187944.2	0	1	2	2
ENSG00000187950.8	33	7	2	9
ENSG00000187951.11	116	418	211	210
ENSG00000187952.9	2	4	3	5
ENSG00000187953.10	361	94	97	399
ENSG00000187954.12	1224	1919	3052	1690
ENSG00000187955.11	5	6	14	13
ENSG00000187957.7	7	2	13	43
ENSG00000187959.9	1	0	1	1
ENSG00000187961.13	153	91	257	162
ENSG00000187984.12	1	1	2	0
ENSG00000187987.9	19	4	9	0
ENSG00000187994.13	117	31	98	334
ENSG00000187997.11	1	7	3	19
ENSG00000188000.4	2	5	0	0
ENSG00000188001.9	84	7	33	289
ENSG00000188002.10	212	32	140	520
ENSG00000188010.13	262	171	240	569
ENSG00000188013.6	15	2	5	51
ENSG00000188015.9	35	8	7	60
ENSG00000188021.8	385	615	225	1090
ENSG00000188026.12	380	505	232	814
ENSG00000188033.9	21	67	22	28
ENSG00000188037.11	1	1	1	7
ENSG00000188039.14	0	328	0	10
ENSG00000188042.7	7724	1332	5360	7870
ENSG00000188050.2	0	5	0	0
ENSG00000188051.6	16	18	17	23
ENSG00000188060.7	50	29	28	140
ENSG00000188064.9	344	299	347	350
ENSG00000188070.9	656	467	510	379
ENSG00000188092.14	273	86	125	336
ENSG00000188095.5	2	5	6	14
ENSG00000188100.8	0	0	0	0
ENSG00000188107.14	6	0	3	7
ENSG00000188112.8	2135	1177	2324	2753
ENSG00000188130.13	134	48	123	103
ENSG00000188153.13	219	209	45	2553
ENSG00000188157.14	11439	7869	13817	14213
ENSG00000188158.15	13	73	39	47
ENSG00000188162.10	32	2	0	4
ENSG00000188163.7	0	7	1	1
ENSG00000188167.8	51	44	66	48
ENSG00000188171.15	402	198	310	84
ENSG00000188176.11	10	0	2	35
ENSG00000188177.13	215	80	152	286
ENSG00000188185.11	300	35	33	500
ENSG00000188186.10	601	1147	1096	1322
ENSG00000188191.14	456	429	353	1173
ENSG00000188199.10	4	2	1	42
ENSG00000188211.8	99	25	17	86
ENSG00000188215.9	392	710	370	377
ENSG00000188219.14	81	41	39	44
ENSG00000188227.12	317	86	671	1279
ENSG00000188229.5	2399	10772	3643	4096
ENSG00000188234.13	274	13	176	247
ENSG00000188242.4	0	1	4	2
ENSG00000188243.12	509	899	484	842
ENSG00000188257.11	7	89	25	4
ENSG00000188263.10	0	1	0	2
ENSG00000188266.13	18	17	28	72
ENSG00000188277.9	176	50	20	54
ENSG00000188282.12	11	20	7	85
ENSG00000188283.11	201	134	175	128
ENSG00000188290.10	662	45	162	366
ENSG00000188293.5	2	3	0	30
ENSG00000188295.14	198	73	95	149
ENSG00000188306.6	27	1	0	22
ENSG00000188312.13	79	187	162	156
ENSG00000188313.12	608	837	707	2209
ENSG00000188315.7	70	303	105	193
ENSG00000188316.13	10	29	7	24
ENSG00000188321.13	353	344	216	527
ENSG00000188322.4	1216	257	149	345
ENSG00000188338.14	6	1	25	6
ENSG00000188342.11	435	237	340	468
ENSG00000188343.12	187	486	129	197
ENSG00000188352.12	614	367	606	760
ENSG00000188368.9	22	32	45	27
ENSG00000188372.14	49	213	156	92
ENSG00000188373.4	27	0	21	11
ENSG00000188375.4	12	13	6	20
ENSG00000188385.11	0	12	13	9
ENSG00000188388.10	12	0	2	3
ENSG00000188389.10	6	3	2	24
ENSG00000188396.3	6	6	5	26
ENSG00000188404.8	7	17	12	6
ENSG00000188419.13	431	436	228	692
ENSG00000188428.19	249	187	145	216
ENSG00000188452.13	10	52	1	0
ENSG00000188459.4	2	2	1	4
ENSG00000188460.4	0	2	0	3
ENSG00000188467.10	21	33	32	125
ENSG00000188483.7	1219	1328	570	1150
ENSG00000188486.3	680	319	514	848
ENSG00000188488.13	56	258	974	430
ENSG00000188493.14	198	125	134	796
ENSG00000188501.11	0	0	0	11
ENSG00000188505.4	95	9	86	67
ENSG00000188508.10	1	8	0	8
ENSG00000188511.12	2	0	0	2
ENSG00000188517.15	97	9	2	2
ENSG00000188522.14	642	214	241	1055
ENSG00000188523.8	19	22	0	0
ENSG00000188529.14	2654	3577	3261	3989
ENSG00000188536.13	22	0	30	94
ENSG00000188542.9	81	169	80	163
ENSG00000188549.12	1159	1563	2801	4993
ENSG00000188554.13	1815	2665	1241	2602
ENSG00000188559.14	1871	521	1138	1663
ENSG00000188566.13	152	282	137	403
ENSG00000188573.7	5	34	10	43
ENSG00000188580.14	14	8	15	31
ENSG00000188596.10	137	102	8	149
ENSG00000188599.17	93	39	117	133
ENSG00000188603.19	93	44	74	158
ENSG00000188610.12	39	77	27	84
ENSG00000188611.14	26	12	2	20
ENSG00000188612.11	4579	3080	1875	3147
ENSG00000188613.6	165	309	72	360
ENSG00000188629.12	5	0	3	7
ENSG00000188636.3	857	681	535	1194
ENSG00000188641.13	23	52	29	38
ENSG00000188643.10	3499	1383	2617	1375
ENSG00000188647.12	709	1607	898	637
ENSG00000188659.9	10	81	8	29
ENSG00000188660.3	3	2	1	6
ENSG00000188672.18	7	36	5	21
ENSG00000188676.13	0	1	0	1
ENSG00000188677.14	79	273	94	314
ENSG00000188681.11	0	11	3	43
ENSG00000188687.17	59	100	148	68
ENSG00000188690.13	431	522	478	1450
ENSG00000188693.7	1	2	3	3
ENSG00000188706.12	656	1018	427	1424
ENSG00000188707.5	147	32	326	512
ENSG00000188710.2	0	2	2	1
ENSG00000188725.7	972	929	515	1162
ENSG00000188732.10	296	143	151	618
ENSG00000188735.12	1124	1389	1154	2469
ENSG00000188738.14	4	0	29	43
ENSG00000188739.14	62	33	52	81
ENSG00000188747.8	273	246	455	533
ENSG00000188760.10	90	37	62	153
ENSG00000188761.12	14	401	96	11
ENSG00000188763.4	6	8	4	11
ENSG00000188765.7	0	0	0	5
ENSG00000188766.12	150	1	27	100
ENSG00000188779.10	5	7	0	8
ENSG00000188783.5	29	22	2	8
ENSG00000188785.11	296	98	282	555
ENSG00000188786.9	479	442	444	902
ENSG00000188807.12	313	660	342	407
ENSG00000188811.13	832	337	604	811
ENSG00000188817.7	3	56	0	0
ENSG00000188818.12	114	142	133	408
ENSG00000188820.12	4	2	2	7
ENSG00000188825.13	56	42	24	63
ENSG00000188827.10	380	164	300	220
ENSG00000188833.9	25	48	297	75
ENSG00000188846.13	2947	13778	9025	9553
ENSG00000188848.15	9	1	8	3
ENSG00000188868.13	21	80	72	85
ENSG00000188869.12	11	0	11	40
ENSG00000188873.4	4	7	2	10
ENSG00000188878.19	178	156	48	235
ENSG00000188883.4	50	18	267	2880
ENSG00000188886.3	4	11	0	16
ENSG00000188895.11	1736	1840	654	2377
ENSG00000188897.9	61	23	5	17
ENSG00000188906.15	9	41	8	7
ENSG00000188910.7	420	240	194	163
ENSG00000188916.8	0	0	1	3
ENSG00000188917.14	194	265	129	430
ENSG00000188921.13	171	182	97	67
ENSG00000188931.3	145	353	2	52
ENSG00000188933.15	12	1	5	11
ENSG00000188938.16	611	1126	959	743
ENSG00000188958.9	4	0	2	8
ENSG00000188959.9	8	120	2	2
ENSG00000188976.10	1409	2336	1879	2714
ENSG00000188981.10	23	32	2	23
ENSG00000188984.11	1	4	0	0
ENSG00000188985.6	3	4	0	1
ENSG00000188986.6	730	1512	830	1044
ENSG00000188993.3	7	8	0	7
ENSG00000188994.12	1629	808	1085	1043
ENSG00000188996.4	0	2	0	3
ENSG00000188997.7	171	283	171	139
ENSG00000189001.10	5	6	6	89
ENSG00000189007.15	170	135	122	217
ENSG00000189014.7	1	2	2	12
ENSG00000189042.13	186	38	149	315
ENSG00000189043.9	1936	1167	2565	2967
ENSG00000189045.13	4	6	4	14
ENSG00000189046.10	411	296	343	465
ENSG00000189050.15	173	115	170	207
ENSG00000189051.5	9	1	3	2
ENSG00000189056.13	165	4	281	208
ENSG00000189057.10	83	89	86	148
ENSG00000189058.8	2	5	1	12
ENSG00000189060.5	5409	6775	4307	11806
ENSG00000189067.12	2138	1024	904	2258
ENSG00000189077.10	457	498	1083	597
ENSG00000189079.15	1030	591	460	942
ENSG00000189091.12	2064	4132	1641	2569
ENSG00000189108.12	0	4	0	31
ENSG00000189114.6	207	79	134	175
ENSG00000189120.4	90	4	3	37
ENSG00000189127.7	8	2	1	10
ENSG00000189129.13	9	4	2	4
ENSG00000189136.9	60	21	43	68
ENSG00000189143.9	14793	6489	11861	14980
ENSG00000189144.13	56	7	34	31
ENSG00000189149.12	7	1	7	15
ENSG00000189157.13	123	22	44	77
ENSG00000189159.15	1434	1599	617	1754
ENSG00000189164.14	88	42	104	273
ENSG00000189171.14	1428	916	1371	2737
ENSG00000189180.15	2720	722	1611	2698
ENSG00000189184.11	38	26	2	67
ENSG00000189190.10	453	102	182	205
ENSG00000189195.12	193	96	125	143
ENSG00000189212.12	0	5	2	4
ENSG00000189221.9	18	44	42	90
ENSG00000189223.14	122	88	231	1105
ENSG00000189227.5	51	216	67	187
ENSG00000189233.11	0	0	0	5
ENSG00000189241.6	1229	599	1655	1487
ENSG00000189266.12	1541	1412	1563	1905
ENSG00000189269.12	0	1	3	14
ENSG00000189280.3	5	9	2	1
ENSG00000189283.9	47	34	141	110
ENSG00000189292.15	46	3	1	7
ENSG00000189298.13	149	52	63	130
ENSG00000189299.6	0	0	0	16
ENSG00000189306.10	786	624	476	1325
ENSG00000189308.10	261	170	159	275
ENSG00000189319.13	896	611	382	1554
ENSG00000189320.8	4	4	4	30
ENSG00000189325.6	2	0	0	5
ENSG00000189334.8	1636	567	888	2938
ENSG00000189337.16	2013	1342	1453	3109
ENSG00000189339.11	2136	1138	1053	1425
ENSG00000189343.7	87	304	168	119
ENSG00000189350.12	47	52	11	92
ENSG00000189362.11	412	102	47	113
ENSG00000189366.9	34	30	22	31
ENSG00000189369.8	3	69	23	233
ENSG00000189376.11	175	234	222	139
ENSG00000189377.8	166	403	85	95
ENSG00000189403.14	6781	3814	3321	8227
ENSG00000189409.13	10	3	19	31
ENSG00000189410.11	40	11	60	134
ENSG00000189419.7	1	0	15	14
ENSG00000189420.8	230	355	799	882
ENSG00000189423.12	118	114	32	102
ENSG00000189431.7	148	9	78	420
ENSG00000189433.5	39	9	0	23
ENSG00000196072.11	364	142	460	900
ENSG00000196074.12	279	16	194	129
ENSG00000196081.9	24	32	10	29
ENSG00000196083.9	4262	1465	796	2302
ENSG00000196090.12	0	7	1	0
ENSG00000196092.12	0	0	0	4
ENSG00000196096.3	1	0	2	8
ENSG00000196104.10	19	22	2	2
ENSG00000196109.7	0	11	1	20
ENSG00000196110.7	90	31	25	55
ENSG00000196116.7	283	271	132	223
ENSG00000196118.11	158	153	127	136
ENSG00000196119.7	0	1	0	8
ENSG00000196123.12	967	678	582	739
ENSG00000196126.11	247	482	207	931
ENSG00000196132.12	446	9	516	495
ENSG00000196136.17	1	40	0	54
ENSG00000196139.13	57	37	31	550
ENSG00000196141.13	1247	749	1300	2101
ENSG00000196143.4	4	1	0	4
ENSG00000196150.13	299	367	492	231
ENSG00000196151.10	278	168	299	515
ENSG00000196152.10	71	58	34	75
ENSG00000196154.11	5850	5562	643	6024
ENSG00000196155.12	988	71	1586	768
ENSG00000196159.11	88	24	37	11
ENSG00000196167.9	1	194	23	96
ENSG00000196169.14	11	31	0	6
ENSG00000196172.9	126	44	67	52
ENSG00000196177.12	290	195	353	706
ENSG00000196182.10	1060	949	639	2315
ENSG00000196183.5	4	0	1	4
ENSG00000196187.11	1089	998	1109	918
ENSG00000196188.10	3	345	1	0
ENSG00000196189.12	409	128	29	113
ENSG00000196196.2	2	141	83	64
ENSG00000196199.13	752	585	859	1756
ENSG00000196204.11	241	61	153	375
ENSG00000196205.8	651	731	637	915
ENSG00000196208.13	554	154	111	194
ENSG00000196209.12	10	4	3	11
ENSG00000196214.10	606	164	233	290
ENSG00000196218.12	144	124	279	801
ENSG00000196220.15	688	434	1006	3
ENSG00000196227.10	541	187	469	563
ENSG00000196230.12	12167	9555	5881	26078
ENSG00000196233.13	1422	585	792	1672
ENSG00000196235.13	3170	1503	3752	10734
ENSG00000196236.12	314	356	314	437
ENSG00000196243.5	0	0	1	0
ENSG00000196247.11	330	343	198	421
ENSG00000196262.13	7150	15317	9708	20721
ENSG00000196263.7	267	64	219	523
ENSG00000196267.12	113	34	43	60
ENSG00000196268.11	320	399	319	316
ENSG00000196275.13	169	138	208	197
ENSG00000196284.15	114	83	64	173
ENSG00000196289.7	1	2	1	2
ENSG00000196290.14	521	331	411	547
ENSG00000196295.11	735	474	156	916
ENSG00000196296.13	45	19	8	99
ENSG00000196305.17	1882	3330	4563	2664
ENSG00000196312.13	766	1395	195	855
ENSG00000196313.11	1225	1258	1384	1588
ENSG00000196323.13	969	435	1276	1360
ENSG00000196329.11	1	1	6	4
ENSG00000196335.12	69	6	29	96
ENSG00000196337.11	4	2	8	5
ENSG00000196338.12	1	13	5	44
ENSG00000196345.12	113	8	45	210
ENSG00000196350.8	31	0	0	7
ENSG00000196352.15	4908	3062	1698	923
ENSG00000196353.11	1	0	38	335
ENSG00000196357.11	53	50	100	143
ENSG00000196358.10	3	2	5	33
ENSG00000196361.9	8	2	1	47
ENSG00000196363.9	780	1105	786	1130
ENSG00000196365.11	2055	4096	1480	2783
ENSG00000196366.3	14	4	9	24
ENSG00000196367.13	2037	2289	1523	1721
ENSG00000196368.4	0	5	4	13
ENSG00000196369.11	246	110	93	203
ENSG00000196371.3	77	141	58	123
ENSG00000196372.12	241	323	185	416
ENSG00000196376.10	5	1	9	3
ENSG00000196378.11	72	158	179	75
ENSG00000196381.10	3	5	0	6
ENSG00000196387.9	640	145	349	518
ENSG00000196388.8	4	7	16	31
ENSG00000196391.10	162	45	96	140
ENSG00000196396.9	1495	713	1549	1705
ENSG00000196405.12	940	482	561	1421
ENSG00000196408.11	36	0	18	9
ENSG00000196411.9	1235	1597	174	2597
ENSG00000196417.12	289	95	104	131
ENSG00000196418.12	127	82	58	97
ENSG00000196419.12	2235	3171	2233	3814
ENSG00000196420.7	26	3	10	42
ENSG00000196421.8	675	69	210	379
ENSG00000196422.10	916	1025	453	771
ENSG00000196428.12	666	401	646	2342
ENSG00000196436.8	39	0	123	126
ENSG00000196437.10	94	39	105	169
ENSG00000196440.11	252	165	122	1148
ENSG00000196449.3	423	504	555	1065
ENSG00000196453.7	319	275	300	899
ENSG00000196455.7	418	470	332	1722
ENSG00000196456.11	92	35	49	232
ENSG00000196458.10	821	416	676	763
ENSG00000196459.13	185	245	197	552
ENSG00000196460.13	3	0	1	11
ENSG00000196465.10	844	476	648	1251
ENSG00000196466.10	58	221	76	81
ENSG00000196470.11	586	232	376	669
ENSG00000196476.11	750	436	414	517
ENSG00000196482.16	63	52	131	104
ENSG00000196497.16	185	200	167	334
ENSG00000196498.13	5111	4937	4418	10365
ENSG00000196502.11	343	253	201	603
ENSG00000196503.4	6	3	1	4
ENSG00000196504.16	2950	2486	2506	2708
ENSG00000196505.10	282	136	183	458
ENSG00000196507.10	144	204	155	1146
ENSG00000196510.12	1077	867	961	2053
ENSG00000196511.14	47	29	36	203
ENSG00000196517.11	184	94	512	1212
ENSG00000196526.10	1491	1064	419	1281
ENSG00000196531.10	7184	12526	9057	12976
ENSG00000196535.16	1022	694	934	1505
ENSG00000196542.8	0	59	22	2
ENSG00000196544.7	81	24	90	260
ENSG00000196547.14	877	896	1035	1888
ENSG00000196549.10	11	140	236	176
ENSG00000196550.10	38	35	16	45
ENSG00000196557.12	1364	1	61	7
ENSG00000196562.14	1289	507	503	1022
ENSG00000196569.12	17	6	104	21
ENSG00000196576.14	6375	5547	6950	9250
ENSG00000196581.10	236	132	1051	1290
ENSG00000196584.2	149	223	207	575
ENSG00000196586.13	2863	761	887	969
ENSG00000196588.15	597	471	331	815
ENSG00000196591.11	2532	1526	1653	2285
ENSG00000196593.9	226	3	3	107
ENSG00000196597.11	53	79	33	88
ENSG00000196604.12	53	90	46	20
ENSG00000196605.7	121	105	30	149
ENSG00000196611.4	3	1	8	1
ENSG00000196628.16	430	93	101	498
ENSG00000196632.10	58	13	51	137
ENSG00000196636.7	82	160	147	172
ENSG00000196639.6	110	273	596	322
ENSG00000196642.18	1148	2408	1481	1792
ENSG00000196646.11	264	455	216	371
ENSG00000196652.11	301	167	210	312
ENSG00000196653.11	83	94	149	178
ENSG00000196655.11	307	186	384	443
ENSG00000196656.7	24	102	21	27
ENSG00000196659.9	512	143	50	342
ENSG00000196663.15	369	394	316	890
ENSG00000196664.4	8	7	6	14
ENSG00000196668.3	25	151	16	226
ENSG00000196670.13	514	485	984	764
ENSG00000196678.13	247	176	143	306
ENSG00000196683.10	761	965	1294	3359
ENSG00000196684.12	121	491	229	709
ENSG00000196689.12	173	216	118	533
ENSG00000196693.14	1172	425	642	1482
ENSG00000196696.12	249	108	410	325
ENSG00000196700.8	2389	1278	2274	3526
ENSG00000196704.11	968	654	551	968
ENSG00000196705.8	848	1130	791	665
ENSG00000196712.17	2435	1723	979	1827
ENSG00000196715.6	1298	1391	746	1497
ENSG00000196724.12	174	54	157	774
ENSG00000196730.12	1184	685	473	978
ENSG00000196735.11	29	47	6	50
ENSG00000196739.14	412	2922	597	1869
ENSG00000196741.5	13	22	13	114
ENSG00000196743.8	775	747	1425	1204
ENSG00000196747.4	0	3	10	51
ENSG00000196754.10	483	454	641	207
ENSG00000196756.11	581	644	945	530
ENSG00000196757.7	347	611	372	889
ENSG00000196776.15	9390	10536	4950	26458
ENSG00000196781.14	1016	1146	610	1182
ENSG00000196782.12	197	189	76	226
ENSG00000196787.3	29	13	20	74
ENSG00000196792.11	653	511	514	916
ENSG00000196793.13	205	71	234	658
ENSG00000196810.4	247	241	56	386
ENSG00000196812.4	177	29	100	154
ENSG00000196814.14	125	136	54	399
ENSG00000196821.9	1829	669	1432	3870
ENSG00000196839.12	172	73	218	376
ENSG00000196843.15	402	108	80	276
ENSG00000196844.8	1	0	0	1
ENSG00000196850.5	931	952	877	1492
ENSG00000196859.7	0	2	1	4
ENSG00000196865.4	877	810	484	1305
ENSG00000196867.7	221	58	119	526
ENSG00000196872.11	1194	519	482	1243
ENSG00000196873.15	76	147	222	105
ENSG00000196876.15	272	61	307	652
ENSG00000196878.14	3792	635	3957	6305
ENSG00000196890.4	27	87	18	112
ENSG00000196911.10	247	140	227	268
ENSG00000196912.12	97	83	127	163
ENSG00000196914.8	2714	1225	2437	2355
ENSG00000196917.5	999	387	377	230
ENSG00000196922.10	990	1222	1183	688
ENSG00000196923.13	1677	481	1061	1018
ENSG00000196924.15	19210	5193	39844	20961
ENSG00000196932.11	10	0	11	7
ENSG00000196935.8	1510	1102	475	1266
ENSG00000196937.10	2802	2327	2911	3137
ENSG00000196943.13	1000	1568	1126	1619
ENSG00000196950.13	1989	1106	1894	658
ENSG00000196951.10	6	1	43	7
ENSG00000196954.13	823	1041	1105	1046
ENSG00000196961.12	1952	625	1002	1807
ENSG00000196967.10	271	63	260	154
ENSG00000196968.10	322	204	268	679
ENSG00000196972.8	41	16	67	199
ENSG00000196975.15	1903	1537	2396	2855
ENSG00000196976.7	149	712	1009	715
ENSG00000196981.3	180	176	116	518
ENSG00000196993.8	2	1	0	4
ENSG00000196998.17	495	1613	448	2418
ENSG00000197006.13	1033	442	693	1302
ENSG00000197008.9	210	164	146	182
ENSG00000197013.9	103	125	92	178
ENSG00000197016.11	184	47	162	404
ENSG00000197019.4	345	64	369	628
ENSG00000197020.10	345	257	161	312
ENSG00000197021.8	158	285	473	489
ENSG00000197024.8	279	102	155	325
ENSG00000197037.10	432	374	241	533
ENSG00000197043.13	517	451	1047	2122
ENSG00000197044.10	123	166	111	217
ENSG00000197045.12	1762	1285	1099	2701
ENSG00000197046.11	40	22	1	5
ENSG00000197050.10	119	53	142	111
ENSG00000197054.11	63	38	25	38
ENSG00000197056.10	188	306	222	385
ENSG00000197057.9	4	44	1	0
ENSG00000197061.4	3	0	2	5
ENSG00000197062.11	205	59	183	339
ENSG00000197063.10	804	631	474	1033
ENSG00000197070.13	1273	1573	1342	1126
ENSG00000197077.13	646	957	664	1990
ENSG00000197081.13	6493	1663	1590	5702
ENSG00000197083.11	0	0	5	1
ENSG00000197093.10	51	19	19	78
ENSG00000197099.8	3	2	8	5
ENSG00000197102.11	6000	8328	5927	10748
ENSG00000197106.6	4	27	3	3
ENSG00000197111.15	5062	4995	4687	10288
ENSG00000197114.11	511	501	528	703
ENSG00000197119.12	2038	2254	2670	3674
ENSG00000197121.14	196	83	415	233
ENSG00000197122.11	2058	596	316	884
ENSG00000197123.9	39	14	0	1
ENSG00000197124.11	147	142	95	210
ENSG00000197128.11	319	102	187	600
ENSG00000197134.11	36	70	74	91
ENSG00000197136.4	1425	1049	1379	1851
ENSG00000197140.14	54	72	40	47
ENSG00000197142.10	46	133	196	1094
ENSG00000197147.13	456	645	446	667
ENSG00000197149.5	3	0	1	15
ENSG00000197150.12	589	399	961	2027
ENSG00000197153.4	1	0	3	2
ENSG00000197157.10	3244	2058	3033	6341
ENSG00000197162.9	294	119	299	418
ENSG00000197165.10	22	10	5	106
ENSG00000197168.12	163	265	36	32
ENSG00000197170.9	1176	1295	747	1811
ENSG00000197172.10	1	0	4	9
ENSG00000197180.2	28	47	140	143
ENSG00000197181.11	24	16	5	8
ENSG00000197182.14	78	118	194	147
ENSG00000197183.14	3432	1765	1660	3106
ENSG00000197191.4	4	7	64	27
ENSG00000197208.5	26	25	25	23
ENSG00000197217.12	2880	1218	1221	1440
ENSG00000197223.11	622	388	403	722
ENSG00000197226.12	1820	3462	2833	2943
ENSG00000197238.4	2	1	9	2
ENSG00000197245.5	3	0	0	4
ENSG00000197249.13	208	1200	267	201
ENSG00000197251.3	2	3	2	15
ENSG00000197256.10	1318	4987	448	1600
ENSG00000197258.5	32	49	21	36
ENSG00000197261.11	6	4	2	3
ENSG00000197265.8	709	472	246	776
ENSG00000197275.13	49	68	18	53
ENSG00000197279.3	244	117	191	413
ENSG00000197283.16	958	592	1597	2647
ENSG00000197291.8	3	3	1	74
ENSG00000197296.5	245	249	314	309
ENSG00000197299.11	106	101	45	168
ENSG00000197301.7	48	2	26	127
ENSG00000197302.10	564	111	243	625
ENSG00000197312.11	782	938	861	905
ENSG00000197321.14	3776	727	1399	13429
ENSG00000197323.11	4580	1334	1105	1468
ENSG00000197324.8	3289	2106	1965	4521
ENSG00000197329.11	1152	391	1557	1066
ENSG00000197332.8	10	18	4	15
ENSG00000197343.10	1501	792	1603	1933
ENSG00000197345.12	451	475	844	466
ENSG00000197353.3	81	3286	1303	97
ENSG00000197355.10	330	873	488	721
ENSG00000197358.9	4	19	7	11
ENSG00000197360.9	56	2	12	28
ENSG00000197361.7	15	33	2	23
ENSG00000197362.14	240	79	128	325
ENSG00000197363.9	147	165	146	140
ENSG00000197372.9	321	142	484	305
ENSG00000197375.12	384	435	837	773
ENSG00000197380.10	5	4	13	16
ENSG00000197381.15	660	217	500	944
ENSG00000197385.5	21	24	67	93
ENSG00000197386.12	1633	2222	573	1097
ENSG00000197405.7	158	96	119	188
ENSG00000197410.13	21	23	42	17
ENSG00000197415.11	16	56	87	856
ENSG00000197417.7	36	49	34	101
ENSG00000197421.9	0	0	120	4
ENSG00000197429.10	171	175	195	228
ENSG00000197442.9	1307	112	284	155
ENSG00000197444.9	858	1033	183	2332
ENSG00000197448.13	1158	700	2760	4524
ENSG00000197451.11	2224	3053	3059	5039
ENSG00000197457.9	323	123	209	236
ENSG00000197461.13	483	113	147	1063
ENSG00000197467.14	18	56	20	180
ENSG00000197471.11	5	19	10	26
ENSG00000197472.14	65	60	33	45
ENSG00000197479.6	573	116	112	137
ENSG00000197483.9	280	146	168	715
ENSG00000197496.5	372	69	562	1537
ENSG00000197497.10	48	37	19	30
ENSG00000197498.12	436	371	682	699
ENSG00000197506.7	163	114	48	76
ENSG00000197530.12	583	1147	1041	1510
ENSG00000197535.14	266	384	273	348
ENSG00000197536.11	105	102	92	296
ENSG00000197540.7	1	1	0	3
ENSG00000197548.12	341	449	426	281
ENSG00000197555.9	1189	1327	1191	2126
ENSG00000197557.6	787	179	132	705
ENSG00000197558.11	75	50	56	386
ENSG00000197562.9	736	221	390	812
ENSG00000197563.10	483	295	122	484
ENSG00000197565.15	13	7	4	159
ENSG00000197566.9	112	27	41	67
ENSG00000197568.13	23	33	63	58
ENSG00000197576.13	1	1	0	143
ENSG00000197579.7	446	463	549	385
ENSG00000197580.11	51	69	96	48
ENSG00000197582.5	7	14	19	39
ENSG00000197584.11	6	1	2	109
ENSG00000197586.12	2556	1629	2422	3187
ENSG00000197587.10	0	53	5	5
ENSG00000197594.12	33	87	42	36
ENSG00000197599.12	45	23	12	185
ENSG00000197601.12	1430	2197	1164	2317
ENSG00000197603.13	524	784	552	1146
ENSG00000197608.11	378	140	335	300
ENSG00000197614.10	63	10	12	2011
ENSG00000197616.11	4	0	0	4
ENSG00000197619.13	162	42	89	53
ENSG00000197620.10	86	184	235	289
ENSG00000197622.12	3920	1432	1557	2461
ENSG00000197629.5	75	14	74	62
ENSG00000197632.8	509	5	114	717
ENSG00000197635.9	39	12	71	100
ENSG00000197646.7	1	0	4	7
ENSG00000197647.11	177	121	116	165
ENSG00000197653.15	36	134	15	50
ENSG00000197670.6	1	8	8	2
ENSG00000197694.15	7915	8571	5819	8323
ENSG00000197696.9	222	107	140	82
ENSG00000197702.12	1412	1713	383	1470
ENSG00000197705.9	965	728	2142	4678
ENSG00000197712.11	623	401	544	581
ENSG00000197713.14	799	737	851	1139
ENSG00000197714.8	40	11	38	140
ENSG00000197721.16	1	1	1	6
ENSG00000197724.10	880	775	902	703
ENSG00000197728.11	1671	5774	2453	2943
ENSG00000197744.5	5	1	5	5
ENSG00000197746.13	18891	6096	19345	40864
ENSG00000197747.8	2518	827	4607	8792
ENSG00000197748.12	193	248	22	178
ENSG00000197756.9	9002	22131	11565	20076
ENSG00000197757.7	4	15	15	35
ENSG00000197763.15	60	101	111	488
ENSG00000197766.7	36	5	73	44
ENSG00000197768.10	9	3	8	7
ENSG00000197769.5	15	1	5	5
ENSG00000197771.12	1227	1266	606	1846
ENSG00000197774.12	681	318	1343	754
ENSG00000197776.7	12	67	20	24
ENSG00000197779.13	82	51	50	315
ENSG00000197780.9	2048	261	874	745
ENSG00000197782.14	201	76	157	414
ENSG00000197785.13	316	749	348	593
ENSG00000197798.8	224	99	194	260
ENSG00000197808.11	129	37	115	285
ENSG00000197813.5	7	0	2	6
ENSG00000197815.4	5	3	12	4
ENSG00000197816.13	37	147	15	25
ENSG00000197818.11	915	476	553	1040
ENSG00000197822.10	929	1081	168	906
ENSG00000197837.3	39	25	21	192
ENSG00000197841.14	68	150	172	372
ENSG00000197847.12	17	57	8	90
ENSG00000197849.6	0	2	0	7
ENSG00000197852.10	4	2	2	5
ENSG00000197857.13	257	400	292	388
ENSG00000197858.10	1606	4290	2863	2035
ENSG00000197859.9	11	8	15	92
ENSG00000197860.9	243	193	118	311
ENSG00000197863.8	175	31	46	62
ENSG00000197872.11	100	27	185	131
ENSG00000197879.16	2201	3407	2998	5804
ENSG00000197885.10	64	56	107	144
ENSG00000197889.9	1	1	0	11
ENSG00000197892.12	1943	2171	364	1080
ENSG00000197893.13	5	10	1	1
ENSG00000197894.10	1765	881	550	1598
ENSG00000197903.7	33	115	162	676
ENSG00000197905.8	273	475	398	703
ENSG00000197912.15	1971	1676	1139	2383
ENSG00000197915.5	1	1	1	2
ENSG00000197921.5	1	0	0	0
ENSG00000197927.12	16	17	5	15
ENSG00000197928.10	564	79	427	122
ENSG00000197930.12	2391	2178	2119	3326
ENSG00000197933.12	125	156	49	101
ENSG00000197935.6	139	21	28	114
ENSG00000197937.12	338	105	242	213
ENSG00000197943.9	139	138	305	262
ENSG00000197948.10	825	446	706	1013
ENSG00000197951.9	207	71	75	585
ENSG00000197953.5	1	1	0	10
ENSG00000197956.9	8270	2572	15583	17627
ENSG00000197958.12	6456	20374	10519	16596
ENSG00000197959.13	111	78	320	81
ENSG00000197961.11	1014	2833	546	1634
ENSG00000197965.11	2281	1691	1188	2487
ENSG00000197969.12	508	863	395	619
ENSG00000197971.14	1120	473	280	1037
ENSG00000197977.3	6	2	8	5
ENSG00000197978.9	651	726	475	997
ENSG00000197980.12	27	32	8	54
ENSG00000197982.13	416	398	543	1327
ENSG00000197989.14	455	823	1077	1619
ENSG00000197993.8	24	2	4	7
ENSG00000198000.11	591	753	698	608
ENSG00000198001.13	764	185	390	355
ENSG00000198003.11	55	135	32	90
ENSG00000198015.12	1630	1466	1086	1772
ENSG00000198018.6	264	110	136	363
ENSG00000198019.12	13	4	8	4
ENSG00000198026.7	712	557	708	1067
ENSG00000198028.3	1	76	113	6
ENSG00000198034.10	6518	14275	5891	32106
ENSG00000198039.11	163	124	137	196
ENSG00000198040.10	1544	676	943	869
ENSG00000198042.10	627	598	314	543
ENSG00000198046.11	307	203	400	825
ENSG00000198049.6	3	5	5	1
ENSG00000198053.11	243	311	312	594
ENSG00000198054.12	0	0	1	183
ENSG00000198055.10	663	811	480	1122
ENSG00000198056.13	102	218	43	160
ENSG00000198060.9	1177	415	742	1825
ENSG00000198064.13	95	36	61	83
ENSG00000198074.9	0	3	82	39
ENSG00000198075.9	73	0	0	6
ENSG00000198081.10	216	185	162	453
ENSG00000198087.7	2088	1395	1164	1643
ENSG00000198088.10	18	27	5	153
ENSG00000198089.15	312	432	512	606
ENSG00000198093.10	296	93	176	126
ENSG00000198105.13	460	168	688	733
ENSG00000198106.8	5	4	2	13
ENSG00000198108.3	47	4	1	0
ENSG00000198113.2	566	324	313	259
ENSG00000198121.13	47	137	28	5
ENSG00000198125.12	1	10	17	25
ENSG00000198130.15	767	537	513	338
ENSG00000198131.13	499	176	465	2238
ENSG00000198133.8	3	7	18	26
ENSG00000198142.4	466	214	294	722
ENSG00000198146.4	1205	1198	680	1236
ENSG00000198153.8	2	12	2	10
ENSG00000198155.5	26	24	14	23
ENSG00000198156.10	6	9	0	9
ENSG00000198157.10	64	106	116	257
ENSG00000198160.14	706	706	404	896
ENSG00000198162.12	834	705	1044	1210
ENSG00000198168.8	721	396	262	567
ENSG00000198169.8	743	1472	1505	635
ENSG00000198171.12	2030	2295	3168	2195
ENSG00000198176.12	808	1384	746	2148
ENSG00000198182.12	337	102	148	399
ENSG00000198185.11	591	0	334	847
ENSG00000198189.10	1346	322	182	788
ENSG00000198198.16	1255	2372	1671	2522
ENSG00000198203.9	56	731	121	321
ENSG00000198205.6	36	35	25	80
ENSG00000198208.11	228	496	310	526
ENSG00000198216.11	14	411	16	24
ENSG00000198218.10	897	1325	1254	1579
ENSG00000198221.8	116	46	41	99
ENSG00000198225.5	18	19	23	19
ENSG00000198231.12	4000	4086	2351	3408
ENSG00000198242.13	4523	7191	5911	10948
ENSG00000198246.8	276	67	238	421
ENSG00000198252.11	362	327	297	418
ENSG00000198258.10	1392	2186	969	3184
ENSG00000198265.11	1584	1579	611	1332
ENSG00000198270.12	155	105	163	261
ENSG00000198276.15	1380	733	1181	1487
ENSG00000198286.9	494	95	156	844
ENSG00000198298.12	70	32	78	171
ENSG00000198300.13	126	8	118	34
ENSG00000198301.11	742	339	484	624
ENSG00000198315.10	1126	465	1032	1339
ENSG00000198324.13	475	203	214	682
ENSG00000198326.9	1	0	0	4
ENSG00000198331.10	85	67	57	86
ENSG00000198342.9	16	35	27	24
ENSG00000198346.10	213	80	86	115
ENSG00000198353.7	165	95	287	225
ENSG00000198354.6	11	0	12	4
ENSG00000198355.4	849	1162	809	1245
ENSG00000198356.11	616	3551	1158	2157
ENSG00000198363.17	1727	2491	1442	1338
ENSG00000198369.9	1354	894	471	989
ENSG00000198373.12	640	463	609	932
ENSG00000198380.12	4188	1653	3225	3805
ENSG00000198382.8	1167	754	461	922
ENSG00000198393.7	623	296	1257	895
ENSG00000198399.14	1255	714	914	1584
ENSG00000198400.11	5	3	0	0
ENSG00000198406.7	22	17	18	17
ENSG00000198408.13	3249	2890	3925	8303
ENSG00000198416.9	14	22	16	22
ENSG00000198417.6	1070	1350	2552	555
ENSG00000198420.9	818	333	145	646
ENSG00000198429.9	95	161	26	1
ENSG00000198431.15	2780	1128	2231	8469
ENSG00000198435.3	59	16	65	71
ENSG00000198440.9	50	7	77	182
ENSG00000198443.6	0	0	0	15
ENSG00000198453.12	215	63	281	148
ENSG00000198455.4	143	180	99	342
ENSG00000198464.13	550	200	250	250
ENSG00000198466.11	1459	515	808	6440
ENSG00000198467.14	782	593	1534	882
ENSG00000198468.7	11	21	10	19
ENSG00000198478.7	778	254	592	827
ENSG00000198482.11	231	121	149	123
ENSG00000198483.12	5	8	3	8
ENSG00000198492.15	1760	1520	1402	2296
ENSG00000198496.11	100	119	25	219
ENSG00000198498.9	99	186	218	246
ENSG00000198502.5	148	460	81	605
ENSG00000198513.11	84	46	11	203
ENSG00000198515.13	145	31	4	0
ENSG00000198517.9	1368	614	804	3100
ENSG00000198520.11	62	37	41	165
ENSG00000198521.11	644	526	280	591
ENSG00000198522.13	1050	586	599	911
ENSG00000198535.5	1	19	3	3
ENSG00000198538.10	564	183	219	161
ENSG00000198542.13	2	0	16	0
ENSG00000198546.14	207	208	213	549
ENSG00000198547.8	21	4	0	3
ENSG00000198551.9	501	501	83	467
ENSG00000198553.8	13	19	2	4
ENSG00000198554.11	206	279	129	432
ENSG00000198555.7	30	0	0	1
ENSG00000198556.13	408	448	270	577
ENSG00000198561.13	8726	6990	5192	5618
ENSG00000198563.13	4796	2748	4696	6954
ENSG00000198569.9	5	15	11	35
ENSG00000198570.5	7	0	0	2
ENSG00000198574.5	1	1	2	2
ENSG00000198576.3	81	27	98	76
ENSG00000198585.11	575	1490	697	2579
ENSG00000198586.13	1301	756	746	1030
ENSG00000198589.11	1009	1197	1088	935
ENSG00000198590.11	28	31	18	44
ENSG00000198598.6	3	1	7	13
ENSG00000198604.10	1335	1342	490	1485
ENSG00000198612.10	774	669	727	1035
ENSG00000198618.5	68	141	77	131
ENSG00000198624.12	61	44	40	66
ENSG00000198625.12	1770	1706	1335	1640
ENSG00000198626.15	0	5	0	9
ENSG00000198633.10	16	6	7	0
ENSG00000198642.6	644	693	644	547
ENSG00000198643.6	1	67	2	0
ENSG00000198646.13	3106	1341	1101	3304
ENSG00000198648.10	858	201	467	462
ENSG00000198650.10	2	4	0	1
ENSG00000198663.16	1579	545	1055	1989
ENSG00000198668.10	5543	5412	6565	7215
ENSG00000198673.10	68	3	9	9
ENSG00000198677.11	1113	1432	1170	1510
ENSG00000198680.4	180	219	167	401
ENSG00000198681.6	0	0	0	14
ENSG00000198682.12	51	20	33	89
ENSG00000198685.3	0	0	0	5
ENSG00000198689.11	230	736	738	633
ENSG00000198690.9	441	830	770	896
ENSG00000198691.12	43	20	149	237
ENSG00000198695.2	5442	9247	12599	5216
ENSG00000198700.9	2304	2270	1303	2088
ENSG00000198707.14	713	580	591	726
ENSG00000198711.5	5	9	4	26
ENSG00000198712.1	21840	63911	51567	101324
ENSG00000198715.12	1302	531	608	2837
ENSG00000198718.12	377	182	245	703
ENSG00000198719.8	663	3	26	88
ENSG00000198720.12	248	132	147	364
ENSG00000198721.12	331	280	402	571
ENSG00000198722.14	644	598	1051	770
ENSG00000198723.10	32	35	0	41
ENSG00000198727.2	22291	47243	40049	92696
ENSG00000198728.10	1661	772	1706	3454
ENSG00000198729.4	164	109	49	124
ENSG00000198730.8	1250	831	638	1168
ENSG00000198732.10	6	0	0	3
ENSG00000198734.10	4	4	5	3
ENSG00000198736.11	326	71	279	310
ENSG00000198740.8	347	559	624	695
ENSG00000198742.9	1236	980	585	1127
ENSG00000198743.6	863	735	935	890
ENSG00000198744.5	44	105	37	140
ENSG00000198746.12	167	202	134	314
ENSG00000198752.10	2309	2284	3134	4597
ENSG00000198753.11	61	59	124	350
ENSG00000198754.5	4	2	0	13
ENSG00000198755.10	6312	10548	6834	14914
ENSG00000198756.11	23	13	35	262
ENSG00000198758.10	1	17	0	1
ENSG00000198759.11	134	33	63	123
ENSG00000198763.3	54104	72148	97486	160137
ENSG00000198765.11	2	2	1	0
ENSG00000198768.10	3	1	1	3
ENSG00000198771.10	18	27	12	23
ENSG00000198774.4	131	753	24	195
ENSG00000198780.11	83	236	17	137
ENSG00000198783.5	245	110	91	296
ENSG00000198785.4	5	2	0	0
ENSG00000198786.2	34192	49907	66048	85383
ENSG00000198788.8	1	4	3	4
ENSG00000198791.11	2622	2376	770	1385
ENSG00000198792.12	492	544	1092	1381
ENSG00000198793.12	1189	1446	1361	2429
ENSG00000198794.11	317	116	295	721
ENSG00000198795.10	0	2	6	492
ENSG00000198796.6	4	1	1	23
ENSG00000198799.11	460	534	568	779
ENSG00000198804.2	106675	181109	113592	294607
ENSG00000198805.11	478	567	197	1172
ENSG00000198807.12	1	74	0	0
ENSG00000198814.12	49	100	56	84
ENSG00000198815.8	1058	1279	1360	2379
ENSG00000198816.6	1063	1093	192	1242
ENSG00000198818.9	813	438	441	796
ENSG00000198821.10	4	4	3	6
ENSG00000198824.6	503	573	202	628
ENSG00000198825.13	740	348	284	690
ENSG00000198826.10	313	717	476	868
ENSG00000198829.6	3	1	1	3
ENSG00000198830.10	1903	4504	2655	5637
ENSG00000198832.10	206	3	64	41
ENSG00000198833.6	2508	686	1142	2014
ENSG00000198835.3	127	34	136	69
ENSG00000198836.9	2719	1862	1888	3807
ENSG00000198837.9	1679	1141	1397	2522
ENSG00000198838.13	52	19	14	8
ENSG00000198839.9	263	297	185	328
ENSG00000198840.2	18808	29739	40053	49974
ENSG00000198841.3	65	54	55	142
ENSG00000198842.9	2	15	0	0
ENSG00000198843.12	980	784	1731	3151
ENSG00000198844.11	9	1	1	24
ENSG00000198846.5	49	13	7	242
ENSG00000198848.12	5	0	0	10
ENSG00000198851.9	1	7	4	1
ENSG00000198853.11	303	298	366	324
ENSG00000198855.6	167	37	85	223
ENSG00000198856.12	1000	607	960	1603
ENSG00000198858.9	458	451	426	883
ENSG00000198860.12	589	430	602	1962
ENSG00000198862.13	701	812	766	629
ENSG00000198863.7	673	1124	221	588
ENSG00000198865.9	32	74	70	83
ENSG00000198868.3	3	1	3	9
ENSG00000198870.7	6	31	4	13
ENSG00000198873.11	40	10	47	98
ENSG00000198874.12	507	449	394	516
ENSG00000198876.12	1171	1235	1225	986
ENSG00000198879.11	12	36	16	28
ENSG00000198881.9	5	2	3	9
ENSG00000198883.11	0	1	0	28
ENSG00000198885.9	6	2	5	46
ENSG00000198886.2	56844	123334	117113	147902
ENSG00000198887.8	1370	1633	1524	759
ENSG00000198888.2	58732	46545	65339	129572
ENSG00000198889.4	18	2	33	13
ENSG00000198890.8	2535	365	552	629
ENSG00000198892.6	285	88	160	296
ENSG00000198894.7	714	611	565	802
ENSG00000198898.13	1640	1957	1275	2379
ENSG00000198899.2	27885	70372	47234	80103
ENSG00000198900.5	3464	1970	2879	1963
ENSG00000198901.13	98	133	61	335
ENSG00000198908.11	60	117	70	296
ENSG00000198909.7	642	684	518	874
ENSG00000198910.13	3570	462	5481	12943
ENSG00000198911.11	1091	2590	1664	1638
ENSG00000198912.10	322	467	296	625
ENSG00000198915.11	588	355	463	520
ENSG00000198917.12	467	655	322	490
ENSG00000198918.7	2073	8267	5072	9328
ENSG00000198919.12	267	329	207	861
ENSG00000198920.9	439	420	203	704
ENSG00000198924.7	385	236	247	576
ENSG00000198925.11	756	613	544	790
ENSG00000198929.12	85	93	57	52
ENSG00000198930.12	41	0	0	3
ENSG00000198931.10	481	921	1193	1079
ENSG00000198932.12	89	103	9	305
ENSG00000198933.9	113	198	69	258
ENSG00000198934.4	41	11	26	82
ENSG00000198937.8	353	98	306	305
ENSG00000198938.2	39566	106766	49156	150359
ENSG00000198939.7	66	7	21	30
ENSG00000198944.5	22	20	28	36
ENSG00000198945.7	264	115	160	350
ENSG00000198947.15	102	239	29	875
ENSG00000198948.11	68	6	83	56
ENSG00000198951.11	481	166	371	649
ENSG00000198952.8	3655	2474	2490	7307
ENSG00000198954.7	533	183	476	1153
ENSG00000198959.11	5146	690	8319	2337
ENSG00000198960.10	149	246	131	699
ENSG00000198961.9	1811	1461	641	2901
ENSG00000198964.13	510	329	274	778
ENSG00000200087.1	1	2	0	8
ENSG00000202058.1	0	1	2	4
ENSG00000203279.3	1	4	0	2
ENSG00000203280.4	2	3	1	5
ENSG00000203288.3	32	26	21	66
ENSG00000203326.11	329	211	228	184
ENSG00000203327.2	8	5	0	3
ENSG00000203392.3	31	7	4	46
ENSG00000203435.2	5	2	13	6
ENSG00000203441.2	1	2	3	4
ENSG00000203446.2	1	2	1	0
ENSG00000203485.12	4547	6820	1601	5389
ENSG00000203497.2	4	13	3	32
ENSG00000203499.11	745	683	819	252
ENSG00000203546.7	9	18	4	7
ENSG00000203585.4	0	0	1	1
ENSG00000203635.2	100	99	65	36
ENSG00000203644.3	30	91	45	335
ENSG00000203645.2	23	26	10	11
ENSG00000203650.8	23	13	5	31
ENSG00000203666.12	141	351	188	362
ENSG00000203667.9	739	865	1010	1349
ENSG00000203668.2	365	488	577	512
ENSG00000203684.5	1	0	0	3
ENSG00000203685.9	7	9	4	39
ENSG00000203688.5	4	2	0	17
ENSG00000203697.11	41	143	16	48
ENSG00000203705.10	200	98	132	146
ENSG00000203706.8	17	62	24	53
ENSG00000203709.11	230	165	97	93
ENSG00000203710.11	92	135	28	19
ENSG00000203711.13	2	5	4	9
ENSG00000203722.7	1	3	9	9
ENSG00000203724.10	14	30	44	66
ENSG00000203727.3	16	10	136	5
ENSG00000203734.11	6	7	2	0
ENSG00000203739.3	9	2	13	26
ENSG00000203747.10	431	162	411	329
ENSG00000203760.8	42	70	104	281
ENSG00000203761.5	31	24	35	92
ENSG00000203772.7	19	21	36	22
ENSG00000203778.7	90	38	138	180
ENSG00000203780.10	195	40	19	48
ENSG00000203791.14	210	142	277	389
ENSG00000203797.9	0	8	5	64
ENSG00000203799.12	19	14	272	280
ENSG00000203801.8	9	0	2	0
ENSG00000203804.4	87	30	47	62
ENSG00000203805.10	0	6	43	31
ENSG00000203808.11	1	0	2	4
ENSG00000203812.2	5	6	3	16
ENSG00000203814.6	45	91	91	258
ENSG00000203865.9	9	13	10	19
ENSG00000203867.7	6	10	1	32
ENSG00000203872.6	8	8	9	23
ENSG00000203875.11	587	872	991	1628
ENSG00000203876.9	9	10	2	9
ENSG00000203879.11	1664	4048	4477	3807
ENSG00000203880.11	2573	1068	2188	1982
ENSG00000203883.6	106	2	33	88
ENSG00000203896.9	81	268	63	239
ENSG00000203907.9	0	0	2	83
ENSG00000203914.4	0	0	0	9
ENSG00000203930.11	4	3	15	10
ENSG00000203942.4	0	0	1	5
ENSG00000203943.8	12	8	16	33
ENSG00000203950.6	293	822	770	948
ENSG00000203952.9	1	64	5	6
ENSG00000203965.12	135	199	63	249
ENSG00000203985.10	190	120	8	236
ENSG00000203993.4	99	176	227	278
ENSG00000203995.9	25	4	97	105
ENSG00000203999.8	13	11	12	45
ENSG00000204022.9	1	2	2	6
ENSG00000204044.6	1	1	2	5
ENSG00000204052.4	67	69	6	60
ENSG00000204054.13	1896	11149	628	2799
ENSG00000204055.4	77	119	51	83
ENSG00000204060.7	259	57	304	572
ENSG00000204065.2	4	3	1	331
ENSG00000204070.9	796	509	1046	974
ENSG00000204072.3	1	0	0	6
ENSG00000204084.12	197	278	320	674
ENSG00000204086.4	0	1	2	3
ENSG00000204091.7	2	0	6	14
ENSG00000204099.11	39	23	27	115
ENSG00000204103.3	699	204	454	432
ENSG00000204104.11	567	598	466	666
ENSG00000204116.11	216	247	196	737
ENSG00000204118.2	9	0	0	80
ENSG00000204120.14	1544	1939	1615	1789
ENSG00000204128.5	19	67	32	27
ENSG00000204130.13	476	150	356	714
ENSG00000204131.9	46	124	3	44
ENSG00000204136.10	5	0	3	15
ENSG00000204138.12	1750	1414	908	1482
ENSG00000204147.10	109	37	61	201
ENSG00000204149.10	492	180	489	849
ENSG00000204152.10	316	94	254	488
ENSG00000204160.11	433	446	324	405
ENSG00000204161.13	4	20	8	49
ENSG00000204172.12	265	130	266	680
ENSG00000204175.5	73	29	80	637
ENSG00000204176.13	0	1	0	8
ENSG00000204177.10	129	48	195	269
ENSG00000204178.10	729	440	652	685
ENSG00000204179.10	25	1	74	170
ENSG00000204186.8	3	281	1	2
ENSG00000204194.1	1	4	6	7
ENSG00000204195.3	0	0	0	1
ENSG00000204209.12	806	284	594	1199
ENSG00000204217.13	3051	1282	1314	1440
ENSG00000204219.10	327	363	428	989
ENSG00000204220.11	646	408	822	1334
ENSG00000204227.4	944	646	1026	2257
ENSG00000204228.3	133	163	219	346
ENSG00000204231.10	887	509	1258	1589
ENSG00000204237.4	191	262	173	565
ENSG00000204241.7	14	0	6	12
ENSG00000204248.10	210	18	32	1141
ENSG00000204252.13	21	84	70	1052
ENSG00000204253.4	26	32	28	57
ENSG00000204256.12	5546	1871	3850	5609
ENSG00000204257.14	114	178	305	1528
ENSG00000204261.8	27	19	52	95
ENSG00000204262.12	490	97	143	506
ENSG00000204264.9	425	370	776	931
ENSG00000204267.13	367	130	452	734
ENSG00000204271.12	209	321	295	603
ENSG00000204272.12	247	274	26	623
ENSG00000204277.1	0	1	16	123
ENSG00000204282.4	457	245	145	720
ENSG00000204287.13	633	1072	1617	4786
ENSG00000204291.10	27	20	8	17
ENSG00000204301.6	14	11	16	35
ENSG00000204304.11	3199	477	2221	5539
ENSG00000204305.13	148	33	58	283
ENSG00000204308.7	935	686	1079	1881
ENSG00000204310.12	1048	437	1055	1920
ENSG00000204311.13	85	121	30	164
ENSG00000204314.11	15	14	26	27
ENSG00000204315.3	75	50	113	181
ENSG00000204316.12	166	158	120	289
ENSG00000204323.5	215	19	40	82
ENSG00000204334.7	5	8	14	19
ENSG00000204335.3	4	22	3	45
ENSG00000204338.8	3	8	106	125
ENSG00000204344.14	247	115	236	533
ENSG00000204348.9	324	137	554	643
ENSG00000204351.11	1084	572	1241	1767
ENSG00000204356.13	949	544	860	1664
ENSG00000204362.6	1	1	4	4
ENSG00000204366.3	235	98	144	441
ENSG00000204370.10	845	2517	1904	1133
ENSG00000204371.11	1741	1007	1478	3201
ENSG00000204380.4	3	10	13	0
ENSG00000204381.11	235	81	73	208
ENSG00000204385.11	1669	1785	1529	732
ENSG00000204386.10	1682	640	1521	3069
ENSG00000204387.13	1707	768	3809	5161
ENSG00000204388.6	5632	645	3510	3871
ENSG00000204389.9	165	13	3287	4542
ENSG00000204390.9	35	8	21	62
ENSG00000204392.10	454	190	353	415
ENSG00000204394.12	1611	566	1275	2189
ENSG00000204396.10	212	23	71	241
ENSG00000204397.7	32	31	64	73
ENSG00000204406.13	398	195	352	322
ENSG00000204410.14	119	91	85	165
ENSG00000204420.9	21	5	6	10
ENSG00000204421.2	101	13	14	96
ENSG00000204427.11	301	65	131	296
ENSG00000204428.12	12	4	2	22
ENSG00000204435.13	680	331	759	1248
ENSG00000204438.10	318	113	217	424
ENSG00000204439.3	551	225	325	672
ENSG00000204442.3	1	0	3	0
ENSG00000204444.10	4	6	13	53
ENSG00000204446.4	5	1	1	12
ENSG00000204460.3	64	0	10	3
ENSG00000204463.12	4855	2090	3212	6009
ENSG00000204469.12	5578	3076	4519	8747
ENSG00000204472.12	96	43	76	67
ENSG00000204482.10	23	7	24	24
ENSG00000204498.10	404	223	423	620
ENSG00000204514.9	256	105	216	601
ENSG00000204516.9	81	9	256	197
ENSG00000204518.2	2	10	0	1
ENSG00000204519.10	174	137	134	593
ENSG00000204520.12	158	121	204	195
ENSG00000204524.6	47	26	36	153
ENSG00000204525.16	4906	784	12300	9850
ENSG00000204528.3	0	59	6	17
ENSG00000204529.4	0	0	0	2
ENSG00000204531.17	14	1017	421	719
ENSG00000204536.13	406	173	502	808
ENSG00000204538.3	4	3	1	4
ENSG00000204539.3	17	7	21	347
ENSG00000204540.10	56	28	80	596
ENSG00000204542.2	3	7	40	39
ENSG00000204544.5	7	14	33	0
ENSG00000204560.9	815	571	566	1483
ENSG00000204564.11	321	146	337	443
ENSG00000204568.11	596	498	687	978
ENSG00000204569.9	938	1112	1231	1328
ENSG00000204572.9	6	9	6	2
ENSG00000204574.12	2024	787	1309	2482
ENSG00000204576.11	208	126	181	353
ENSG00000204577.11	36	21	21	13
ENSG00000204580.13	6478	3274	6260	8657
ENSG00000204581.2	1	1	0	6
ENSG00000204584.1	7	20	18	54
ENSG00000204588.5	12	155	29	147
ENSG00000204590.12	1453	480	1019	2423
ENSG00000204592.8	3450	2291	2526	5934
ENSG00000204599.14	381	91	265	647
ENSG00000204603.6	29	3	6	22
ENSG00000204604.10	550	142	230	165
ENSG00000204610.12	3	62	16	19
ENSG00000204611.6	200	66	99	82
ENSG00000204613.10	3	12	3	7
ENSG00000204616.10	1	1	2	1
ENSG00000204618.8	32	25	22	69
ENSG00000204619.7	1336	448	1186	1526
ENSG00000204620.3	1	1	2	3
ENSG00000204622.11	4	0	4	7
ENSG00000204623.9	175	86	215	430
ENSG00000204624.7	6	3	1	1
ENSG00000204628.11	5719	24920	29103	19250
ENSG00000204632.11	96	1	90	16
ENSG00000204634.12	1092	514	551	997
ENSG00000204642.13	149	90	360	554
ENSG00000204644.9	6	0	5	8
ENSG00000204650.14	247	445	186	329
ENSG00000204653.9	0	0	6	0
ENSG00000204661.9	2	3	2	2
ENSG00000204673.10	629	355	618	1032
ENSG00000204677.10	7	4	2	50
ENSG00000204681.10	1138	22	570	671
ENSG00000204682.5	107	10	513	3402
ENSG00000204685.6	60	40	64	163
ENSG00000204706.14	17	11	24	8
ENSG00000204710.2	17	0	0	0
ENSG00000204711.8	5	6	1	1
ENSG00000204713.10	1488	627	963	2174
ENSG00000204740.10	1	0	4	3
ENSG00000204745.4	29	36	33	39
ENSG00000204758.7	15	5	15	86
ENSG00000204764.13	69	80	109	146
ENSG00000204778.4	8	4	13	0
ENSG00000204789.4	92	26	81	88
ENSG00000204791.10	2	19	2	0
ENSG00000204792.2	3	0	8	7
ENSG00000204802.3	3	1	11	3
ENSG00000204815.9	80	94	25	49
ENSG00000204822.6	68	77	86	175
ENSG00000204839.8	1997	2296	1211	541
ENSG00000204842.15	967	685	1023	1799
ENSG00000204843.12	4019	1819	1356	3947
ENSG00000204850.4	2	1	11	2
ENSG00000204851.6	68	10	46	38
ENSG00000204852.15	652	481	319	1258
ENSG00000204856.11	44	232	95	197
ENSG00000204859.12	260	400	507	520
ENSG00000204860.4	7	22	97	2
ENSG00000204866.8	1	2	13	1
ENSG00000204869.8	0	2	18	5
ENSG00000204876.4	1	0	2	2
ENSG00000204882.3	22	7	7	18
ENSG00000204899.5	404	662	428	453
ENSG00000204920.10	107	9	187	200
ENSG00000204922.4	194	648	379	286
ENSG00000204923.3	43	40	29	33
ENSG00000204934.10	35	18	50	109
ENSG00000204936.9	25	0	2	24
ENSG00000204946.9	776	773	470	1297
ENSG00000204947.8	133	28	111	191
ENSG00000204949.8	3	1	1	0
ENSG00000204950.3	138	46	18	31
ENSG00000204952.2	1	5	0	1
ENSG00000204954.9	196	166	139	343
ENSG00000204956.5	34	39	26	86
ENSG00000204959.4	202	117	263	859
ENSG00000204961.6	4	3	7	1
ENSG00000204962.5	7	2	3	30
ENSG00000204963.5	5	24	19	4
ENSG00000204965.8	32	0	30	0
ENSG00000204967.10	1	0	54	1
ENSG00000204969.6	5	5	3	0
ENSG00000204970.9	2	7	8	2
ENSG00000204977.9	416	355	209	252
ENSG00000204983.13	32	19	28	187
ENSG00000204991.10	610	196	162	919
ENSG00000205002.3	16	42	83	126
ENSG00000205038.11	6	442	22	6
ENSG00000205041.1	23	17	23	56
ENSG00000205045.8	1	2	0	5
ENSG00000205056.8	1	2	0	0
ENSG00000205060.10	257	174	130	467
ENSG00000205078.5	14	7	5	9
ENSG00000205084.10	374	307	100	172
ENSG00000205085.11	56	82	77	524
ENSG00000205089.7	35	1	21	9
ENSG00000205090.8	12	0	8	29
ENSG00000205100.2	2	5	2	2
ENSG00000205106.4	1	1	3	4
ENSG00000205111.8	5	0	0	0
ENSG00000205116.3	12	3	3	7
ENSG00000205129.8	20	54	31	35
ENSG00000205133.11	669	369	492	462
ENSG00000205138.3	94	42	91	371
ENSG00000205155.7	639	294	957	2137
ENSG00000205177.6	0	0	0	7
ENSG00000205181.5	24	44	21	362
ENSG00000205189.11	1913	1552	326	923
ENSG00000205208.4	120	168	218	194
ENSG00000205209.7	20	9	6	21
ENSG00000205212.4	32	6	0	4
ENSG00000205213.13	1315	1776	735	3411
ENSG00000205220.11	179	245	267	380
ENSG00000205221.12	1	0	3	5
ENSG00000205250.8	789	562	1075	1129
ENSG00000205268.10	589	579	417	988
ENSG00000205269.5	111	197	112	109
ENSG00000205277.9	7	1	12	202
ENSG00000205293.4	0	0	0	3
ENSG00000205302.6	1161	1441	1038	1726
ENSG00000205307.11	76	6	4	35
ENSG00000205309.13	21	46	6	65
ENSG00000205323.8	49	57	34	83
ENSG00000205325.1	8	3	7	13
ENSG00000205334.2	70	14	17	10
ENSG00000205336.11	2009	1660	7440	2926
ENSG00000205339.9	3148	4204	1965	5244
ENSG00000205352.10	1760	997	1163	1485
ENSG00000205356.9	557	329	586	640
ENSG00000205358.3	466	835	1598	53
ENSG00000205359.9	12	14	12	5
ENSG00000205362.11	8	0	53	2
ENSG00000205363.5	3	2	41	21
ENSG00000205364.3	117	101	748	14
ENSG00000205403.13	1122	439	135	899
ENSG00000205413.7	600	233	729	385
ENSG00000205420.10	311	114	949	2671
ENSG00000205423.11	135	100	147	141
ENSG00000205424.1	0	0	0	9
ENSG00000205426.10	99	31	55	42
ENSG00000205436.7	3	11	21	124
ENSG00000205444.3	7	6	1	34
ENSG00000205456.11	32	7	0	1
ENSG00000205464.12	104	131	64	85
ENSG00000205476.8	1080	1151	1505	2878
ENSG00000205482.9	7	6	23	16
ENSG00000205485.13	120	67	153	118
ENSG00000205488.8	20	4	2	11
ENSG00000205502.3	0	0	13	4
ENSG00000205517.12	2469	4472	762	3171
ENSG00000205531.12	2080	2470	1009	2862
ENSG00000205534.6	36	11	16	32
ENSG00000205542.10	17586	10803	8683	27618
ENSG00000205544.3	238	944	319	627
ENSG00000205559.4	3	4	4	24
ENSG00000205560.12	59	42	72	308
ENSG00000205571.13	56	1	102	193
ENSG00000205572.9	16	3	14	31
ENSG00000205578.5	28	8	6	2
ENSG00000205581.10	3729	5576	4305	6333
ENSG00000205583.13	23	21	280	102
ENSG00000205592.14	15	23	4	1
ENSG00000205593.11	206	211	108	282
ENSG00000205609.12	24	29	27	46
ENSG00000205611.4	40	16	12	47
ENSG00000205629.11	391	193	287	552
ENSG00000205632.3	55	14	7	14
ENSG00000205634.6	9	0	0	9
ENSG00000205639.10	2	3	8	9
ENSG00000205643.10	43	38	33	94
ENSG00000205659.10	208	202	170	409
ENSG00000205683.11	30	54	18	18
ENSG00000205702.10	24	7	8	12
ENSG00000205704.6	5	1	7	29
ENSG00000205707.10	264	192	350	273
ENSG00000205710.3	138	7	70	309
ENSG00000205726.14	1202	1010	932	1137
ENSG00000205730.6	1067	601	865	1852
ENSG00000205740.2	26	13	6	39
ENSG00000205744.9	134	346	83	63
ENSG00000205746.9	104	65	95	109
ENSG00000205754.11	0	11	0	0
ENSG00000205758.11	325	863	352	290
ENSG00000205763.13	83	47	40	206
ENSG00000205765.8	640	671	409	1036
ENSG00000205771.6	28	33	25	52
ENSG00000205790.1	7	4	6	1
ENSG00000205791.3	21	6	17	19
ENSG00000205795.4	5	0	19	1
ENSG00000205808.5	258	251	245	261
ENSG00000205822.10	0	0	4	7
ENSG00000205832.7	4	6	3	13
ENSG00000205835.8	13	20	7	8
ENSG00000205837.7	6	1	1	1
ENSG00000205838.14	17	9	11	41
ENSG00000205847.6	6	3	0	0
ENSG00000205853.10	12	35	8	12
ENSG00000205861.11	6	4	12	25
ENSG00000205863.10	37	3	4	14
ENSG00000205867.3	31	0	8	9
ENSG00000205869.2	2	1	1	12
ENSG00000205871.5	0	11	11	10
ENSG00000205885.7	188	213	61	614
ENSG00000205890.3	50	20	98	45
ENSG00000205903.6	2219	762	2733	2720
ENSG00000205913.6	35	143	33	163
ENSG00000205918.9	11	4	29	26
ENSG00000205923.3	25	41	34	24
ENSG00000205927.4	0	41	0	0
ENSG00000205930.8	7	7	11	21
ENSG00000205937.11	3123	1380	1885	3506
ENSG00000205940.8	4	10	5	11
ENSG00000205959.3	16	61	7	23
ENSG00000205978.5	1697	1256	615	1037
ENSG00000205981.7	719	331	666	1311
ENSG00000206013.2	1	33	11	0
ENSG00000206028.1	0	0	2	18
ENSG00000206052.10	8	1	0	1
ENSG00000206053.12	3240	2028	1890	2141
ENSG00000206069.6	3	1	0	3
ENSG00000206073.10	7	0	8	2
ENSG00000206075.13	91	8	19	192
ENSG00000206077.10	56	37	234	388
ENSG00000206113.10	23	59	6	4
ENSG00000206120.11	6	0	1	3
ENSG00000206127.10	0	5	1	4
ENSG00000206129.4	0	1	3	5
ENSG00000206140.10	25	12	77	53
ENSG00000206149.10	341	519	387	482
ENSG00000206150.3	0	3	0	4
ENSG00000206190.11	98	106	280	216
ENSG00000206195.10	402	332	432	395
ENSG00000206199.10	0	11	0	0
ENSG00000206203.4	1	0	4	1
ENSG00000206228.4	4	27	1	13
ENSG00000206249.3	0	0	0	0
ENSG00000206262.8	0	6	2	1
ENSG00000206337.10	77	52	189	242
ENSG00000206341.7	14	6	40	226
ENSG00000206344.7	11	39	14	55
ENSG00000206384.10	0	10	1	6
ENSG00000206417.8	36	28	16	177
ENSG00000206418.4	856	515	452	1391
ENSG00000206432.4	2	0	2	29
ENSG00000206503.12	3459	1989	5564	8074
ENSG00000206527.9	974	1143	1363	3972
ENSG00000206530.10	188	422	90	410
ENSG00000206532.2	3	1	0	4
ENSG00000206535.7	66	40	10	259
ENSG00000206538.8	20	5	7	2
ENSG00000206549.13	5	1	16	70
ENSG00000206557.5	2	3	2	87
ENSG00000206559.7	4	9	11	3
ENSG00000206560.11	811	1595	797	1042
ENSG00000206561.12	58	105	89	88
ENSG00000206562.11	138	189	133	265
ENSG00000206567.9	18	9	27	75
ENSG00000206573.8	324	405	493	4
ENSG00000206579.8	164	68	76	227
ENSG00000207751.3	0	5	1	7
ENSG00000210082.2	116963	165951	101771	353934
ENSG00000211445.11	2148	203	5016	5968
ENSG00000211448.11	2	11	12	2
ENSG00000211450.9	1145	1110	705	1221
ENSG00000211451.12	10	11	20	19
ENSG00000211454.13	11	79	23	28
ENSG00000211455.7	1672	892	469	1138
ENSG00000211456.10	408	790	785	643
ENSG00000211459.2	12442	39854	20159	68617
ENSG00000211460.11	1477	1309	1540	2577
ENSG00000211584.13	973	839	1949	1243
ENSG00000211592.8	9	2	3	1
ENSG00000211643.2	3	3	4	10
ENSG00000211677.2	7	1	2	0
ENSG00000211683.3	1	0	1	8
ENSG00000211772.11	3	1	1	5
ENSG00000211829.9	5	1	23	6
ENSG00000211892.4	19	0	7	12
ENSG00000211895.5	6	5	2	1
ENSG00000211896.7	30	1	8	23
ENSG00000211897.9	45	0	3	21
ENSG00000211898.7	23	0	0	2
ENSG00000211899.10	156	2	2	55
ENSG00000212123.3	91	135	18	158
ENSG00000212124.2	3	0	0	8
ENSG00000212125.2	3	4	3	11
ENSG00000212127.5	37	28	11	83
ENSG00000212664.5	16	20	11	28
ENSG00000212694.8	265	102	464	789
ENSG00000212719.11	140	93	76	223
ENSG00000212724.3	38	0	4	97
ENSG00000212743.2	1	8	0	1
ENSG00000212747.4	116	181	365	345
ENSG00000212766.9	2	3	5	4
ENSG00000212789.4	6	5	2	5
ENSG00000212802.4	22	53	52	40
ENSG00000212829.8	1	5	1	3
ENSG00000212864.3	50	117	182	197
ENSG00000212907.2	5006	11641	12503	16789
ENSG00000212916.4	215	2	92	169
ENSG00000212952.6	1	0	4	0
ENSG00000212978.6	224	77	128	151
ENSG00000212993.5	13	16	30	16
ENSG00000212994.5	1	1	2	2
ENSG00000213015.8	202	118	386	1851
ENSG00000213020.9	393	153	249	127
ENSG00000213023.10	0	1	0	1
ENSG00000213024.11	1315	711	892	920
ENSG00000213047.12	164	160	234	333
ENSG00000213057.5	18	0	29	108
ENSG00000213058.3	0	77	0	12
ENSG00000213062.4	26	9	14	27
ENSG00000213064.9	3094	1731	2172	3038
ENSG00000213066.12	431	254	286	481
ENSG00000213070.3	2	3	1	7
ENSG00000213073.4	37	7	22	49
ENSG00000213079.9	1336	574	653	1060
ENSG00000213080.3	4	15	0	2
ENSG00000213085.9	180	161	62	51
ENSG00000213088.10	2	0	0	13
ENSG00000213089.4	7	5	2	5
ENSG00000213090.2	2	5	2	9
ENSG00000213096.10	582	186	269	555
ENSG00000213100.2	0	3	1	2
ENSG00000213104.3	0	7	1	8
ENSG00000213123.10	61	64	14	123
ENSG00000213131.3	9	6	5	7
ENSG00000213139.7	68	37	52	69
ENSG00000213144.2	8	2	4	7
ENSG00000213145.9	225	270	1577	1031
ENSG00000213152.5	1	1	0	5
ENSG00000213160.9	364	567	129	325
ENSG00000213169.3	0	4	2	2
ENSG00000213171.2	0	12	2	17
ENSG00000213178.3	21	54	44	40
ENSG00000213185.6	72	6	78	90
ENSG00000213186.7	215	34	139	267
ENSG00000213190.3	278	23	73	51
ENSG00000213194.3	5	0	0	2
ENSG00000213199.7	6	109	9	277
ENSG00000213203.2	15	14	9	6
ENSG00000213204.8	5	2	3	2
ENSG00000213213.13	6	9	17	5
ENSG00000213214.4	535	100	211	349
ENSG00000213221.4	7	7	7	18
ENSG00000213222.3	2	3	3	1
ENSG00000213225.7	82	2	1	3
ENSG00000213228.5	3	2	1	4
ENSG00000213236.3	8	3	5	3
ENSG00000213240.8	3	3	0	1
ENSG00000213246.6	237	250	273	391
ENSG00000213250.5	6	2	2	3
ENSG00000213252.3	4	0	0	3
ENSG00000213253.5	4	20	3	12
ENSG00000213260.3	2	1	1	2
ENSG00000213261.3	4	14	3	5
ENSG00000213280.2	2	4	0	2
ENSG00000213281.4	9668	1353	1479	2813
ENSG00000213290.4	3	6	3	5
ENSG00000213297.8	5	0	0	2
ENSG00000213300.5	35	39	19	33
ENSG00000213304.3	0	3	0	2
ENSG00000213305.3	2	0	0	2
ENSG00000213309.3	0	5	4	3
ENSG00000213315.5	0	1	0	9
ENSG00000213316.9	14	40	77	54
ENSG00000213326.4	18	25	25	31
ENSG00000213337.8	152	173	245	296
ENSG00000213339.8	469	3766	444	1800
ENSG00000213341.10	582	150	460	1535
ENSG00000213347.10	224	413	252	516
ENSG00000213362.3	6	6	5	9
ENSG00000213363.4	1	4	1	3
ENSG00000213366.12	189	531	551	963
ENSG00000213380.15	273	266	359	467
ENSG00000213385.3	7	6	13	26
ENSG00000213386.3	2	3	3	1
ENSG00000213390.10	169	157	153	468
ENSG00000213397.10	21	138	69	113
ENSG00000213398.7	112	32	54	153
ENSG00000213399.3	1	3	3	4
ENSG00000213401.9	45	0	0	0
ENSG00000213406.3	2	1	0	8
ENSG00000213411.2	18	0	1	11
ENSG00000213413.2	0	0	2	0
ENSG00000213420.7	313	34	63	150
ENSG00000213430.6	19	34	24	28
ENSG00000213433.5	1	6	5	5
ENSG00000213442.5	56	257	248	224
ENSG00000213445.9	813	1298	341	457
ENSG00000213453.3	2	6	3	7
ENSG00000213462.4	1413	308	226	572
ENSG00000213463.4	698	1668	1197	1300
ENSG00000213465.7	527	369	593	830
ENSG00000213467.4	3	3	2	6
ENSG00000213468.6	40	248	187	41
ENSG00000213471.10	0	4	2	1
ENSG00000213513.3	3	0	2	11
ENSG00000213514.2	3	1	2	4
ENSG00000213516.9	520	430	630	751
ENSG00000213523.10	366	839	834	645
ENSG00000213533.11	30	78	71	73
ENSG00000213539.4	1	5	7	8
ENSG00000213542.3	3	8	18	25
ENSG00000213551.4	587	393	470	1667
ENSG00000213553.4	105	324	204	282
ENSG00000213563.6	700	1368	1626	1038
ENSG00000213574.2	0	5	1	0
ENSG00000213585.10	1842	3788	2608	2805
ENSG00000213590.2	5	2	2	7
ENSG00000213593.9	1186	1406	1381	1309
ENSG00000213598.4	3	18	9	27
ENSG00000213599.10	44	22	70	82
ENSG00000213609.3	1	9	0	2
ENSG00000213613.2	1	1	0	6
ENSG00000213614.9	1126	718	756	1722
ENSG00000213619.9	558	1009	656	790
ENSG00000213621.3	1	3	6	7
ENSG00000213625.8	1508	992	1009	2692
ENSG00000213626.12	1744	1060	614	2421
ENSG00000213638.5	75	44	43	100
ENSG00000213639.9	7443	4832	5165	8963
ENSG00000213640.3	0	2	1	6
ENSG00000213650.3	1	4	2	4
ENSG00000213654.9	164	30	33	61
ENSG00000213658.11	19	17	11	36
ENSG00000213672.7	213	610	612	408
ENSG00000213676.12	2377	1007	2720	3473
ENSG00000213693.4	11	14	33	65
ENSG00000213694.4	424	28	177	887
ENSG00000213699.8	797	454	657	1401
ENSG00000213700.3	2	1	4	4
ENSG00000213706.2	1	2	1	2
ENSG00000213707.2	5	3	4	10
ENSG00000213713.3	2	7	2	2
ENSG00000213714.1	2	6	6	6
ENSG00000213719.8	4098	1704	3204	6989
ENSG00000213722.8	3543	526	1119	3599
ENSG00000213730.3	0	0	0	20
ENSG00000213740.2	9	11	10	12
ENSG00000213741.10	2343	7314	6338	11838
ENSG00000213742.6	226	183	145	241
ENSG00000213753.10	352	171	241	443
ENSG00000213757.3	1	8	5	4
ENSG00000213760.10	5	0	23	39
ENSG00000213762.11	453	104	323	2022
ENSG00000213763.4	5	0	2	6
ENSG00000213771.3	2	6	1	3
ENSG00000213772.3	0	0	0	2
ENSG00000213780.10	96	41	127	160
ENSG00000213782.7	278	176	170	379
ENSG00000213790.2	1	6	3	7
ENSG00000213793.5	488	141	218	142
ENSG00000213799.12	219	99	118	125
ENSG00000213801.4	138	35	41	62
ENSG00000213830.3	5	3	3	6
ENSG00000213839.4	4	6	6	3
ENSG00000213846.5	10	50	12	65
ENSG00000213853.9	1130	1562	2038	1876
ENSG00000213856.3	2	1	0	2
ENSG00000213859.5	330	454	193	760
ENSG00000213860.4	2	6	3	7
ENSG00000213862.4	5	12	6	7
ENSG00000213865.7	114	109	35	67
ENSG00000213866.3	19	39	41	36
ENSG00000213881.3	0	3	1	4
ENSG00000213885.3	4	3	0	0
ENSG00000213886.3	3	0	0	10
ENSG00000213888.3	35	19	7	102
ENSG00000213889.10	8	7	47	9
ENSG00000213901.10	34	20	85	150
ENSG00000213903.8	107	778	63	1189
ENSG00000213904.8	9	10	21	31
ENSG00000213906.9	90	358	62	491
ENSG00000213918.10	840	276	437	590
ENSG00000213920.8	36	23	66	40
ENSG00000213923.11	516	635	777	1526
ENSG00000213928.8	356	300	347	308
ENSG00000213930.11	210	299	608	468
ENSG00000213935.3	1	1	1	2
ENSG00000213937.3	383	61	449	822
ENSG00000213943.3	5	22	3	11
ENSG00000213946.3	1	1	3	3
ENSG00000213949.8	111	178	18	103
ENSG00000213958.2	0	7	0	3
ENSG00000213963.6	27	36	35	30
ENSG00000213965.3	132	263	245	486
ENSG00000213967.10	119	38	85	78
ENSG00000213970.4	1	2	1	2
ENSG00000213973.8	8	11	6	5
ENSG00000213976.4	15	23	5	3
ENSG00000213977.7	381	296	588	990
ENSG00000213983.11	2410	2828	3075	3256
ENSG00000213985.4	1	1	1	6
ENSG00000213988.10	88	277	127	102
ENSG00000213995.11	698	535	589	826
ENSG00000213996.12	7	4	3	8
ENSG00000213999.15	3	6	0	18
ENSG00000214012.4	1	8	1	1
ENSG00000214013.9	281	257	112	210
ENSG00000214016.3	0	10	2	4
ENSG00000214018.3	6	8	5	14
ENSG00000214019.2	3	2	0	4
ENSG00000214021.15	823	650	605	1838
ENSG00000214022.11	2223	1161	1633	4680
ENSG00000214026.10	272	540	65	333
ENSG00000214029.4	285	169	210	206
ENSG00000214041.4	5	0	0	0
ENSG00000214046.8	574	2036	1036	1922
ENSG00000214049.7	1186	5647	1492	2877
ENSG00000214050.7	185	50	38	95
ENSG00000214063.10	341	458	453	1578
ENSG00000214076.3	20	17	75	88
ENSG00000214077.4	1	1	0	1
ENSG00000214078.12	2241	1688	1883	8452
ENSG00000214087.8	501	992	461	744
ENSG00000214106.8	127	54	214	358
ENSG00000214110.3	21	67	2	37
ENSG00000214113.10	298	238	262	594
ENSG00000214114.8	194	321	215	269
ENSG00000214121.4	0	1	3	3
ENSG00000214128.10	0	1	2	3
ENSG00000214135.8	538	385	881	998
ENSG00000214140.10	3	11	6	12
ENSG00000214145.6	8	3	11	32
ENSG00000214146.2	2	2	2	16
ENSG00000214160.9	1017	802	1355	2000
ENSG00000214174.8	99	135	116	96
ENSG00000214176.9	668	485	426	902
ENSG00000214182.5	61	76	77	155
ENSG00000214184.3	2	3	2	6
ENSG00000214185.3	1	1	1	16
ENSG00000214188.9	4	2	5	31
ENSG00000214189.9	8	111	19	30
ENSG00000214192.3	5	5	3	1
ENSG00000214193.10	589	1961	465	1121
ENSG00000214194.8	481	334	330	736
ENSG00000214198.8	13	21	5	32
ENSG00000214199.3	17	27	23	42
ENSG00000214207.2	0	11	2	4
ENSG00000214212.8	7	27	3	18
ENSG00000214222.2	7	7	2	9
ENSG00000214223.4	32	73	18	61
ENSG00000214226.8	42	26	46	27
ENSG00000214243.3	0	1	1	2
ENSG00000214248.2	41	38	12	37
ENSG00000214253.8	859	842	989	2075
ENSG00000214262.4	7	1	3	0
ENSG00000214273.4	0	1	0	7
ENSG00000214274.9	33	9	8	115
ENSG00000214279.13	113	461	133	153
ENSG00000214290.8	3	76	11	44
ENSG00000214293.8	125	51	265	109
ENSG00000214297.3	1	1	1	2
ENSG00000214300.7	9	5	2	3
ENSG00000214309.4	8	24	17	117
ENSG00000214313.8	1	0	0	15
ENSG00000214331.8	102	127	153	175
ENSG00000214336.4	31	17	28	87
ENSG00000214353.7	7	1	0	4
ENSG00000214357.8	219	632	226	758
ENSG00000214367.7	286	509	138	229
ENSG00000214376.5	2	18	5	7
ENSG00000214389.2	42	92	75	101
ENSG00000214391.3	4	13	3	7
ENSG00000214401.4	47	7	36	12
ENSG00000214402.6	27	0	119	484
ENSG00000214413.7	291	311	248	377
ENSG00000214425.7	2	266	2	217
ENSG00000214432.9	3	2	3	5
ENSG00000214435.7	2	1	0	39
ENSG00000214439.4	13	8	44	37
ENSG00000214455.4	19	30	13	22
ENSG00000214456.8	6	14	42	236
ENSG00000214460.3	1	3	3	2
ENSG00000214485.6	50	170	48	68
ENSG00000214491.8	3	13	44	16
ENSG00000214514.8	2	3	0	6
ENSG00000214517.9	912	1506	788	642
ENSG00000214530.9	481	136	329	213
ENSG00000214533.3	3	10	0	2
ENSG00000214534.5	6	14	5	2
ENSG00000214535.3	4	5	6	8
ENSG00000214541.3	5	6	0	12
ENSG00000214544.7	2	6	2	4
ENSG00000214548.16	968	15	27	2063
ENSG00000214558.4	2	3	3	3
ENSG00000214562.14	27	8	18	204
ENSG00000214575.9	2	7	3	258
ENSG00000214593.3	2	0	3	2
ENSG00000214595.11	82	15	191	42
ENSG00000214617.9	754	1	11	127
ENSG00000214646.8	2	0	2	6
ENSG00000214652.5	33	22	0	3
ENSG00000214653.4	0	2	0	1
ENSG00000214654.8	21	52	16	23
ENSG00000214655.10	1986	872	1968	4956
ENSG00000214688.5	5	1	0	18
ENSG00000214694.11	19	7	13	29
ENSG00000214706.10	310	1511	993	948
ENSG00000214708.4	2	4	0	14
ENSG00000214711.9	74	34	3	23
ENSG00000214719.11	26	12	10	25
ENSG00000214725.9	23	1	3	2
ENSG00000214753.3	1726	2944	1527	1689
ENSG00000214756.7	114	111	118	252
ENSG00000214765.8	256	194	115	509
ENSG00000214770.3	12	16	1	8
ENSG00000214776.12	82	9	2	1
ENSG00000214783.9	148	138	13	232
ENSG00000214784.4	2	8	3	6
ENSG00000214796.8	52	15	7	11
ENSG00000214803.3	2	3	1	0
ENSG00000214814.7	4	5	10	7
ENSG00000214820.3	2	1	4	2
ENSG00000214826.5	51	159	43	114
ENSG00000214827.9	11	85	100	73
ENSG00000214832.5	12	8	10	15
ENSG00000214837.8	25	7	5	16
ENSG00000214851.4	1	3	0	17
ENSG00000214856.11	0	0	0	0
ENSG00000214860.4	28	15	19	42
ENSG00000214870.8	14	5	6	67
ENSG00000214872.8	0	3	0	2
ENSG00000214897.4	3	2	12	6
ENSG00000214900.9	32	25	14	83
ENSG00000214922.9	29	2	15	38
ENSG00000214941.7	170	190	125	244
ENSG00000214944.9	432	570	85	664
ENSG00000214946.14	28	9	12	22
ENSG00000214954.8	10	20	8	3
ENSG00000214960.9	47	49	62	125
ENSG00000214975.4	5	10	5	6
ENSG00000214992.6	0	0	2	2
ENSG00000214999.3	3	1	29	15
ENSG00000215007.3	0	1	4	2
ENSG00000215012.8	388	282	868	667
ENSG00000215014.5	8	17	9	15
ENSG00000215018.9	55	4	2	16
ENSG00000215021.8	1561	4008	1738	5614
ENSG00000215022.7	44	16	27	61
ENSG00000215030.5	33	125	68	84
ENSG00000215039.6	706	304	417	1664
ENSG00000215041.9	478	768	582	838
ENSG00000215045.8	27	8	12	42
ENSG00000215067.9	29	92	37	99
ENSG00000215068.7	3	12	7	19
ENSG00000215086.2	1	9	7	10
ENSG00000215089.3	1	9	1	2
ENSG00000215097.3	4	1	3	7
ENSG00000215102.2	3	0	0	2
ENSG00000215105.4	62	20	38	224
ENSG00000215114.8	1117	934	338	480
ENSG00000215126.10	121	166	156	152
ENSG00000215146.5	204	100	148	110
ENSG00000215154.6	87	70	73	98
ENSG00000215156.5	0	4	1	0
ENSG00000215158.9	59	67	45	120
ENSG00000215182.8	5	20	1	57
ENSG00000215183.4	8	2	7	5
ENSG00000215186.6	1	0	0	7
ENSG00000215187.10	26	43	9	7
ENSG00000215190.9	116	49	57	189
ENSG00000215193.12	729	615	1814	2242
ENSG00000215210.3	0	7	1	1
ENSG00000215217.6	100	247	32	23
ENSG00000215237.6	6	10	1	6
ENSG00000215241.3	61	137	26	129
ENSG00000215244.2	0	5	5	2
ENSG00000215246.5	1	0	3	128
ENSG00000215251.3	594	634	535	865
ENSG00000215252.11	930	2315	1167	1600
ENSG00000215256.3	301	163	256	347
ENSG00000215270.3	13	3	1	0
ENSG00000215271.7	259	195	237	449
ENSG00000215301.10	3854	5645	4411	6290
ENSG00000215302.8	22	17	17	28
ENSG00000215305.9	686	733	738	1149
ENSG00000215349.2	1	1	1	4
ENSG00000215374.5	72	33	9	63
ENSG00000215375.6	18	145	64	217
ENSG00000215386.12	283	78	22	87
ENSG00000215388.3	3	14	17	10
ENSG00000215414.4	0	1	0	2
ENSG00000215417.12	44	117	62	115
ENSG00000215421.9	258	137	79	161
ENSG00000215424.9	118	209	111	108
ENSG00000215440.11	459	591	734	1710
ENSG00000215441.3	0	0	2	9
ENSG00000215452.5	14	1	23	1
ENSG00000215458.8	34	9	9	68
ENSG00000215472.10	3	2	3	8
ENSG00000215475.4	10	1	124	1034
ENSG00000215478.8	5	1	1	15
ENSG00000215481.9	11	5	0	2
ENSG00000215482.3	3	4	2	11
ENSG00000215483.10	14	4	15	14
ENSG00000215492.6	58	139	45	63
ENSG00000215493.3	2	1	1	0
ENSG00000215529.12	6	9	1	18
ENSG00000215533.8	0	0	0	10
ENSG00000215548.2	0	0	13	4
ENSG00000215559.8	10	0	16	0
ENSG00000215568.8	0	0	0	27
ENSG00000215595.1	1	5	0	0
ENSG00000215612.7	0	26	0	1
ENSG00000215630.6	3	2	0	5
ENSG00000215644.9	7	0	2	16
ENSG00000215692.2	3	22	13	13
ENSG00000215712.10	357	228	145	295
ENSG00000215717.5	2781	513	1102	983
ENSG00000215769.8	146	79	39	183
ENSG00000215784.5	30	28	3	46
ENSG00000215788.10	614	293	485	670
ENSG00000215790.7	506	462	585	379
ENSG00000215795.2	4	2	7	1
ENSG00000215807.4	1	7	0	5
ENSG00000215808.3	240	60	238	485
ENSG00000215817.6	4	5	3	9
ENSG00000215835.2	1	5	5	6
ENSG00000215845.10	505	587	487	973
ENSG00000215859.9	0	5	3	2
ENSG00000215861.5	18	3	19	102
ENSG00000215866.7	2	3	0	9
ENSG00000215883.10	188	307	176	335
ENSG00000215895.4	2	6	3	21
ENSG00000215908.10	355	422	699	669
ENSG00000215910.7	16	18	74	112
ENSG00000215912.12	17	16	43	150
ENSG00000215915.9	316	122	172	912
ENSG00000216285.5	7	2	3	7
ENSG00000216490.3	53	23	26	68
ENSG00000216588.8	24	1	3	42
ENSG00000216775.3	109	40	40	133
ENSG00000216866.5	9	21	15	13
ENSG00000216895.9	22	12	74	80
ENSG00000216901.1	4	10	1	0
ENSG00000216906.2	1	0	3	3
ENSG00000216915.2	0	0	6	3
ENSG00000216937.13	42	26	27	119
ENSG00000216990.2	4	5	1	4
ENSG00000217094.2	8	34	5	40
ENSG00000217128.11	858	1044	795	1470
ENSG00000217130.1	3	2	2	12
ENSG00000217165.1	0	2	7	1
ENSG00000217241.1	4	2	1	24
ENSG00000217258.2	0	3	0	0
ENSG00000217275.2	2	8	9	23
ENSG00000217325.2	0	2	2	2
ENSG00000217416.4	2	1	3	2
ENSG00000217442.3	11	1	4	2
ENSG00000217555.12	102	114	136	126
ENSG00000217624.2	16	14	3	9
ENSG00000217648.1	6	7	16	15
ENSG00000217702.2	4	0	0	0
ENSG00000217716.3	2	3	1	3
ENSG00000217801.9	79	48	98	31
ENSG00000217835.3	2	3	1	5
ENSG00000217930.7	170	136	187	335
ENSG00000217950.4	0	3	1	3
ENSG00000218014.1	1	6	3	17
ENSG00000218018.2	7	1	7	8
ENSG00000218073.1	3	0	3	1
ENSG00000218175.2	12	78	17	62
ENSG00000218208.1	0	5	0	13
ENSG00000218226.1	5	7	3	2
ENSG00000218227.3	6	86	6	25
ENSG00000218274.2	7	1	0	15
ENSG00000218283.2	142	69	98	224
ENSG00000218336.8	43	1	161	1
ENSG00000218350.1	1	2	0	0
ENSG00000218358.2	0	2	1	1
ENSG00000218416.4	275	126	533	39
ENSG00000218418.2	7	1	5	15
ENSG00000218426.5	143	267	212	336
ENSG00000218510.8	141	351	135	274
ENSG00000218537.1	191	393	704	458
ENSG00000218582.2	1	1	0	8
ENSG00000218690.2	1	0	0	10
ENSG00000218739.9	1501	907	832	878
ENSG00000218891.4	559	250	437	2222
ENSG00000219023.1	4	6	7	3
ENSG00000219102.3	5	1	3	10
ENSG00000219133.2	5	1	2	1
ENSG00000219159.4	3	0	0	17
ENSG00000219200.11	110	190	96	230
ENSG00000219201.4	6	5	1	2
ENSG00000219395.2	7	5	1	6
ENSG00000219410.6	74	59	69	56
ENSG00000219438.8	67	18	25	10
ENSG00000219451.3	11	17	5	5
ENSG00000219470.1	6	9	8	7
ENSG00000219481.10	328	425	321	526
ENSG00000219487.2	2	2	1	2
ENSG00000219507.4	21	21	49	29
ENSG00000219529.2	1	6	1	0
ENSG00000219545.11	132	52	117	253
ENSG00000219607.3	148	187	81	162
ENSG00000219626.8	153	45	45	203
ENSG00000219665.8	28	66	29	143
ENSG00000219682.4	0	0	2	3
ENSG00000219747.1	3	3	5	1
ENSG00000219891.2	46	24	19	34
ENSG00000219986.2	3	1	1	3
ENSG00000220161.4	0	0	0	13
ENSG00000220201.7	4	55	10	96
ENSG00000220205.8	616	388	495	1398
ENSG00000220305.1	4	4	4	1
ENSG00000220323.4	196	364	361	1128
ENSG00000220472.1	5	36	6	15
ENSG00000220563.1	5	0	9	2
ENSG00000220583.1	14	48	13	21
ENSG00000220685.3	3	1	1	2
ENSG00000220744.1	1	3	4	0
ENSG00000220749.4	11	15	15	18
ENSG00000220785.7	49	50	19	41
ENSG00000220804.8	31	74	49	120
ENSG00000220842.6	17	33	31	14
ENSG00000220848.5	13	11	14	18
ENSG00000220891.1	3	2	1	4
ENSG00000221817.9	94	45	52	218
ENSG00000221819.6	2	2	1	1
ENSG00000221821.3	38	29	21	48
ENSG00000221823.10	1469	1035	1041	1798
ENSG00000221829.9	288	476	291	334
ENSG00000221838.9	527	342	207	406
ENSG00000221843.4	17	5	6	3
ENSG00000221845.4	0	0	0	9
ENSG00000221866.9	41	7	63	155
ENSG00000221867.8	1	0	2	21
ENSG00000221869.4	1060	2248	817	3308
ENSG00000221882.3	31	0	0	0
ENSG00000221883.3	9	4	17	26
ENSG00000221886.3	69	54	67	151
ENSG00000221887.5	2	0	0	3
ENSG00000221890.3	563	515	550	851
ENSG00000221909.2	106	74	104	124
ENSG00000221914.9	1598	1304	752	846
ENSG00000221916.3	8	7	14	4
ENSG00000221923.8	198	33	165	119
ENSG00000221926.12	653	293	467	830
ENSG00000221930.6	4	4	1	6
ENSG00000221944.7	106	103	206	406
ENSG00000221946.7	51	0	229	12
ENSG00000221947.7	112	32	101	3
ENSG00000221949.5	18	12	4	59
ENSG00000221953.5	13	4	8	19
ENSG00000221955.10	84	216	113	1027
ENSG00000221963.5	290	312	605	2128
ENSG00000221968.8	759	746	885	1317
ENSG00000221978.11	3899	5092	3405	7905
ENSG00000221983.7	2384	6619	4353	9544
ENSG00000221986.6	23	1	3	19
ENSG00000221988.12	174	77	270	197
ENSG00000221990.4	36	75	53	100
ENSG00000221994.10	26	23	69	186
ENSG00000221995.5	77	21	60	33
ENSG00000222005.9	5	0	1	3
ENSG00000222009.8	359	127	484	1027
ENSG00000222011.8	64	70	66	127
ENSG00000222014.5	3	7	2	4
ENSG00000222017.1	2	0	11	2
ENSG00000222019.7	12	10	15	24
ENSG00000222020.2	0	16	3	8
ENSG00000222033.1	1	1	1	25
ENSG00000222035.3	1	0	2	4
ENSG00000222041.11	133	188	194	402
ENSG00000222043.2	3	1	1	2
ENSG00000222046.2	2	20	0	6
ENSG00000222047.8	8	8	4	9
ENSG00000223117.1	4	1	2	2
ENSG00000223343.1	2	8	5	4
ENSG00000223356.1	3	2	2	1
ENSG00000223361.5	13	30	57	28
ENSG00000223387.6	0	2	1	10
ENSG00000223390.1	1	7	1	9
ENSG00000223393.1	3	2	1	12
ENSG00000223396.4	107	50	54	67
ENSG00000223403.4	11	0	0	18
ENSG00000223459.6	72	31	13	53
ENSG00000223466.1	4	1	9	1
ENSG00000223478.1	2	41	6	9
ENSG00000223482.7	131	98	245	525
ENSG00000223485.2	4	1	2	3
ENSG00000223486.1	10	1	0	9
ENSG00000223496.2	319	242	506	883
ENSG00000223501.8	1154	577	946	1336
ENSG00000223508.5	23	4	7	10
ENSG00000223509.8	21	52	93	57
ENSG00000223529.1	2	0	3	3
ENSG00000223546.6	37	34	12	83
ENSG00000223547.9	271	829	433	678
ENSG00000223549.1	1	5	0	1
ENSG00000223551.1	3	3	3	17
ENSG00000223559.1	2	7	4	7
ENSG00000223572.9	2	106	15	125
ENSG00000223573.7	105	24	5	41
ENSG00000223599.1	2	3	3	17
ENSG00000223612.3	1	1	2	2
ENSG00000223617.2	2	0	0	5
ENSG00000223652.2	3	14	1	0
ENSG00000223658.7	8	8	8	48
ENSG00000223668.1	3	5	0	7
ENSG00000223669.1	38	0	0	0
ENSG00000223685.5	5	0	5	1
ENSG00000223697.3	14	9	9	1
ENSG00000223704.1	0	44	6	16
ENSG00000223705.9	937	945	2308	1177
ENSG00000223711.1	5	0	0	5
ENSG00000223715.1	1	0	0	6
ENSG00000223722.3	1	2	4	2
ENSG00000223723.1	2	0	1	2
ENSG00000223725.6	15	3	0	0
ENSG00000223745.7	530	668	755	610
ENSG00000223749.9	0	9	4	91
ENSG00000223756.6	12	83	8	34
ENSG00000223760.4	1	7	3	2
ENSG00000223764.2	50	2	10	15
ENSG00000223768.2	313	197	346	811
ENSG00000223774.5	3	0	0	6
ENSG00000223776.5	1	2	1	14
ENSG00000223784.2	12	1	20	9
ENSG00000223786.1	0	0	9	1
ENSG00000223797.5	11	32	84	14
ENSG00000223799.1	54	82	88	25
ENSG00000223802.7	28	159	31	36
ENSG00000223803.1	7	10	5	12
ENSG00000223804.5	24	14	13	40
ENSG00000223813.2	9	26	9	35
ENSG00000223820.5	3	4	8	8
ENSG00000223823.1	1	1	0	7
ENSG00000223829.5	69	63	28	3
ENSG00000223839.7	0	1	15	0
ENSG00000223855.1	26	5	4	215
ENSG00000223861.1	3	0	1	4
ENSG00000223865.10	155	273	362	1260
ENSG00000223891.5	81	89	268	129
ENSG00000223922.1	1	3	7	4
ENSG00000223923.1	8	5	1	11
ENSG00000223935.2	0	0	0	5
ENSG00000223947.1	69	7	80	15
ENSG00000223949.6	0	0	2	2
ENSG00000223953.5	0	1	10	30
ENSG00000223959.8	291	284	234	548
ENSG00000223960.6	134	174	18	160
ENSG00000223969.5	1	1	6	14
ENSG00000223979.2	0	2	1	8
ENSG00000224004.2	1	4	1	1
ENSG00000224020.1	3	1	2	5
ENSG00000224023.10	34	24	25	20
ENSG00000224032.6	451	856	157	1004
ENSG00000224034.1	0	0	2	4
ENSG00000224043.7	17	5	14	22
ENSG00000224046.1	4	14	13	12
ENSG00000224051.6	407	405	588	764
ENSG00000224063.5	1	0	0	17
ENSG00000224066.1	8	21	3	18
ENSG00000224078.13	8	842	1778	897
ENSG00000224080.1	0	3	8	14
ENSG00000224081.8	87	10	71	51
ENSG00000224086.5	87	150	104	171
ENSG00000224093.5	7	5	0	7
ENSG00000224094.1	8	32	18	34
ENSG00000224097.5	3	19	6	8
ENSG00000224109.3	0	8	0	14
ENSG00000224114.1	1	219	1	124
ENSG00000224116.6	5	0	0	0
ENSG00000224126.2	0	2	2	3
ENSG00000224137.1	0	0	0	0
ENSG00000224152.1	31	21	46	98
ENSG00000224165.5	96	59	27	41
ENSG00000224167.1	3	2	1	15
ENSG00000224183.1	3	3	2	1
ENSG00000224184.5	1	1	0	1
ENSG00000224186.8	48	60	49	42
ENSG00000224189.7	362	854	9	166
ENSG00000224215.1	1	1	2	6
ENSG00000224221.1	0	0	3	6
ENSG00000224259.6	0	148	154	445
ENSG00000224261.2	1	0	2	6
ENSG00000224271.5	15	18	13	22
ENSG00000224272.2	2	4	6	3
ENSG00000224280.1	2	6	2	9
ENSG00000224281.4	11	16	20	54
ENSG00000224287.2	19	1	20	68
ENSG00000224292.1	0	6	0	3
ENSG00000224307.1	178	185	241	207
ENSG00000224318.5	9	0	2	0
ENSG00000224328.1	26	13	17	6
ENSG00000224356.5	4	4	4	5
ENSG00000224358.1	4	3	13	28
ENSG00000224361.1	6	1	0	1
ENSG00000224367.6	1	0	1	6
ENSG00000224376.1	14	41	11	40
ENSG00000224383.7	141	211	3	137
ENSG00000224389.9	27	123	3081	1058
ENSG00000224397.5	30	8	56	43
ENSG00000224401.2	0	1	0	4
ENSG00000224402.2	0	0	0	6
ENSG00000224407.1	16	7	6	10
ENSG00000224411.3	34	49	27	66
ENSG00000224413.1	1	0	1	22
ENSG00000224415.1	0	8	0	2
ENSG00000224417.2	2	0	0	1
ENSG00000224418.1	1	1	5	21
ENSG00000224420.3	35	35	63	116
ENSG00000224424.7	20	0	17	50
ENSG00000224430.2	7	1	0	2
ENSG00000224470.7	1351	540	815	1492
ENSG00000224479.6	1	8	0	1
ENSG00000224505.2	10	16	2	19
ENSG00000224506.2	0	0	7	10
ENSG00000224511.1	3	0	1	11
ENSG00000224520.2	11	43	6	31
ENSG00000224531.5	400	198	490	373
ENSG00000224533.4	4	1	1	3
ENSG00000224536.2	68	42	15	29
ENSG00000224546.2	16	16	7	8
ENSG00000224550.1	3	0	1	3
ENSG00000224559.2	2	0	0	14
ENSG00000224568.1	6	2	4	16
ENSG00000224577.1	0	2	0	1
ENSG00000224578.5	96	168	53	128
ENSG00000224596.7	45	8	21	55
ENSG00000224597.10	76	62	169	256
ENSG00000224609.7	2	10	0	16
ENSG00000224614.1	9	2	1	6
ENSG00000224616.2	9	21	17	10
ENSG00000224621.1	4	0	4	8
ENSG00000224631.4	145	306	160	240
ENSG00000224635.1	22	47	14	17
ENSG00000224645.1	3	2	0	0
ENSG00000224646.2	11	29	7	19
ENSG00000224660.1	241	627	301	335
ENSG00000224687.1	13	4	9	48
ENSG00000224689.9	5	8	1	5
ENSG00000224699.8	16	33	23	31
ENSG00000224713.4	5	2	4	5
ENSG00000224717.1	9	9	0	5
ENSG00000224721.1	0	0	0	2
ENSG00000224722.3	2	5	2	2
ENSG00000224728.1	2	8	15	16
ENSG00000224729.5	4	22	1	19
ENSG00000224738.1	11	9	1	4
ENSG00000224746.1	2	3	1	8
ENSG00000224763.1	0	0	0	2
ENSG00000224769.1	169	152	258	172
ENSG00000224773.2	5	0	1	3
ENSG00000224781.1	1	4	0	8
ENSG00000224786.2	3	4	6	27
ENSG00000224789.1	17	1	0	3
ENSG00000224790.2	5	13	5	10
ENSG00000224805.2	0	1	2	8
ENSG00000224810.1	1	9	4	4
ENSG00000224812.2	8	2	0	8
ENSG00000224831.3	6	8	4	9
ENSG00000224837.1	0	3	5	2
ENSG00000224839.1	1	6	5	7
ENSG00000224843.6	10	2	17	27
ENSG00000224848.1	5	4	2	8
ENSG00000224858.5	2	112	22	14
ENSG00000224861.1	44	125	133	105
ENSG00000224870.6	255	293	289	411
ENSG00000224877.3	168	436	190	521
ENSG00000224885.1	1	1	2	6
ENSG00000224886.2	9	2	1	5
ENSG00000224888.4	17	6	15	13
ENSG00000224892.6	8	16	7	17
ENSG00000224897.6	7	17	55	2
ENSG00000224899.1	4	3	4	2
ENSG00000224905.6	8	5	4	9
ENSG00000224914.3	52	24	35	287
ENSG00000224934.4	41	54	75	161
ENSG00000224939.1	2	5	2	5
ENSG00000224940.8	4	0	0	12
ENSG00000224945.1	9	14	3	0
ENSG00000224950.2	11	10	34	20
ENSG00000224959.1	3	2	1	4
ENSG00000224975.1	58	71	109	301
ENSG00000224976.2	1	1	2	3
ENSG00000224985.1	11	2	7	2
ENSG00000224992.2	2	0	4	4
ENSG00000225031.1	14	52	10	38
ENSG00000225032.5	46	301	82	177
ENSG00000225051.5	0	4	2	8
ENSG00000225057.2	2	0	0	5
ENSG00000225062.1	0	1	1	5
ENSG00000225067.4	1	2	1	7
ENSG00000225077.3	12	2	4	1
ENSG00000225093.1	2	10	5	12
ENSG00000225094.3	2	1	2	8
ENSG00000225096.2	22	16	5	1
ENSG00000225107.1	1	6	0	3
ENSG00000225108.1	0	4	6	1
ENSG00000225125.2	6	26	13	30
ENSG00000225127.2	0	0	8	0
ENSG00000225131.2	12	9	9	15
ENSG00000225137.1	10	7	6	5
ENSG00000225138.7	21	726	299	128
ENSG00000225151.10	78	33	71	35
ENSG00000225156.2	32	0	1	1
ENSG00000225159.1	3	12	6	8
ENSG00000225171.2	1	4	0	4
ENSG00000225177.5	9	3	10	25
ENSG00000225178.5	100	240	430	115
ENSG00000225187.1	2	0	1	6
ENSG00000225190.10	698	304	404	1079
ENSG00000225192.1	1	4	2	6
ENSG00000225193.5	1	1	1	3
ENSG00000225200.2	12	28	17	35
ENSG00000225205.5	7	49	11	8
ENSG00000225210.10	188	133	114	58
ENSG00000225217.1	104	19	1206	264
ENSG00000225234.1	2	0	1	1
ENSG00000225255.6	1	2	1	3
ENSG00000225259.4	2	9	1	3
ENSG00000225264.3	4	11	2	27
ENSG00000225265.1	24	12	20	35
ENSG00000225285.1	11	38	15	63
ENSG00000225298.5	6	13	3	17
ENSG00000225313.5	4	7	15	6
ENSG00000225329.3	8	2	2	1
ENSG00000225335.3	7	6	38	41
ENSG00000225339.3	167	186	175	111
ENSG00000225345.3	0	20	19	1
ENSG00000225356.3	1	0	0	4
ENSG00000225361.3	85	65	19	93
ENSG00000225362.9	0	4	0	8
ENSG00000225377.5	38	28	56	83
ENSG00000225383.7	3	1	7	2
ENSG00000225408.1	1	1	1	2
ENSG00000225411.3	2	1	1	1
ENSG00000225416.1	3	10	4	17
ENSG00000225420.1	24	9	15	18
ENSG00000225422.4	10	4	6	4
ENSG00000225431.1	9	17	6	13
ENSG00000225434.2	7	5	0	2
ENSG00000225439.2	91	8	35	120
ENSG00000225447.1	0	1	2	2
ENSG00000225465.8	3	0	1	23
ENSG00000225470.7	370	395	214	1063
ENSG00000225484.6	225	83	48	854
ENSG00000225489.6	70	36	35	47
ENSG00000225492.6	2	0	4	13
ENSG00000225506.2	0	2	0	5
ENSG00000225511.7	4	8	1	0
ENSG00000225518.2	1	10	0	7
ENSG00000225526.4	12	45	25	35
ENSG00000225535.6	3	0	5	1
ENSG00000225536.2	4	2	0	0
ENSG00000225544.1	0	2	1	0
ENSG00000225548.6	1	62	66	46
ENSG00000225555.1	1	0	5	3
ENSG00000225556.1	26	3	0	6
ENSG00000225573.4	4	17	6	11
ENSG00000225614.2	17	338	56	23
ENSG00000225630.1	104	168	173	296
ENSG00000225648.5	147	79	406	204
ENSG00000225663.7	681	755	561	1535
ENSG00000225670.4	2	0	0	22
ENSG00000225674.1	1	2	0	3
ENSG00000225693.1	2	0	3	3
ENSG00000225697.12	218	433	677	333
ENSG00000225721.5	0	0	2	3
ENSG00000225725.4	1	1	0	2
ENSG00000225733.5	1382	1681	1395	1965
ENSG00000225742.5	1	2	0	10
ENSG00000225746.11	4	0	0	2
ENSG00000225756.1	0	1	0	18
ENSG00000225760.2	1	0	0	2
ENSG00000225766.10	0	1	1	2
ENSG00000225774.2	2	2	0	4
ENSG00000225778.5	26	13	10	55
ENSG00000225783.7	7	10	41	215
ENSG00000225791.6	110	67	30	108
ENSG00000225792.1	1	0	1	53
ENSG00000225793.2	15	3	7	12
ENSG00000225806.7	5	0	1	18
ENSG00000225808.1	2	6	2	5
ENSG00000225813.1	4	0	8	4
ENSG00000225828.1	47	107	66	354
ENSG00000225830.12	339	122	324	614
ENSG00000225849.2	4	0	7	15
ENSG00000225855.6	69	166	132	185
ENSG00000225864.1	9	3	26	16
ENSG00000225868.7	37	9	15	24
ENSG00000225871.2	4	1	0	8
ENSG00000225872.3	0	1	5	11
ENSG00000225880.5	8	14	16	25
ENSG00000225882.1	5	5	2	8
ENSG00000225889.7	4	10	10	76
ENSG00000225905.1	3	3	0	9
ENSG00000225912.1	3	11	6	15
ENSG00000225914.2	2	0	24	27
ENSG00000225921.6	792	1298	1022	1407
ENSG00000225931.3	0	2	1	17
ENSG00000225932.3	25	8	37	82
ENSG00000225937.2	11	14	15	5
ENSG00000225950.8	39	0	31	17
ENSG00000225963.7	1	1	2	0
ENSG00000225964.5	0	0	4	2
ENSG00000225968.7	2	5	1	0
ENSG00000225969.2	39	26	1341	63
ENSG00000225972.1	27	42	26	123
ENSG00000225973.3	141	182	76	218
ENSG00000225975.6	3	3	27	34
ENSG00000225986.1	1	2	2	3
ENSG00000226007.2	2	0	47	9
ENSG00000226015.2	6	2	6	10
ENSG00000226025.9	1	2	4	11
ENSG00000226029.1	12	10	14	24
ENSG00000226031.5	0	3	4	0
ENSG00000226049.3	5	13	5	10
ENSG00000226051.7	9	20	5	65
ENSG00000226054.2	0	1	1	4
ENSG00000226057.7	8	1	15	140
ENSG00000226067.6	63	86	63	201
ENSG00000226068.1	0	3	2	3
ENSG00000226082.2	1	4	4	4
ENSG00000226084.5	15	29	5	38
ENSG00000226085.3	5	37	17	85
ENSG00000226091.7	4	11	7	24
ENSG00000226107.1	0	1	2	0
ENSG00000226121.2	9	4	7	7
ENSG00000226124.7	50	110	129	93
ENSG00000226125.1	1	0	1	5
ENSG00000226137.5	760	224	271	753
ENSG00000226145.7	5	0	22	81
ENSG00000226167.1	9	15	19	1
ENSG00000226174.6	9	10	9	151
ENSG00000226180.3	8	7	6	27
ENSG00000226194.5	141	40	21	74
ENSG00000226200.6	64	39	26	120
ENSG00000226203.1	6	1	0	1
ENSG00000226210.3	127	465	419	606
ENSG00000226221.1	15	21	18	23
ENSG00000226232.8	15	2	15	10
ENSG00000226235.1	3	6	6	1
ENSG00000226237.1	5	5	3	10
ENSG00000226239.1	0	0	0	6
ENSG00000226243.1	1	8	2	4
ENSG00000226259.10	7	0	14	36
ENSG00000226266.6	4	8	14	13
ENSG00000226268.3	3	2	0	2
ENSG00000226281.3	5	0	1	12
ENSG00000226284.1	3	4	1	4
ENSG00000226287.8	60	82	159	79
ENSG00000226308.1	4	0	6	14
ENSG00000226310.1	4	0	3	3
ENSG00000226312.7	2	2	1	0
ENSG00000226314.8	52	32	27	41
ENSG00000226318.1	8	0	9	4
ENSG00000226321.5	14	11	0	18
ENSG00000226328.6	31	26	127	184
ENSG00000226332.2	113	91	35	308
ENSG00000226337.3	0	1	1	0
ENSG00000226355.1	8	48	6	5
ENSG00000226360.5	21	45	24	39
ENSG00000226363.3	195	138	2	44
ENSG00000226377.1	1	0	0	8
ENSG00000226380.9	13	22	16	41
ENSG00000226383.6	67	35	35	61
ENSG00000226386.1	0	0	0	5
ENSG00000226396.1	2	36	7	12
ENSG00000226415.1	22	34	20	33
ENSG00000226416.1	113	26	17	58
ENSG00000226419.7	18	115	63	232
ENSG00000226421.1	6	5	1	0
ENSG00000226443.3	1	0	0	9
ENSG00000226445.1	10	2	9	14
ENSG00000226450.2	14	4	4	10
ENSG00000226453.1	9	1	13	3
ENSG00000226465.2	26	1	30	31
ENSG00000226468.2	14	0	3	0
ENSG00000226471.6	2	3	5	3
ENSG00000226472.8	4	5	7	7
ENSG00000226476.3	365	55	142	3
ENSG00000226478.3	3	2	0	4
ENSG00000226479.3	977	534	753	1154
ENSG00000226496.2	10	7	0	3
ENSG00000226508.1	3	0	1	4
ENSG00000226510.1	0	0	0	9
ENSG00000226525.5	15	28	25	35
ENSG00000226564.1	10	20	32	22
ENSG00000226578.1	7	2	3	2
ENSG00000226608.3	11	1	18	14
ENSG00000226644.5	2	13	2	12
ENSG00000226648.1	8	1	4	9
ENSG00000226650.5	1	1	2	7
ENSG00000226652.3	3	0	0	8
ENSG00000226659.1	0	0	1	10
ENSG00000226666.1	1	6	5	10
ENSG00000226674.9	5	0	4	9
ENSG00000226686.7	22	4	30	33
ENSG00000226688.6	49	41	44	64
ENSG00000226690.8	1	3	4	1
ENSG00000226696.5	55	31	86	259
ENSG00000226706.1	3	2	8	1
ENSG00000226711.6	56	66	8	157
ENSG00000226721.2	11	2	8	0
ENSG00000226742.3	771	257	164	463
ENSG00000226747.6	14	9	0	1
ENSG00000226752.9	438	60	149	342
ENSG00000226754.1	10	13	3	18
ENSG00000226756.1	0	0	0	11
ENSG00000226763.4	9	19	23	18
ENSG00000226777.7	33	0	15	52
ENSG00000226780.1	5	4	1	1
ENSG00000226784.2	1	0	1	5
ENSG00000226790.3	0	3	1	3
ENSG00000226791.6	2	2	6	6
ENSG00000226800.5	12	6	12	14
ENSG00000226803.8	4	4	3	3
ENSG00000226816.3	176	0	6	17
ENSG00000226819.1	18	7	2	1
ENSG00000226824.6	0	0	44	15
ENSG00000226833.5	28	18	11	14
ENSG00000226835.2	0	0	1	5
ENSG00000226846.1	0	0	0	38
ENSG00000226849.1	16	23	22	32
ENSG00000226853.2	15	1	11	20
ENSG00000226855.1	1	10	5	1
ENSG00000226856.6	18	0	0	1
ENSG00000226864.2	8	8	5	111
ENSG00000226874.1	0	3	0	6
ENSG00000226887.7	32	20	13	80
ENSG00000226891.8	15	13	3	105
ENSG00000226900.1	23	2	3	32
ENSG00000226913.1	2	1	4	26
ENSG00000226937.9	14	0	12	13
ENSG00000226942.2	4	1	1	5
ENSG00000226948.1	0	3	0	4
ENSG00000226950.6	181	735	1033	876
ENSG00000226953.7	0	7	0	3
ENSG00000226964.1	2	4	12	19
ENSG00000226976.3	4	13	12	11
ENSG00000227008.2	1	13	2	12
ENSG00000227014.6	25	9	15	29
ENSG00000227028.6	18	12	7	12
ENSG00000227036.7	443	714	23	104
ENSG00000227038.3	0	0	0	0
ENSG00000227039.6	19	17	189	39
ENSG00000227051.6	379	102	119	513
ENSG00000227053.1	0	0	1	14
ENSG00000227057.9	594	597	664	1150
ENSG00000227060.6	1	1	2	7
ENSG00000227066.1	3	69	0	9
ENSG00000227081.5	2	5	1	9
ENSG00000227082.2	2	0	3	5
ENSG00000227097.5	2	7	1	7
ENSG00000227107.1	1	2	2	0
ENSG00000227110.6	4	1	8	3
ENSG00000227121.1	118	0	0	0
ENSG00000227124.9	93	136	83	130
ENSG00000227141.2	0	1	2	6
ENSG00000227165.8	10	0	1	9
ENSG00000227189.2	0	0	8	0
ENSG00000227195.10	21	0	8	31
ENSG00000227198.1	6	2	6	12
ENSG00000227199.1	21	15	16	278
ENSG00000227210.1	5	1	2	6
ENSG00000227214.2	8	1	6	14
ENSG00000227218.7	2	15	4	4
ENSG00000227220.1	3	1	10	3
ENSG00000227232.5	24	38	18	95
ENSG00000227252.1	15	11	16	22
ENSG00000227258.5	24	7	10	7
ENSG00000227262.3	0	1	7	0
ENSG00000227268.3	13	7	10	60
ENSG00000227295.2	0	6	1	0
ENSG00000227300.12	0	0	3	0
ENSG00000227331.1	0	6	2	8
ENSG00000227345.8	584	205	282	869
ENSG00000227347.1	3	4	4	8
ENSG00000227354.6	37	130	54	22
ENSG00000227355.2	0	0	5	2
ENSG00000227359.1	3	2	0	4
ENSG00000227370.1	2	2	4	4
ENSG00000227372.12	638	596	497	1196
ENSG00000227373.5	2	1	2	3
ENSG00000227375.5	5	1	4	17
ENSG00000227376.1	3	1	3	4
ENSG00000227388.2	7	13	10	10
ENSG00000227392.1	2	1	3	2
ENSG00000227398.3	29	52	16	87
ENSG00000227449.8	1	7	19	16
ENSG00000227456.7	8	2	1	10
ENSG00000227467.3	3	0	0	0
ENSG00000227471.8	0	2	9	1
ENSG00000227477.1	13	8	2	8
ENSG00000227482.1	0	3	0	7
ENSG00000227486.1	2	13	3	46
ENSG00000227496.1	1	6	4	0
ENSG00000227500.9	818	521	421	918
ENSG00000227507.2	37	9	1	27
ENSG00000227518.5	3	3	0	4
ENSG00000227533.5	21	47	65	70
ENSG00000227536.1	4	9	3	11
ENSG00000227540.1	4	9	19	52
ENSG00000227543.4	44	44	61	29
ENSG00000227544.8	0	2	0	7
ENSG00000227582.2	1	1	3	1
ENSG00000227615.1	31	20	44	53
ENSG00000227617.8	134	199	63	31
ENSG00000227619.1	0	12	0	0
ENSG00000227627.2	26	6	8	13
ENSG00000227630.3	45	92	78	169
ENSG00000227640.2	0	2	1	0
ENSG00000227671.4	1055	465	482	739
ENSG00000227674.2	0	1	4	16
ENSG00000227676.3	1	2	0	2
ENSG00000227694.1	0	5	2	9
ENSG00000227695.5	1	0	0	1
ENSG00000227706.3	6	72	56	0
ENSG00000227725.3	6	2	1	0
ENSG00000227733.9	26	4	8	12
ENSG00000227740.1	3	9	3	10
ENSG00000227741.1	13	7	10	26
ENSG00000227742.2	2	1	0	1
ENSG00000227751.1	1	3	4	4
ENSG00000227766.1	115	107	296	139
ENSG00000227775.3	33	12	28	2
ENSG00000227777.1	2	4	2	3
ENSG00000227782.2	2	1	3	3
ENSG00000227799.1	7	0	5	15
ENSG00000227811.2	0	1	1	4
ENSG00000227825.4	18	8	24	116
ENSG00000227827.3	2	2	4	286
ENSG00000227855.3	2	10	4	26
ENSG00000227885.2	47	11	19	53
ENSG00000227887.1	1	3	0	1
ENSG00000227888.4	6	19	7	30
ENSG00000227896.2	7	10	15	74
ENSG00000227906.7	3	4	0	5
ENSG00000227908.3	2	6	1	18
ENSG00000227910.1	3	3	6	4
ENSG00000227939.1	4	38	12	29
ENSG00000227946.1	46	10	35	84
ENSG00000227953.6	21	71	9	164
ENSG00000227954.6	18	5	32	1
ENSG00000227959.1	13	7	30	37
ENSG00000227963.1	0	1	2	4
ENSG00000227973.1	0	6	3	12
ENSG00000227986.1	8	11	5	4
ENSG00000227999.1	1	1	1	3
ENSG00000228008.1	3	5	1	1
ENSG00000228010.5	4	11	6	11
ENSG00000228013.1	0	3	0	3
ENSG00000228021.7	2	0	1	2
ENSG00000228022.5	1	0	1	7
ENSG00000228037.1	6	4	0	8
ENSG00000228043.5	5	1	8	13
ENSG00000228049.7	19	22	2	50
ENSG00000228053.1	0	0	0	2
ENSG00000228057.1	1	4	2	2
ENSG00000228063.1	1	1	1	2
ENSG00000228065.10	22	24	5	63
ENSG00000228071.4	1	3	2	6
ENSG00000228084.1	3	7	10	21
ENSG00000228106.5	28	58	28	66
ENSG00000228109.1	23	52	32	168
ENSG00000228115.1	1	1	1	4
ENSG00000228140.1	5	5	1	12
ENSG00000228146.8	2	5	0	1
ENSG00000228157.4	0	0	0	3
ENSG00000228158.2	6	4	0	8
ENSG00000228170.1	8	5	8	9
ENSG00000228172.5	14	18	14	24
ENSG00000228175.3	5	1	15	9
ENSG00000228192.7	5	3	8	16
ENSG00000228203.6	35	17	0	7
ENSG00000228205.1	2	30	13	13
ENSG00000228217.1	1	4	2	7
ENSG00000228218.1	11	10	9	22
ENSG00000228221.5	5	0	5	0
ENSG00000228223.3	558	160	470	41
ENSG00000228232.1	16	36	34	54
ENSG00000228238.1	0	6	0	2
ENSG00000228242.6	12	24	22	25
ENSG00000228252.9	4	57	16	540
ENSG00000228253.1	539	1578	1140	3315
ENSG00000228261.1	0	1	2	5
ENSG00000228262.9	14	247	227	37
ENSG00000228274.3	29	12	20	32
ENSG00000228275.1	0	2	0	3
ENSG00000228283.3	0	1	3	0
ENSG00000228285.2	3	4	1	2
ENSG00000228288.6	21	12	21	56
ENSG00000228300.13	222	189	342	346
ENSG00000228302.2	13	4	9	11
ENSG00000228305.2	1	6	2	4
ENSG00000228307.2	0	3	2	4
ENSG00000228314.1	39	0	12	0
ENSG00000228315.11	23	33	43	93
ENSG00000228327.3	126	109	108	123
ENSG00000228328.2	1	1	1	3
ENSG00000228335.1	7	1	2	4
ENSG00000228340.5	0	61	0	0
ENSG00000228363.2	33	12	36	11
ENSG00000228393.3	12	9	10	18
ENSG00000228395.1	12	10	7	3
ENSG00000228409.6	100	50	40	113
ENSG00000228412.8	11	4	7	14
ENSG00000228434.1	13	13	11	35
ENSG00000228436.2	3	3	5	30
ENSG00000228437.5	4	43	200	1
ENSG00000228439.5	10	10	37	25
ENSG00000228444.2	11	6	8	4
ENSG00000228446.2	0	6	3	5
ENSG00000228451.4	86	25	35	58
ENSG00000228463.10	59	53	42	21
ENSG00000228474.5	1351	905	1711	2372
ENSG00000228477.1	3	5	8	1
ENSG00000228486.10	108	104	47	88
ENSG00000228492.2	13	4	6	5
ENSG00000228501.2	0	7	4	14
ENSG00000228502.1	30	48	25	56
ENSG00000228506.1	28	8	20	75
ENSG00000228510.2	6	2	1	25
ENSG00000228519.3	1	5	2	7
ENSG00000228526.7	19	283	276	81
ENSG00000228532.4	7	2	4	12
ENSG00000228544.1	25	38	156	106
ENSG00000228570.7	11	0	0	0
ENSG00000228573.1	0	0	2	7
ENSG00000228589.3	24	33	27	11
ENSG00000228594.3	25	389	144	258
ENSG00000228606.2	3	1	1	7
ENSG00000228612.2	2	2	2	1
ENSG00000228613.1	20	35	12	6
ENSG00000228623.6	37	17	29	10
ENSG00000228624.7	18	12	7	21
ENSG00000228630.5	2	7	2	0
ENSG00000228649.8	8	29	21	381
ENSG00000228653.2	3	0	1	1
ENSG00000228663.1	1	3	1	4
ENSG00000228666.1	1	7	1	0
ENSG00000228672.3	15	77	85	78
ENSG00000228696.8	15	4	4	6
ENSG00000228701.1	1	1	0	6
ENSG00000228703.1	6	11	21	6
ENSG00000228705.1	31	4	0	0
ENSG00000228709.1	12	0	14	22
ENSG00000228716.6	342	1727	170	1047
ENSG00000228723.6	5	41	0	0
ENSG00000228727.8	17	25	19	52
ENSG00000228737.2	1	18	3	1
ENSG00000228741.2	6	4	0	0
ENSG00000228742.10	3	17	11	22
ENSG00000228748.2	63	52	74	68
ENSG00000228775.7	62	9	14	70
ENSG00000228782.7	30	24	34	97
ENSG00000228784.8	145	3	64	459
ENSG00000228789.7	0	0	2	2
ENSG00000228791.7	6	5	6	5
ENSG00000228794.8	111	127	108	199
ENSG00000228801.5	38	39	20	97
ENSG00000228808.1	2	0	3	1
ENSG00000228812.7	3	4	5	0
ENSG00000228817.4	4	2	0	1
ENSG00000228818.1	1	5	0	16
ENSG00000228828.1	5	2	5	9
ENSG00000228830.1	121	91	113	101
ENSG00000228835.1	19	16	32	330
ENSG00000228843.2	12	15	32	16
ENSG00000228878.7	33	84	28	43
ENSG00000228887.3	1	29	9	6
ENSG00000228889.6	56	53	16	31
ENSG00000228903.7	85	39	49	89
ENSG00000228906.1	1	4	2	3
ENSG00000228914.2	10	1	0	4
ENSG00000228915.3	5	1	5	1
ENSG00000228917.1	4	1	1	2
ENSG00000228925.1	5	6	8	2
ENSG00000228929.1	8	20	7	19
ENSG00000228933.7	1	5	3	4
ENSG00000228956.8	2	15	5	1
ENSG00000228960.6	30	14	21	43
ENSG00000228981.3	5	14	3	6
ENSG00000229017.6	3	1	3	5
ENSG00000229018.5	12	16	19	14
ENSG00000229021.2	1	0	1	21
ENSG00000229036.7	25	3	16	17
ENSG00000229043.2	15	23	11	88
ENSG00000229047.1	5	0	5	0
ENSG00000229065.1	7	2	4	1
ENSG00000229081.1	1	0	0	14
ENSG00000229091.3	2	6	4	1
ENSG00000229097.1	4	5	1	13
ENSG00000229111.1	14	3	8	1
ENSG00000229116.2	1	0	1	4
ENSG00000229117.8	8095	14092	13702	25711
ENSG00000229119.3	13	60	35	47
ENSG00000229124.6	43	118	17	283
ENSG00000229127.1	36	12	30	31
ENSG00000229132.2	24	95	39	54
ENSG00000229133.1	10	2	1	8
ENSG00000229142.1	3	0	2	0
ENSG00000229152.2	110	147	104	178
ENSG00000229153.5	8	10	2	1
ENSG00000229167.1	0	1	8	7
ENSG00000229178.1	2	1	5	31
ENSG00000229180.7	454	490	612	1163
ENSG00000229184.2	0	1	2	0
ENSG00000229191.1	3	2	0	1
ENSG00000229204.3	0	3	2	8
ENSG00000229212.8	34	18	26	38
ENSG00000229214.2	6	2	0	7
ENSG00000229222.1	2	1	6	4
ENSG00000229237.2	1	0	1	6
ENSG00000229251.3	1	1	0	5
ENSG00000229267.2	12	4	7	4
ENSG00000229273.1	1	3	2	1
ENSG00000229299.2	13	2	7	22
ENSG00000229320.3	63	61	85	174
ENSG00000229325.1	8	2	1	6
ENSG00000229334.1	14	7	6	39
ENSG00000229344.1	45	167	89	209
ENSG00000229358.3	6	40	13	47
ENSG00000229372.1	5	7	1	9
ENSG00000229373.8	0	0	0	12
ENSG00000229388.1	0	8	0	6
ENSG00000229391.7	4	0	20	34
ENSG00000229404.5	36	21	28	110
ENSG00000229413.2	5	1	11	11
ENSG00000229419.1	13	7	1	15
ENSG00000229422.2	4	2	12	3
ENSG00000229447.2	3	15	3	5
ENSG00000229474.6	19	62	17	31
ENSG00000229492.1	0	0	0	39
ENSG00000229525.1	6	0	2	3
ENSG00000229536.2	5	3	2	8
ENSG00000229539.1	6	9	1	14
ENSG00000229589.1	11	75	14	91
ENSG00000229591.1	2	1	3	3
ENSG00000229605.5	1	0	1	2
ENSG00000229619.3	22	31	40	172
ENSG00000229638.1	67	283	77	113
ENSG00000229644.6	13	5	8	10
ENSG00000229647.1	5	6	0	0
ENSG00000229656.6	2	0	0	4
ENSG00000229666.1	0	4	1	6
ENSG00000229676.2	39	53	15	48
ENSG00000229689.3	187	34	118	318
ENSG00000229692.3	31	4	7	25
ENSG00000229719.5	8	3	1	9
ENSG00000229739.2	3	2	2	0
ENSG00000229754.1	4	1	8	0
ENSG00000229807.11	16599	153	135	21553
ENSG00000229808.1	4	4	4	10
ENSG00000229809.8	138	63	109	174
ENSG00000229816.1	6	15	19	23
ENSG00000229833.9	938	1293	736	1532
ENSG00000229847.8	3519	1983	1542	2049
ENSG00000229848.1	15	15	6	15
ENSG00000229851.1	2	9	4	5
ENSG00000229852.2	58	31	23	82
ENSG00000229867.1	10	17	14	8
ENSG00000229891.1	7	44	22	69
ENSG00000229896.2	0	2	1	1
ENSG00000229917.2	0	0	0	23
ENSG00000229921.6	157	0	14	6
ENSG00000229927.2	4	1	4	9
ENSG00000229931.1	8	5	10	25
ENSG00000229932.3	16	7	9	4
ENSG00000229941.5	12	0	0	0
ENSG00000229944.3	5	4	7	4
ENSG00000229950.1	8	1	20	2
ENSG00000229951.5	2	5	2	9
ENSG00000229953.1	41	4	1	0
ENSG00000229956.10	6	1	19	1
ENSG00000229961.2	2	0	5	2
ENSG00000229967.1	1	0	1	124
ENSG00000229970.3	23	4	16	7
ENSG00000229980.4	10	15	12	17
ENSG00000229994.1	4	14	5	19
ENSG00000230002.3	21	5	12	44
ENSG00000230006.7	4	10	230	62
ENSG00000230010.1	2	0	0	78
ENSG00000230042.1	1	0	2	7
ENSG00000230061.2	47	39	33	61
ENSG00000230062.5	5	16	0	0
ENSG00000230067.3	3	1	0	2
ENSG00000230071.2	8	10	8	8
ENSG00000230074.1	1	1	0	7
ENSG00000230082.1	5	2	1	25
ENSG00000230084.5	3	3	15	4
ENSG00000230091.6	23	58	20	60
ENSG00000230092.7	5	1	5	1
ENSG00000230102.7	10	4	4	21
ENSG00000230124.7	848	818	724	1904
ENSG00000230126.1	6	1	0	1
ENSG00000230131.5	0	0	0	8
ENSG00000230138.1	1	8	0	0
ENSG00000230148.8	10	4	59	134
ENSG00000230149.2	0	3	0	10
ENSG00000230156.2	0	5	1	1
ENSG00000230162.1	0	0	2	3
ENSG00000230163.1	1	0	5	1
ENSG00000230177.1	1	1	17	10
ENSG00000230183.4	2	0	1	3
ENSG00000230185.4	3	7	2	2
ENSG00000230202.1	12	119	421	22
ENSG00000230204.1	0	3	0	2
ENSG00000230207.1	4	36	9	30
ENSG00000230212.6	8	15	12	9
ENSG00000230216.1	0	2	1	2
ENSG00000230219.3	0	20	0	0
ENSG00000230224.1	3	1	2	1
ENSG00000230262.6	7	34	15	7
ENSG00000230267.7	4	1	1	0
ENSG00000230311.2	0	2	2	3
ENSG00000230316.6	0	40	0	0
ENSG00000230325.1	3	1	1	6
ENSG00000230330.1	6	6	2	4
ENSG00000230337.1	4	6	0	7
ENSG00000230359.5	19	10	10	42
ENSG00000230364.1	0	9	2	2
ENSG00000230366.9	2	5	4	12
ENSG00000230368.2	0	0	1	8
ENSG00000230373.8	84	21	22	76
ENSG00000230383.1	19	41	22	43
ENSG00000230387.2	10	2	4	5
ENSG00000230393.1	0	0	0	10
ENSG00000230409.3	9	24	8	21
ENSG00000230415.1	6	11	13	45
ENSG00000230417.11	3	0	6	8
ENSG00000230424.1	2	5	5	6
ENSG00000230426.3	6	16	0	15
ENSG00000230438.6	31	18	5	23
ENSG00000230445.4	32	0	16	116
ENSG00000230450.1	2	3	0	2
ENSG00000230454.1	29	12	21	128
ENSG00000230457.3	1	5	3	6
ENSG00000230479.1	1	6	0	0
ENSG00000230487.7	46	39	4	76
ENSG00000230490.2	0	0	2	1
ENSG00000230498.1	3	0	1	2
ENSG00000230510.6	4	3	12	7
ENSG00000230513.1	23	3	15	64
ENSG00000230521.1	5	0	11	41
ENSG00000230524.8	5	9	8	13
ENSG00000230528.7	2	0	0	5
ENSG00000230530.1	14	41	27	14
ENSG00000230535.1	1	5	31	3
ENSG00000230537.1	7	8	5	11
ENSG00000230547.1	5	2	1	3
ENSG00000230551.4	400	429	1006	732
ENSG00000230555.2	3	3	1	24
ENSG00000230561.4	1	1	4	6
ENSG00000230562.3	3	5	8	7
ENSG00000230563.2	0	0	0	19
ENSG00000230565.1	1	2	1	4
ENSG00000230580.1	0	2	1	5
ENSG00000230581.2	1	8	5	0
ENSG00000230583.7	32	19	36	6
ENSG00000230590.9	1182	852	579	2836
ENSG00000230592.2	0	8	0	8
ENSG00000230596.3	5	7	13	8
ENSG00000230606.10	58	96	12	25
ENSG00000230615.6	8	2	3	18
ENSG00000230626.4	6	4	0	7
ENSG00000230628.1	1	1	0	0
ENSG00000230629.2	17	50	26	60
ENSG00000230638.4	6	3	3	7
ENSG00000230650.1	4	24	20	41
ENSG00000230658.1	20	9	1	7
ENSG00000230666.5	1	0	0	0
ENSG00000230667.5	1	5	2	12
ENSG00000230673.3	2	1	1	2
ENSG00000230676.1	3	9	2	6
ENSG00000230679.1	0	2	0	6
ENSG00000230698.1	2	0	4	0
ENSG00000230699.2	20	2	2	7
ENSG00000230701.2	10	19	24	34
ENSG00000230707.1	4	1	7	2
ENSG00000230715.3	43	21	16	81
ENSG00000230724.9	40	13	2	22
ENSG00000230732.4	8	4	5	15
ENSG00000230733.2	52	10	48	50
ENSG00000230734.1	1	4	1	2
ENSG00000230736.2	1	2	1	0
ENSG00000230749.4	9	6	5	4
ENSG00000230756.1	1	0	2	6
ENSG00000230772.1	5	0	0	4
ENSG00000230777.1	3	5	3	7
ENSG00000230795.3	4	0	5	11
ENSG00000230797.2	4	18	16	18
ENSG00000230798.5	1	11	0	1
ENSG00000230805.6	3	1	0	11
ENSG00000230825.1	1	2	3	1
ENSG00000230832.3	1	3	2	2
ENSG00000230836.1	3	1	0	0
ENSG00000230837.1	2	1	1	3
ENSG00000230844.2	22	77	68	73
ENSG00000230847.4	1	2	0	5
ENSG00000230863.3	2	0	1	1
ENSG00000230869.1	0	38	8	13
ENSG00000230870.2	3	21	4	13
ENSG00000230873.8	15	4	1	12
ENSG00000230882.1	3	16	1	2
ENSG00000230896.1	2	6	5	6
ENSG00000230897.1	1	4	3	6
ENSG00000230927.3	0	0	1	6
ENSG00000230937.11	74	248	0	17
ENSG00000230951.1	5	0	2	3
ENSG00000230955.1	3	4	4	2
ENSG00000230979.3	5	21	22	32
ENSG00000230989.6	1036	874	1326	1472
ENSG00000231006.1	2	15	2	2
ENSG00000231007.5	3	4	0	2
ENSG00000231028.8	10	3	3	0
ENSG00000231031.6	63	0	0	0
ENSG00000231043.3	5	12	7	2
ENSG00000231047.1	4	2	1	4
ENSG00000231050.1	2	6	3	8
ENSG00000231057.3	1	12	0	2
ENSG00000231064.7	87	59	59	115
ENSG00000231066.3	0	1	1	0
ENSG00000231074.8	635	279	291	883
ENSG00000231079.7	4	0	7	0
ENSG00000231105.1	9	2	1	20
ENSG00000231106.2	2	0	128	31
ENSG00000231107.1	20	39	27	31
ENSG00000231113.2	5	4	1	6
ENSG00000231119.2	5	23	10	31
ENSG00000231120.3	1	3	2	4
ENSG00000231125.2	0	3	5	4
ENSG00000231154.1	13	10	8	66
ENSG00000231160.9	73	20	5	87
ENSG00000231167.3	1	0	2	6
ENSG00000231169.4	1	4	0	2
ENSG00000231170.5	2	3	0	8
ENSG00000231177.4	6	19	14	24
ENSG00000231181.1	7	2	6	0
ENSG00000231185.6	5	7	1	1
ENSG00000231187.2	0	0	0	14
ENSG00000231194.1	0	0	3	3
ENSG00000231203.1	9	52	6	47
ENSG00000231205.11	63	265	183	24
ENSG00000231210.3	1	2	1	1
ENSG00000231233.1	3	0	0	6
ENSG00000231240.1	17	40	30	7
ENSG00000231245.2	3	0	3	2
ENSG00000231249.1	2	2	1	0
ENSG00000231256.7	0	1	0	4
ENSG00000231274.5	6	0	3	6
ENSG00000231290.5	3	2	1	3
ENSG00000231295.1	5	7	18	2
ENSG00000231304.2	0	5	5	5
ENSG00000231305.3	2	79	6	85
ENSG00000231307.1	2	3	3	0
ENSG00000231312.6	107	48	44	83
ENSG00000231313.2	1	0	0	6
ENSG00000231327.1	6	4	9	9
ENSG00000231329.8	3	1	0	3
ENSG00000231346.5	0	3	3	4
ENSG00000231351.2	1	0	1	1
ENSG00000231359.3	2	2	0	7
ENSG00000231365.5	221	79	51	198
ENSG00000231367.5	10	2	9	13
ENSG00000231369.1	1	5	7	8
ENSG00000231389.7	201	254	1077	2365
ENSG00000231402.1	6	0	11	29
ENSG00000231409.3	0	0	2	6
ENSG00000231419.6	5	14	24	60
ENSG00000231421.7	11	0	0	0
ENSG00000231431.7	109	306	60	214
ENSG00000231434.1	2	6	0	5
ENSG00000231439.4	4	0	17	29
ENSG00000231453.1	0	0	25	0
ENSG00000231466.2	3	7	0	4
ENSG00000231473.2	0	2	0	4
ENSG00000231482.3	9	10	4	6
ENSG00000231500.6	12670	21876	24144	29902
ENSG00000231503.4	8	23	24	41
ENSG00000231527.5	2	3	5	3
ENSG00000231532.5	3	13	13	0
ENSG00000231551.8	19	3	8	21
ENSG00000231566.1	0	2	2	4
ENSG00000231574.5	31	3	3	7
ENSG00000231579.3	0	2	2	21
ENSG00000231584.8	33	58	16	84
ENSG00000231595.1	2	6	3	8
ENSG00000231607.10	72	142	104	172
ENSG00000231609.6	11	11	12	3
ENSG00000231621.1	1	15	0	0
ENSG00000231628.1	4	2	4	2
ENSG00000231646.5	5	6	3	1
ENSG00000231651.1	0	3	1	1
ENSG00000231652.2	5	0	9	17
ENSG00000231663.1	0	3	7	10
ENSG00000231672.6	5	1	22	5
ENSG00000231683.6	0	0	0	0
ENSG00000231690.2	3	1	0	14
ENSG00000231703.2	20	10	7	6
ENSG00000231711.2	40	45	130	85
ENSG00000231720.1	2	0	0	5
ENSG00000231721.7	39	35	106	237
ENSG00000231731.7	4	4	2	5
ENSG00000231738.10	2	6	0	4
ENSG00000231742.5	2	4	1	17
ENSG00000231752.6	9	54	49	51
ENSG00000231764.8	0	469	0	0
ENSG00000231767.4	36	73	36	65
ENSG00000231768.1	1	1	6	9
ENSG00000231769.2	2	4	7	4
ENSG00000231770.5	36	12	68	206
ENSG00000231784.8	20	8	4	22
ENSG00000231789.2	12	1	22	39
ENSG00000231793.5	24	12	14	56
ENSG00000231794.5	2	1	9	2
ENSG00000231806.3	144	13	198	58
ENSG00000231822.1	2	4	2	3
ENSG00000231826.5	3	2	0	0
ENSG00000231840.1	8	1	16	18
ENSG00000231841.1	2	0	3	0
ENSG00000231852.7	0	4	66	125
ENSG00000231856.2	20	15	29	78
ENSG00000231864.2	5	35	14	5
ENSG00000231871.5	6	2	2	14
ENSG00000231878.1	1	1	0	1
ENSG00000231880.2	5	2	2	5
ENSG00000231881.1	2	20	0	2
ENSG00000231887.7	12	8	9	34
ENSG00000231889.7	31	32	38	65
ENSG00000231890.7	15	53	45	54
ENSG00000231908.1	10	3	2	2
ENSG00000231920.1	4	4	0	20
ENSG00000231925.11	2408	1081	2148	4903
ENSG00000231940.1	1	1	5	5
ENSG00000231955.1	8	14	8	2
ENSG00000231969.1	2	3	2	3
ENSG00000231971.5	1	2	3	5
ENSG00000231989.4	5	4	1	4
ENSG00000231991.4	55	93	87	109
ENSG00000231995.2	4	0	1	0
ENSG00000231999.6	3	8	5	2
ENSG00000232000.2	0	1	1	4
ENSG00000232004.1	1	0	5	8
ENSG00000232006.8	78	22	35	86
ENSG00000232010.1	7	0	0	0
ENSG00000232022.7	4	16	2	20
ENSG00000232023.2	13	0	0	0
ENSG00000232024.2	3	5	2	2
ENSG00000232040.3	68	50	59	87
ENSG00000232044.6	4	1	3	24
ENSG00000232046.6	8	1	0	0
ENSG00000232053.6	0	0	0	0
ENSG00000232060.3	2	2	0	4
ENSG00000232065.1	0	0	3	4
ENSG00000232070.8	3	0	8	72
ENSG00000232079.6	19	1	9	292
ENSG00000232093.1	2	10	3	13
ENSG00000232098.3	52	39	45	390
ENSG00000232104.3	14	2	11	3
ENSG00000232110.7	3	14	4	40
ENSG00000232112.3	551	1584	1872	1532
ENSG00000232119.7	168	331	321	710
ENSG00000232124.2	0	0	0	4
ENSG00000232133.1	9	2	8	4
ENSG00000232149.1	1	6	7	0
ENSG00000232150.3	6	12	4	2
ENSG00000232160.6	17	18	13	52
ENSG00000232176.1	1	3	3	3
ENSG00000232177.1	0	1	1	3
ENSG00000232187.1	8	12	14	23
ENSG00000232197.1	0	0	0	6
ENSG00000232220.2	14	7	19	14
ENSG00000232228.1	0	4	0	3
ENSG00000232229.5	126	9	3	333
ENSG00000232233.1	1	1	0	9
ENSG00000232234.3	2	0	3	2
ENSG00000232237.3	2	6	3	9
ENSG00000232284.7	0	4	1	11
ENSG00000232295.7	4	1	5	5
ENSG00000232303.2	8	7	16	6
ENSG00000232310.7	0	1	2	3
ENSG00000232320.6	4	3	0	1
ENSG00000232324.1	2	0	3	5
ENSG00000232328.1	4	0	0	1
ENSG00000232334.1	0	1	3	1
ENSG00000232346.1	5	12	11	10
ENSG00000232352.1	0	12	7	2
ENSG00000232358.1	5	5	1	11
ENSG00000232380.1	1	0	0	1
ENSG00000232385.2	0	7	9	3
ENSG00000232386.9	34	3	10	28
ENSG00000232388.4	535	213	688	972
ENSG00000232389.1	2	5	0	5
ENSG00000232400.1	3	1	6	29
ENSG00000232412.1	0	6	1	3
ENSG00000232415.1	0	4	0	2
ENSG00000232434.2	43	175	182	176
ENSG00000232442.1	28	151	56	95
ENSG00000232445.1	12	109	7	38
ENSG00000232450.1	3	2	1	4
ENSG00000232453.6	4	5	9	23
ENSG00000232456.1	1	0	1	3
ENSG00000232460.4	1	0	0	4
ENSG00000232472.1	20	129	30	20
ENSG00000232485.2	0	3	5	12
ENSG00000232489.1	6	3	2	5
ENSG00000232499.2	6	6	8	9
ENSG00000232508.1	0	0	0	27
ENSG00000232531.3	0	3	3	4
ENSG00000232533.1	52	17	26	144
ENSG00000232536.1	2	0	0	4
ENSG00000232553.3	0	0	1	1
ENSG00000232573.1	27	124	56	64
ENSG00000232581.1	2	0	2	3
ENSG00000232586.1	22	19	8	83
ENSG00000232593.7	162	478	144	239
ENSG00000232600.3	0	7	3	3
ENSG00000232611.1	43	198	53	172
ENSG00000232618.1	12	1	1	10
ENSG00000232628.5	0	0	8	4
ENSG00000232629.8	0	2	5	20
ENSG00000232630.1	3	3	4	0
ENSG00000232633.4	5	4	0	5
ENSG00000232645.5	5	7	9	3
ENSG00000232653.8	52	64	61	89
ENSG00000232656.7	8	4	7	29
ENSG00000232662.2	1	0	0	6
ENSG00000232671.5	3	14	3	24
ENSG00000232677.6	945	463	1430	1421
ENSG00000232679.1	0	0	1	1
ENSG00000232680.2	1	0	2	47
ENSG00000232682.2	4	6	2	3
ENSG00000232702.3	3	0	1	0
ENSG00000232729.7	0	1	3	1
ENSG00000232732.9	0	8	2	9
ENSG00000232748.3	27	8	29	19
ENSG00000232756.1	1	7	0	2
ENSG00000232759.1	1	1	2	15
ENSG00000232767.1	2	1	1	6
ENSG00000232774.7	0	3	21	8
ENSG00000232803.1	0	31	0	0
ENSG00000232807.2	30	10	34	23
ENSG00000232810.3	361	24	3	55
ENSG00000232811.1	1	0	4	3
ENSG00000232815.1	2	0	12	0
ENSG00000232818.2	21	31	52	90
ENSG00000232828.1	0	4	0	5
ENSG00000232838.3	138	42	152	254
ENSG00000232850.3	8	15	9	22
ENSG00000232855.6	3	2	0	1
ENSG00000232859.9	41	40	39	127
ENSG00000232860.7	13	9	17	18
ENSG00000232862.5	3	8	0	3
ENSG00000232872.2	5	7	5	13
ENSG00000232874.1	4	0	5	7
ENSG00000232888.4	4	3	3	0
ENSG00000232903.2	0	1	0	29
ENSG00000232907.7	12	1	0	6
ENSG00000232931.5	149	2462	669	264
ENSG00000232934.7	2	3	2	3
ENSG00000232936.5	1	2	0	0
ENSG00000232938.2	12	3	5	10
ENSG00000232940.5	8	4	7	11
ENSG00000232952.1	2	0	1	0
ENSG00000232956.8	288	1507	330	929
ENSG00000232973.12	7	8	3	5
ENSG00000232977.6	5	0	0	10
ENSG00000232987.2	9	7	0	0
ENSG00000232995.7	28	31	53	50
ENSG00000233002.2	0	0	0	0
ENSG00000233006.7	35	69	77	228
ENSG00000233016.6	415	419	723	1268
ENSG00000233017.2	0	1	6	2
ENSG00000233024.7	6	3	1	2
ENSG00000233025.1	1	6	0	0
ENSG00000233028.1	36	2	1	5
ENSG00000233029.3	2	0	1	2
ENSG00000233030.2	42	85	16	28
ENSG00000233033.1	0	3	1	3
ENSG00000233038.6	2	5	4	2
ENSG00000233056.2	2	1	1	0
ENSG00000233058.1	33	1	33	44
ENSG00000233064.2	2	0	0	3
ENSG00000233077.1	2	0	3	10
ENSG00000233084.2	2	0	0	4
ENSG00000233087.7	4	39	1	4
ENSG00000233098.8	632	195	9	165
ENSG00000233101.10	74	0	6	1
ENSG00000233111.1	1	2	3	1
ENSG00000233117.2	3	0	3	1
ENSG00000233122.2	0	0	5	3
ENSG00000233138.1	4	0	0	0
ENSG00000233155.1	1	2	0	4
ENSG00000233170.4	8	1	1	3
ENSG00000233175.2	27	34	14	88
ENSG00000233178.7	4	4	12	3
ENSG00000233184.6	65	79	115	127
ENSG00000233198.3	11	20	20	26
ENSG00000233203.6	0	0	3	11
ENSG00000233205.1	1	0	2	8
ENSG00000233208.5	1	0	12	0
ENSG00000233214.1	0	0	0	12
ENSG00000233217.2	3	6	0	11
ENSG00000233221.6	1	1	0	11
ENSG00000233223.2	74	67	26	113
ENSG00000233225.3	4	6	3	23
ENSG00000233230.1	2	6	11	8
ENSG00000233237.6	35	14	82	70
ENSG00000233242.2	1	0	1	2
ENSG00000233251.7	2	128	31	336
ENSG00000233266.1	0	3	0	3
ENSG00000233270.1	7	4	7	12
ENSG00000233275.1	1	0	0	1
ENSG00000233276.4	2034	2976	4958	2709
ENSG00000233288.1	26	0	0	12
ENSG00000233296.1	6	0	1	2
ENSG00000233297.4	2	6	1	2
ENSG00000233316.4	0	0	0	5
ENSG00000233325.3	4	0	4	9
ENSG00000233327.10	0	4	7	21
ENSG00000233328.3	7	1	2	7
ENSG00000233338.1	69	35	4	17
ENSG00000233347.1	0	2	11	5
ENSG00000233360.4	4	0	1	2
ENSG00000233369.7	802	280	522	1059
ENSG00000233380.1	1	6	7	4
ENSG00000233382.6	3	9	12	38
ENSG00000233384.2	0	6	1	1
ENSG00000233392.5	2	173	1	22
ENSG00000233393.1	20	2	4	17
ENSG00000233396.7	109	36	1	50
ENSG00000233406.5	2	3	2	8
ENSG00000233426.3	5	19	5	10
ENSG00000233427.1	2	1	2	3
ENSG00000233429.9	2	61	4	109
ENSG00000233435.2	0	5	7	36
ENSG00000233452.6	12	1	3	3
ENSG00000233461.5	21	25	71	76
ENSG00000233476.3	180	222	150	239
ENSG00000233483.3	17	21	5	40
ENSG00000233485.1	2	2	0	8
ENSG00000233487.6	2	3	4	13
ENSG00000233493.3	101	115	198	650
ENSG00000233514.1	1	1	4	4
ENSG00000233521.5	0	2	0	8
ENSG00000233527.8	34	20	66	146
ENSG00000233539.5	3	3	0	16
ENSG00000233547.1	0	2	2	8
ENSG00000233554.5	3	4	6	1
ENSG00000233558.1	1	2	6	20
ENSG00000233559.1	0	8	0	1
ENSG00000233560.2	9	7	6	10
ENSG00000233579.1	2	2	0	2
ENSG00000233585.2	5	7	1	9
ENSG00000233588.1	2	5	0	2
ENSG00000233593.8	6	99	82	54
ENSG00000233597.3	0	24	1	11
ENSG00000233602.1	0	3	5	0
ENSG00000233608.3	2	132	0	0
ENSG00000233609.3	7	1	2	3
ENSG00000233621.1	28	30	17	49
ENSG00000233622.3	47	7	140	213
ENSG00000233654.1	1	2	1	1
ENSG00000233668.1	2	0	2	1
ENSG00000233672.6	0	4	2	2
ENSG00000233673.7	4	3	1	19
ENSG00000233680.4	2	16	1	4
ENSG00000233690.1	0	3	2	5
ENSG00000233695.2	10	72	12	20
ENSG00000233705.6	0	1	1	20
ENSG00000233718.7	5	1	1	1
ENSG00000233723.8	6	3	4	7
ENSG00000233725.7	6	56	980	286
ENSG00000233757.6	67	0	15	16
ENSG00000233760.1	2	2	0	1
ENSG00000233762.3	3	17	11	13
ENSG00000233766.7	1	0	0	62
ENSG00000233791.5	2	1	1	2
ENSG00000233806.7	6	14	3	13
ENSG00000233817.1	2	8	0	5
ENSG00000233818.1	0	4	0	0
ENSG00000233820.2	11	6	6	19
ENSG00000233822.4	14	24	40	154
ENSG00000233825.1	1	2	4	7
ENSG00000233830.2	15	27	23	13
ENSG00000233834.6	36	18	136	189
ENSG00000233836.7	275	88	138	76
ENSG00000233854.1	2	6	1	11
ENSG00000233859.2	1	0	0	1
ENSG00000233871.2	3	0	2	7
ENSG00000233878.1	12	0	2	0
ENSG00000233885.7	76	61	35	43
ENSG00000233892.1	13	3	6	8
ENSG00000233901.5	194	153	168	101
ENSG00000233903.2	1	0	6	4
ENSG00000233912.1	2	6	2	1
ENSG00000233913.7	18	157	54	73
ENSG00000233922.2	8	3	0	42
ENSG00000233927.4	5911	20662	4325	14962
ENSG00000233930.3	213	28	16	102
ENSG00000233932.5	7	1	2	17
ENSG00000233937.6	135	117	330	332
ENSG00000233954.6	53	34	110	68
ENSG00000233966.1	3	2	1	5
ENSG00000233967.6	15	6	12	19
ENSG00000233971.1	1	4	1	1
ENSG00000233974.3	2	2	1	0
ENSG00000233994.2	1	1	0	4
ENSG00000234004.4	0	1	6	9
ENSG00000234009.1	12	49	22	36
ENSG00000234028.3	78	34	38	85
ENSG00000234040.3	0	5	1	11
ENSG00000234043.3	1	2	0	11
ENSG00000234062.7	26	182	80	84
ENSG00000234068.6	0	3	0	6
ENSG00000234072.1	443	150	168	350
ENSG00000234076.1	1	26	14	22
ENSG00000234115.2	0	0	0	12
ENSG00000234118.1	4	6	2	9
ENSG00000234127.8	1166	514	1008	1718
ENSG00000234129.7	1	12	4	4
ENSG00000234130.2	0	0	0	2
ENSG00000234160.1	1	5	0	6
ENSG00000234171.2	109	46	83	91
ENSG00000234176.1	0	2	4	2
ENSG00000234199.2	0	0	2	1
ENSG00000234222.6	0	7	1	8
ENSG00000234241.1	3	1	1	4
ENSG00000234264.1	1	3	1	1
ENSG00000234284.6	169	44	101	105
ENSG00000234287.1	5	1	4	7
ENSG00000234289.5	0	0	0	9
ENSG00000234290.2	24	22	12	24
ENSG00000234297.2	1	3	1	1
ENSG00000234311.1	2	6	1	4
ENSG00000234322.1	1	1	0	4
ENSG00000234327.7	14	16	9	48
ENSG00000234329.1	3	1	6	8
ENSG00000234336.6	0	1	1	6
ENSG00000234337.4	4	2	3	1
ENSG00000234338.1	715	6	5	4
ENSG00000234345.2	2	3	0	1
ENSG00000234350.4	10	9	11	5
ENSG00000234352.9	26	7	43	33
ENSG00000234353.2	2	2	2	19
ENSG00000234354.3	4	4	1	4
ENSG00000234369.1	2	1	3	1
ENSG00000234377.7	18	26	9	7
ENSG00000234380.1	5	1	5	10
ENSG00000234383.1	3	3	2	11
ENSG00000234390.4	13	8	11	34
ENSG00000234405.1	1	4	1	15
ENSG00000234409.6	7	0	2	17
ENSG00000234420.7	857	471	930	1240
ENSG00000234432.4	30	13	20	76
ENSG00000234444.9	622	576	515	732
ENSG00000234456.7	20	6	35	345
ENSG00000234465.10	6	36	224	7
ENSG00000234478.1	1	14	1	1
ENSG00000234493.4	12	6	1	4
ENSG00000234494.7	25	9	13	30
ENSG00000234498.3	25	16	12	29
ENSG00000234506.5	2	1	1	0
ENSG00000234509.1	0	6	8	2
ENSG00000234511.9	1	0	103	2
ENSG00000234518.2	16	7	8	19
ENSG00000234521.2	0	7	0	0
ENSG00000234545.7	322	307	433	448
ENSG00000234546.3	0	16	1	7
ENSG00000234558.1	0	1	2	1
ENSG00000234571.1	7	0	4	4
ENSG00000234585.6	111	83	145	200
ENSG00000234586.2	0	0	0	9
ENSG00000234589.4	16	30	19	25
ENSG00000234602.7	17	4	33	14
ENSG00000234608.7	283	219	271	405
ENSG00000234614.1	6	8	1	9
ENSG00000234616.8	893	1227	1125	801
ENSG00000234617.2	41	21	20	67
ENSG00000234618.1	1	17	2	28
ENSG00000234636.2	1	4	3	2
ENSG00000234645.3	0	4	0	1
ENSG00000234648.1	11	52	8	9
ENSG00000234664.1	6	26	18	49
ENSG00000234665.8	4	0	6	0
ENSG00000234667.2	4	0	0	6
ENSG00000234678.2	902	638	748	411
ENSG00000234684.6	96	76	65	108
ENSG00000234685.1	299	862	3384	291
ENSG00000234690.6	49	3	21	50
ENSG00000234694.1	8	19	20	62
ENSG00000234705.1	0	5	0	2
ENSG00000234709.2	0	5	2	4
ENSG00000234719.8	25	19	6	13
ENSG00000234722.4	42	0	2	9
ENSG00000234737.1	2	11	0	9
ENSG00000234741.7	3676	5360	4231	10270
ENSG00000234742.1	18	14	12	8
ENSG00000234743.1	7	9	1	9
ENSG00000234745.10	4597	2316	7167	8233
ENSG00000234750.1	2	3	2	0
ENSG00000234753.5	0	3	0	4
ENSG00000234754.1	0	0	3	13
ENSG00000234769.7	32	28	18	29
ENSG00000234771.3	357	338	152	410
ENSG00000234773.7	31	52	24	52
ENSG00000234776.4	2	2	1	1
ENSG00000234782.3	13	32	35	28
ENSG00000234785.1	4	10	0	5
ENSG00000234793.1	0	10	5	9
ENSG00000234797.5	46	111	118	100
ENSG00000234801.3	1	1	2	10
ENSG00000234807.6	36	4	15	54
ENSG00000234814.8	5	3	6	13
ENSG00000234817.2	1	2	0	3
ENSG00000234825.3	5	7	3	9
ENSG00000234840.1	8	0	7	74
ENSG00000234851.4	74	141	118	175
ENSG00000234857.2	2	4	1	5
ENSG00000234869.1	27	42	16	89
ENSG00000234882.1	27	16	3	16
ENSG00000234883.5	28	24	2	15
ENSG00000234899.9	10	5	34	23
ENSG00000234902.6	6	1	0	0
ENSG00000234906.9	1	4	2	3
ENSG00000234911.2	13	24	8	27
ENSG00000234912.12	265	409	248	564
ENSG00000234917.2	0	4	0	8
ENSG00000234925.2	0	12	1	2
ENSG00000234928.1	3	0	1	3
ENSG00000234936.1	0	2	0	12
ENSG00000234945.7	30	18	24	17
ENSG00000234949.2	4	54	13	26
ENSG00000234964.4	2	3	0	4
ENSG00000234975.6	16	27	42	39
ENSG00000234996.4	2	0	0	3
ENSG00000234997.1	0	0	0	4
ENSG00000235001.3	10	20	8	10
ENSG00000235007.2	0	6	0	12
ENSG00000235013.1	0	1	1	3
ENSG00000235016.1	24	34	37	24
ENSG00000235023.1	15	15	15	43
ENSG00000235027.1	3	10	19	11
ENSG00000235033.7	16	31	4	34
ENSG00000235034.6	3	20	13	79
ENSG00000235036.4	0	2	0	4
ENSG00000235043.3	9	7	8	24
ENSG00000235065.1	1	6	1	7
ENSG00000235072.2	2	7	0	18
ENSG00000235078.1	3	2	2	14
ENSG00000235082.2	0	2	5	0
ENSG00000235084.3	0	0	0	12
ENSG00000235091.2	0	2	1	7
ENSG00000235092.5	2	1	3	16
ENSG00000235098.8	212	993	804	1149
ENSG00000235100.3	2	2	2	2
ENSG00000235106.9	281	484	280	269
ENSG00000235109.7	335	118	585	537
ENSG00000235121.1	8	2	3	3
ENSG00000235138.1	1	3	0	0
ENSG00000235143.1	0	0	0	15
ENSG00000235159.1	0	1	3	4
ENSG00000235162.8	481	498	160	1335
ENSG00000235169.8	23	57	315	117
ENSG00000235172.7	0	2	0	5
ENSG00000235173.6	375	1244	641	541
ENSG00000235192.1	4	6	1	2
ENSG00000235194.8	82	218	297	352
ENSG00000235213.1	4	0	0	1
ENSG00000235217.6	372	16	71	789
ENSG00000235225.1	2	4	2	11
ENSG00000235238.1	2	2	1	0
ENSG00000235244.3	0	4	7	1
ENSG00000235245.1	4	7	17	30
ENSG00000235257.8	22	26	19	26
ENSG00000235269.1	8	26	53	130
ENSG00000235272.2	6	1	5	9
ENSG00000235275.3	0	11	0	3
ENSG00000235277.1	3	2	3	7
ENSG00000235280.2	5	38	19	33
ENSG00000235295.1	0	0	0	3
ENSG00000235297.3	1	5	4	3
ENSG00000235313.1	1	0	1	1
ENSG00000235314.1	21	31	82	64
ENSG00000235316.1	47	28	32	159
ENSG00000235319.1	0	1	1	1
ENSG00000235330.2	5	1	2	1
ENSG00000235351.1	1	8	2	2
ENSG00000235363.1	2	3	0	1
ENSG00000235370.6	0	0	0	12
ENSG00000235374.2	26	2	19	59
ENSG00000235376.5	4	0	4	1
ENSG00000235381.1	90	123	27	112
ENSG00000235385.1	5	6	0	23
ENSG00000235387.3	0	62	18	31
ENSG00000235408.5	0	1	3	1
ENSG00000235423.8	36	24	32	47
ENSG00000235437.7	147	266	198	986
ENSG00000235453.10	33	45	52	34
ENSG00000235472.1	0	7	0	2
ENSG00000235489.4	1	3	3	3
ENSG00000235493.2	5	0	3	2
ENSG00000235499.1	18	5	4	13
ENSG00000235501.5	17	6	20	24
ENSG00000235505.7	2	11	6	9
ENSG00000235508.3	7	10	15	24
ENSG00000235513.1	31	10	10	39
ENSG00000235522.6	1	0	1	3
ENSG00000235527.6	0	1	3	5
ENSG00000235529.1	0	1	5	7
ENSG00000235530.6	0	1	5	11
ENSG00000235531.9	6	0	0	3
ENSG00000235545.1	0	9	0	4
ENSG00000235552.4	112	260	224	213
ENSG00000235554.1	11	1	15	13
ENSG00000235559.1	4	4	0	3
ENSG00000235560.3	31	29	25	45
ENSG00000235563.1	1	0	0	5
ENSG00000235568.6	73	37	35	66
ENSG00000235574.1	0	0	4	4
ENSG00000235587.2	3	10	3	8
ENSG00000235590.7	21	0	25	55
ENSG00000235605.1	2	10	3	12
ENSG00000235609.7	84	5	111	26
ENSG00000235615.2	0	0	0	0
ENSG00000235618.8	4	12	7	28
ENSG00000235621.8	146	60	18	359
ENSG00000235631.1	0	0	0	2
ENSG00000235636.1	2	3	4	2
ENSG00000235649.2	21	12	0	38
ENSG00000235651.1	0	3	4	5
ENSG00000235652.7	34	36	9	50
ENSG00000235655.3	17	18	20	8
ENSG00000235663.1	36	1	10	12
ENSG00000235703.5	105	179	102	254
ENSG00000235706.7	120	270	103	254
ENSG00000235721.1	1	1	0	4
ENSG00000235725.1	7	2	3	13
ENSG00000235726.5	1	0	13	5
ENSG00000235750.9	1104	946	1257	1359
ENSG00000235760.4	1	3	2	3
ENSG00000235770.5	1	2	5	1
ENSG00000235776.2	4	18	5	15
ENSG00000235795.1	3	0	3	0
ENSG00000235823.2	159	69	143	215
ENSG00000235828.5	0	6	5	16
ENSG00000235831.6	20	18	18	14
ENSG00000235836.1	2	0	10	4
ENSG00000235852.1	13	7	8	15
ENSG00000235859.5	63	94	45	133
ENSG00000235863.3	99	36	33	153
ENSG00000235865.2	10	5	7	9
ENSG00000235872.2	28	11	29	15
ENSG00000235885.7	25	4	0	0
ENSG00000235888.1	3	5	3	65
ENSG00000235890.2	36	1	30	50
ENSG00000235897.1	5	23	16	72
ENSG00000235903.8	1	1	10	1
ENSG00000235908.1	0	1	2	4
ENSG00000235919.4	31	22	67	62
ENSG00000235927.4	4	30	4	4
ENSG00000235944.8	56	1	19	82
ENSG00000235946.1	6	0	0	5
ENSG00000235947.1	6	15	0	8
ENSG00000235954.6	258	158	196	375
ENSG00000235957.1	1	1	1	3
ENSG00000235961.5	13	170	239	312
ENSG00000235974.1	1	0	0	2
ENSG00000235978.6	5	0	4	1
ENSG00000235989.3	40	8	25	38
ENSG00000235994.4	43	0	7	1
ENSG00000235997.2	17	28	41	106
ENSG00000236008.2	40	3	22	58
ENSG00000236013.6	1	0	4	6
ENSG00000236039.2	1	1	0	11
ENSG00000236048.2	3	1	2	0
ENSG00000236051.7	3	3	1	7
ENSG00000236058.3	2	3	0	3
ENSG00000236060.2	2	2	2	2
ENSG00000236078.1	1	1	1	4
ENSG00000236081.1	0	120	1	23
ENSG00000236083.2	1	6	0	0
ENSG00000236088.9	64	46	86	141
ENSG00000236098.1	0	0	3	6
ENSG00000236104.2	535	209	373	523
ENSG00000236114.1	12	4	2	2
ENSG00000236117.1	1	0	0	47
ENSG00000236137.1	5	16	6	10
ENSG00000236144.6	173	547	256	1950
ENSG00000236155.6	9	15	12	25
ENSG00000236182.1	12	0	2	0
ENSG00000236184.1	1	1	5	5
ENSG00000236194.3	0	5	1	0
ENSG00000236197.3	1	1	0	10
ENSG00000236200.5	7	20	19	11
ENSG00000236204.6	76	6	35	10
ENSG00000236209.1	0	0	0	12
ENSG00000236242.1	1	0	4	5
ENSG00000236253.7	0	65	4	0
ENSG00000236255.1	20	139	22	22
ENSG00000236263.1	0	1	2	3
ENSG00000236264.5	4	3	5	8
ENSG00000236268.5	1	2	5	3
ENSG00000236279.6	1	0	1	10
ENSG00000236281.1	1	4	0	2
ENSG00000236283.4	0	1	0	5
ENSG00000236287.7	942	780	619	1413
ENSG00000236296.8	8	1	14	8
ENSG00000236304.1	1	2	3	5
ENSG00000236305.1	0	1	1	5
ENSG00000236312.3	1	2	3	1
ENSG00000236318.2	3	0	8	6
ENSG00000236333.3	4	0	612	20
ENSG00000236347.1	0	0	5	5
ENSG00000236349.1	1	2	0	0
ENSG00000236360.2	1	1	1	3
ENSG00000236383.8	2	2	0	3
ENSG00000236384.7	7	0	3	33
ENSG00000236397.3	6	46	28	47
ENSG00000236404.9	23	66	27	20
ENSG00000236409.2	17	1	7	5
ENSG00000236423.5	8	10	8	23
ENSG00000236432.7	13	25	18	14
ENSG00000236438.7	47	3	43	11
ENSG00000236439.4	2	6	3	12
ENSG00000236444.4	1	0	0	1
ENSG00000236449.1	0	0	5	0
ENSG00000236456.1	0	5	7	7
ENSG00000236474.1	6	2	2	2
ENSG00000236480.1	1	8	4	0
ENSG00000236483.1	1	1	2	1
ENSG00000236493.2	1	1	0	10
ENSG00000236498.1	11	14	4	5
ENSG00000236499.2	3	5	10	9
ENSG00000236502.1	32	0	126	1
ENSG00000236514.1	5	4	4	13
ENSG00000236516.1	24	29	12	12
ENSG00000236519.1	1	3	0	10
ENSG00000236526.1	5	1	1	0
ENSG00000236528.1	10	31	8	1
ENSG00000236532.5	4	11	0	4
ENSG00000236540.7	0	1	3	0
ENSG00000236548.1	2	2	3	2
ENSG00000236552.2	138	213	247	140
ENSG00000236554.1	3	11	1	2
ENSG00000236565.3	6	9	6	19
ENSG00000236603.2	2	9	6	9
ENSG00000236609.3	288	38	64	369
ENSG00000236617.2	1	0	0	1
ENSG00000236618.2	39	27	57	88
ENSG00000236641.1	2	0	0	6
ENSG00000236670.1	1	0	11	2
ENSG00000236682.1	27	1	35	13
ENSG00000236698.1	9	17	4	9
ENSG00000236699.8	44	12	0	1
ENSG00000236714.1	8	6	0	1
ENSG00000236723.2	6	18	5	15
ENSG00000236740.6	2	5	10	59
ENSG00000236751.1	14	48	20	67
ENSG00000236753.6	10	4	22	48
ENSG00000236754.5	2	5	0	0
ENSG00000236756.4	6	4	16	14
ENSG00000236762.1	0	7	1	0
ENSG00000236778.7	35	93	36	77
ENSG00000236780.5	87	11	4	2
ENSG00000236782.7	33	61	89	29
ENSG00000236801.1	4	8	9	19
ENSG00000236810.5	29	86	23	42
ENSG00000236814.1	11	10	15	12
ENSG00000236824.2	1	1	6	30
ENSG00000236829.9	8	6	21	46
ENSG00000236830.6	36	54	18	57
ENSG00000236833.1	8	3	2	43
ENSG00000236859.6	69	36	51	158
ENSG00000236893.1	3	2	1	0
ENSG00000236901.6	381	416	163	308
ENSG00000236908.2	2	4	1	4
ENSG00000236914.3	6	8	0	11
ENSG00000236924.1	5	12	18	8
ENSG00000236947.5	0	3	3	10
ENSG00000236956.2	3	6	0	1
ENSG00000236972.2	1	1	0	2
ENSG00000236975.1	3	0	0	24
ENSG00000236976.1	1	1	0	3
ENSG00000236989.5	5	0	0	3
ENSG00000236992.2	3	13	1	2
ENSG00000237004.4	17	42	11	15
ENSG00000237009.2	6	20	1	3
ENSG00000237013.1	7	68	2	9
ENSG00000237017.1	38	41	67	59
ENSG00000237036.4	99	55	33	159
ENSG00000237037.9	22	4	24	19
ENSG00000237054.9	7	10	7	2
ENSG00000237061.1	1	2	0	9
ENSG00000237080.3	47	40	54	52
ENSG00000237094.12	62	3	14	34
ENSG00000237125.9	4	0	18	16
ENSG00000237126.8	6	12	9	6
ENSG00000237133.1	0	4	1	0
ENSG00000237149.5	360	62	242	441
ENSG00000237152.3	4	3	3	2
ENSG00000237161.4	3	0	10	4
ENSG00000237172.3	32	9	76	438
ENSG00000237179.5	2	75	0	0
ENSG00000237181.1	3	0	2	1
ENSG00000237187.8	81	111	136	11
ENSG00000237190.3	176	237	287	350
ENSG00000237214.3	7	12	10	25
ENSG00000237222.3	0	1	7	7
ENSG00000237223.6	0	7	1	2
ENSG00000237238.3	0	25	1	0
ENSG00000237248.5	5	6	17	25
ENSG00000237264.4	20	34	60	37
ENSG00000237273.1	0	4	0	2
ENSG00000237276.8	6	0	3	10
ENSG00000237278.2	1	4	2	0
ENSG00000237289.9	76	157	120	203
ENSG00000237296.9	86	51	25	56
ENSG00000237298.9	111	78	110	202
ENSG00000237301.1	7	3	1	45
ENSG00000237310.1	9	14	13	40
ENSG00000237330.2	44	24	27	21
ENSG00000237339.5	2	2	0	14
ENSG00000237350.1	13	14	7	7
ENSG00000237352.3	33	1	0	30
ENSG00000237356.6	2	1	0	1
ENSG00000237357.2	24	5	32	18
ENSG00000237361.2	0	0	0	9
ENSG00000237380.6	1	63	3	44
ENSG00000237399.7	102	60	62	45
ENSG00000237412.6	0	0	3	13
ENSG00000237424.1	2	11	9	34
ENSG00000237433.1	0	2	0	5
ENSG00000237437.1	3	1	10	0
ENSG00000237438.7	56	183	96	41
ENSG00000237440.8	329	144	179	129
ENSG00000237441.9	2372	359	1235	2862
ENSG00000237476.1	1	6	15	24
ENSG00000237481.1	3	2	1	2
ENSG00000237489.4	6	21	50	33
ENSG00000237491.8	9	26	54	21
ENSG00000237493.3	6	6	2	13
ENSG00000237499.6	5	3	2	10
ENSG00000237505.7	2	0	1	14
ENSG00000237506.3	6	37	24	20
ENSG00000237512.6	64	53	110	199
ENSG00000237513.1	26	32	2	1
ENSG00000237515.8	55	406	213	64
ENSG00000237517.9	1	9	2	47
ENSG00000237522.1	13	2	1	1
ENSG00000237523.1	92	72	108	233
ENSG00000237529.2	3	5	3	2
ENSG00000237541.3	3	0	20	212
ENSG00000237550.5	983	1734	1390	1412
ENSG00000237575.4	4	6	2	9
ENSG00000237588.2	0	1	0	5
ENSG00000237594.2	9	20	12	15
ENSG00000237595.3	1	0	0	3
ENSG00000237596.6	2	0	2	2
ENSG00000237614.1	1	7	0	49
ENSG00000237624.1	0	0	1	4
ENSG00000237641.1	1	3	2	1
ENSG00000237649.7	320	301	250	988
ENSG00000237651.6	83	38	81	43
ENSG00000237668.1	0	2	1	2
ENSG00000237669.1	5	1	1	10
ENSG00000237682.2	6	1	2	10
ENSG00000237685.1	0	1	0	2
ENSG00000237686.6	33	116	10	72
ENSG00000237721.1	1	1	3	27
ENSG00000237732.9	3	4	9	7
ENSG00000237742.6	9	4	117	62
ENSG00000237751.2	2	0	3	3
ENSG00000237753.1	45	63	66	173
ENSG00000237758.1	1	2	0	3
ENSG00000237765.6	267	334	171	272
ENSG00000237766.2	0	6	0	7
ENSG00000237773.6	6	4	10	44
ENSG00000237788.1	1	1	2	6
ENSG00000237793.3	0	6	3	5
ENSG00000237804.1	1	3	2	3
ENSG00000237807.3	32	27	29	32
ENSG00000237813.3	0	0	0	4
ENSG00000237819.5	0	0	4	10
ENSG00000237821.1	7	4	4	2
ENSG00000237840.6	24	5	5	64
ENSG00000237842.2	1	3	1	2
ENSG00000237854.3	11	7	16	11
ENSG00000237877.6	7	7	7	7
ENSG00000237883.1	1	2	11	12
ENSG00000237886.1	8	9	8	15
ENSG00000237892.1	3	12	2	1
ENSG00000237897.2	1	2	0	3
ENSG00000237923.1	3	1	3	2
ENSG00000237940.3	23	28	6	20
ENSG00000237943.6	1	23	70	136
ENSG00000237945.7	240	189	256	83
ENSG00000237950.1	4	7	10	6
ENSG00000237973.1	930	1805	1030	2569
ENSG00000237975.6	13	49	60	59
ENSG00000237976.1	4	10	0	10
ENSG00000237977.1	0	2	0	8
ENSG00000237978.5	123	35	50	167
ENSG00000237984.3	9	6	3	26
ENSG00000237989.1	1	6	1	2
ENSG00000237991.3	3	5	2	6
ENSG00000238000.1	4	15	16	24
ENSG00000238005.2	1	12	3	2
ENSG00000238018.2	1	0	1	2
ENSG00000238035.8	13	5	4	7
ENSG00000238039.1	17	64	0	51
ENSG00000238042.5	0	12	37	0
ENSG00000238045.9	330	240	579	678
ENSG00000238061.2	13	0	6	1
ENSG00000238062.5	1	0	0	4
ENSG00000238082.1	2	2	2	5
ENSG00000238083.7	226	42	126	116
ENSG00000238084.4	1	6	3	2
ENSG00000238098.9	22	8	62	52
ENSG00000238103.4	5	14	7	3
ENSG00000238105.7	405	627	202	722
ENSG00000238113.6	31	8	47	37
ENSG00000238120.1	0	3	0	0
ENSG00000238123.1	1	1	0	1
ENSG00000238142.1	16	6	18	29
ENSG00000238164.6	29	93	17	364
ENSG00000238172.2	0	0	2	3
ENSG00000238184.1	20	1	3	7
ENSG00000238197.5	29	42	9	23
ENSG00000238198.1	7	1	1	4
ENSG00000238213.1	1	0	1	11
ENSG00000238227.7	689	718	479	1024
ENSG00000238228.1	11	4	1	3
ENSG00000238243.3	1	1	4	3
ENSG00000238249.2	0	1	0	4
ENSG00000238258.1	2	3	1	0
ENSG00000238260.1	2	1	4	6
ENSG00000238266.2	4	0	20	9
ENSG00000238269.8	2	3	0	1
ENSG00000238273.3	2	2	4	3
ENSG00000238276.5	4	0	0	2
ENSG00000238286.1	1	3	3	3
ENSG00000238287.1	1	0	22	10
ENSG00000238290.1	3	2	3	3
ENSG00000238741.1	6	0	6	10
ENSG00000239002.3	0	2	0	4
ENSG00000239213.5	47	73	33	158
ENSG00000239218.2	19	5	3	9
ENSG00000239219.2	1	0	1	9
ENSG00000239246.3	7	6	9	3
ENSG00000239264.8	127	229	149	318
ENSG00000239268.2	1	1	20	0
ENSG00000239282.7	30	11	25	87
ENSG00000239305.6	1323	555	897	1475
ENSG00000239306.4	817	809	652	901
ENSG00000239322.1	0	1	4	2
ENSG00000239332.5	11	1	5	11
ENSG00000239335.4	0	2	4	6
ENSG00000239365.2	0	0	0	6
ENSG00000239382.10	116	36	195	560
ENSG00000239388.8	0	3	2	1
ENSG00000239389.7	4	3	10	2
ENSG00000239407.5	11	12	1	19
ENSG00000239415.1	5	29	10	14
ENSG00000239428.2	0	13	0	0
ENSG00000239445.5	1	0	19	18
ENSG00000239467.5	9	37	31	97
ENSG00000239474.6	10	13	2	1
ENSG00000239521.8	604	344	636	672
ENSG00000239523.5	3	14	6	22
ENSG00000239552.2	4	0	2	1
ENSG00000239556.4	8	0	1	24
ENSG00000239557.1	5	3	0	4
ENSG00000239559.2	2	7	4	10
ENSG00000239569.3	6	14	10	20
ENSG00000239605.10	0	2	2	2
ENSG00000239617.1	1	4	0	1
ENSG00000239620.2	0	0	0	16
ENSG00000239653.1	14	4	27	36
ENSG00000239665.8	242	115	245	416
ENSG00000239672.7	462	1419	869	1099
ENSG00000239697.10	33	50	66	166
ENSG00000239704.10	13	0	1	44
ENSG00000239713.8	31	167	64	224
ENSG00000239719.1	0	5	1	4
ENSG00000239732.3	3	2	6	2
ENSG00000239763.2	0	5	2	1
ENSG00000239779.6	663	518	763	1339
ENSG00000239789.5	161	227	116	404
ENSG00000239791.1	10	10	6	10
ENSG00000239827.8	10	6	10	9
ENSG00000239857.6	617	237	384	1139
ENSG00000239873.2	7	0	0	3
ENSG00000239883.8	91	5	63	141
ENSG00000239884.3	0	0	2	3
ENSG00000239887.4	200	210	185	204
ENSG00000239900.12	207	366	238	416
ENSG00000239911.2	1	51	28	23
ENSG00000239920.2	5	0	7	3
ENSG00000239969.5	9	10	11	21
ENSG00000239998.5	6	7	5	5
ENSG00000240005.5	1	2	3	1
ENSG00000240024.5	203	26	59	278
ENSG00000240032.1	0	0	2	1
ENSG00000240036.4	5	5	6	24
ENSG00000240038.6	1283	1058	398	33
ENSG00000240053.8	188	73	224	357
ENSG00000240057.5	1	3	3	11
ENSG00000240065.7	60	47	150	455
ENSG00000240086.6	26	15	46	111
ENSG00000240087.3	3	28	13	23
ENSG00000240137.5	14	2	53	52
ENSG00000240184.6	212	239	131	173
ENSG00000240204.2	21	61	57	107
ENSG00000240207.6	9	38	132	201
ENSG00000240219.1	18	41	16	45
ENSG00000240225.10	205	66	223	445
ENSG00000240230.5	628	189	196	572
ENSG00000240231.1	3	1	4	1
ENSG00000240240.8	3	3	13	0
ENSG00000240244.3	6	0	3	8
ENSG00000240253.5	1	1	5	19
ENSG00000240280.6	56	12	58	25
ENSG00000240288.7	6	33	27	31
ENSG00000240291.1	48	44	19	28
ENSG00000240303.7	61	158	98	208
ENSG00000240342.3	691	3515	1401	1200
ENSG00000240344.8	298	296	230	186
ENSG00000240356.6	26	31	44	81
ENSG00000240370.6	49	13	48	79
ENSG00000240376.1	1	16	11	27
ENSG00000240392.1	1	6	5	5
ENSG00000240395.1	1	11	3	9
ENSG00000240399.1	2	10	0	11
ENSG00000240401.8	9	14	7	16
ENSG00000240405.6	3	10	1	17
ENSG00000240409.1	0	1	2	0
ENSG00000240423.2	6	3	4	42
ENSG00000240429.1	293	7	67	184
ENSG00000240445.3	19	5	8	27
ENSG00000240449.1	1	0	1	2
ENSG00000240463.1	0	4	2	8
ENSG00000240476.1	1	0	4	1
ENSG00000240489.1	7	17	10	13
ENSG00000240498.7	7	48	44	52
ENSG00000240509.1	1	7	7	9
ENSG00000240541.2	1	9	6	90
ENSG00000240583.11	150	148	38	145
ENSG00000240591.1	2	0	0	2
ENSG00000240602.7	4	13	1	12
ENSG00000240616.1	2	24	9	20
ENSG00000240622.1	1	4	1	2
ENSG00000240654.6	4	1	1	8
ENSG00000240661.3	11	0	1	4
ENSG00000240668.1	4	18	3	20
ENSG00000240682.9	285	310	246	1115
ENSG00000240694.8	10	54	14	76
ENSG00000240695.1	2	3	1	6
ENSG00000240710.1	2	4	3	1
ENSG00000240720.8	8	15	1	3
ENSG00000240731.1	5	16	15	11
ENSG00000240747.7	2	8	0	1
ENSG00000240758.2	2	0	4	9
ENSG00000240764.3	14	18	14	27
ENSG00000240771.6	110	120	49	259
ENSG00000240849.10	1639	550	915	1006
ENSG00000240857.1	381	371	245	713
ENSG00000240859.2	203	128	144	71
ENSG00000240875.5	14	2	105	67
ENSG00000240889.1	24	6	10	15
ENSG00000240890.2	0	1	0	3
ENSG00000240891.7	57	46	21	178
ENSG00000240914.1	1	11	4	10
ENSG00000240929.2	2	0	1	9
ENSG00000240950.1	3	45	7	17
ENSG00000240972.1	1461	2228	4686	5624
ENSG00000241015.2	95	93	76	122
ENSG00000241057.2	12	5	0	26
ENSG00000241058.3	262	146	85	451
ENSG00000241061.3	5	17	11	17
ENSG00000241081.1	5	6	3	12
ENSG00000241095.1	0	3	0	1
ENSG00000241106.7	8	3	2	76
ENSG00000241111.1	3	8	15	0
ENSG00000241112.1	0	0	3	3
ENSG00000241127.7	159	232	104	355
ENSG00000241149.3	24	0	0	0
ENSG00000241155.1	0	0	0	12
ENSG00000241158.6	0	0	0	0
ENSG00000241163.7	2	1	5	5
ENSG00000241170.3	40	84	18	77
ENSG00000241217.3	4	1	0	4
ENSG00000241233.3	2	8	1	2
ENSG00000241255.1	1	0	3	8
ENSG00000241258.6	759	832	483	872
ENSG00000241269.1	4	1	0	5
ENSG00000241278.1	0	1	14	10
ENSG00000241282.1	0	0	4	2
ENSG00000241288.7	40	42	50	345
ENSG00000241313.2	25	24	22	64
ENSG00000241316.7	17	25	15	16
ENSG00000241322.10	10	22	10	21
ENSG00000241343.9	1359	5333	3068	9249
ENSG00000241352.3	4	2	2	2
ENSG00000241360.1	30	39	34	61
ENSG00000241370.5	217	159	227	356
ENSG00000241399.6	45	40	30	42
ENSG00000241404.6	123	33	105	110
ENSG00000241429.1	4	4	1	13
ENSG00000241431.1	1	7	4	14
ENSG00000241458.1	1	1	0	4
ENSG00000241468.7	773	1594	2072	2227
ENSG00000241469.7	3	12	1	1
ENSG00000241472.6	10	2	7	25
ENSG00000241478.1	2	2	1	3
ENSG00000241484.9	180	212	274	265
ENSG00000241489.7	101	399	63	243
ENSG00000241494.1	0	4	1	6
ENSG00000241506.1	20	24	39	18
ENSG00000241520.1	2	3	0	7
ENSG00000241547.1	3	1	8	5
ENSG00000241549.8	13	8	18	27
ENSG00000241553.12	1407	1267	1467	3718
ENSG00000241556.1	2	30	4	1
ENSG00000241563.3	1	2	1	2
ENSG00000241627.3	3	4	1	7
ENSG00000241634.1	1	9	1	15
ENSG00000241644.2	116	7	3	2
ENSG00000241680.1	0	3	1	6
ENSG00000241684.6	11	4	2	4
ENSG00000241685.9	529	498	517	751
ENSG00000241697.4	94	24	10	92
ENSG00000241741.1	4	18	5	10
ENSG00000241749.4	31	2	7	14
ENSG00000241764.3	17	22	18	15
ENSG00000241769.7	153	545	131	272
ENSG00000241794.1	3	1	0	0
ENSG00000241837.6	523	1789	1101	814
ENSG00000241839.9	379	482	148	389
ENSG00000241852.9	271	203	77	207
ENSG00000241860.6	3	1	0	2
ENSG00000241878.11	555	695	554	1324
ENSG00000241889.1	2	2	1	15
ENSG00000241935.8	44	18	9	378
ENSG00000241945.7	7	160	33	245
ENSG00000241962.9	5	8	4	7
ENSG00000241973.10	1053	1055	1693	2762
ENSG00000241975.1	5	1	1	2
ENSG00000241978.9	14	7	1	18
ENSG00000241990.5	10	76	108	84
ENSG00000242021.2	0	0	0	6
ENSG00000242028.6	111	234	71	173
ENSG00000242067.1	0	2	1	4
ENSG00000242071.3	54	253	141	77
ENSG00000242082.1	2	1	9	14
ENSG00000242085.1	3	5	2	2
ENSG00000242086.8	972	1526	1508	2898
ENSG00000242088.1	1	2	4	5
ENSG00000242097.1	0	8	0	0
ENSG00000242100.2	4	24	14	23
ENSG00000242110.7	17	31	8	84
ENSG00000242114.5	42	161	125	255
ENSG00000242125.3	784	1929	2812	4369
ENSG00000242136.1	0	5	4	1
ENSG00000242142.1	0	12	0	2
ENSG00000242147.1	4	10	7	6
ENSG00000242163.1	1	3	0	2
ENSG00000242173.8	9	1	3	43
ENSG00000242193.11	299	126	183	608
ENSG00000242198.1	2	1	0	0
ENSG00000242208.1	0	2	2	1
ENSG00000242220.6	8	35	5	2
ENSG00000242242.5	6	10	0	5
ENSG00000242247.10	471	368	615	841
ENSG00000242252.1	13	12	6	30
ENSG00000242258.1	0	3	0	3
ENSG00000242259.8	119	207	340	424
ENSG00000242261.1	4	2	7	2
ENSG00000242262.1	1	9	3	19
ENSG00000242265.5	2476	1741	1002	5714
ENSG00000242267.6	9	2	0	0
ENSG00000242276.2	0	3	1	6
ENSG00000242282.6	15	6	17	24
ENSG00000242288.9	3	3	0	1
ENSG00000242294.6	363	435	794	856
ENSG00000242299.1	56	115	85	82
ENSG00000242337.5	3	5	0	8
ENSG00000242338.6	14	4	12	46
ENSG00000242352.2	1	0	2	3
ENSG00000242372.7	2845	1828	1820	3667
ENSG00000242396.1	5	3	10	11
ENSG00000242419.5	19	10	19	12
ENSG00000242445.1	1	10	2	11
ENSG00000242457.1	0	3	2	3
ENSG00000242474.2	30	11	29	17
ENSG00000242477.1	1	17	3	8
ENSG00000242479.1	3	3	11	4
ENSG00000242485.5	543	1012	1022	1513
ENSG00000242498.7	469	342	190	679
ENSG00000242512.8	4	3	0	2
ENSG00000242516.1	8	4	161	1
ENSG00000242539.2	34	6	9	3
ENSG00000242540.2	2	0	0	5
ENSG00000242551.2	1	0	1	18
ENSG00000242553.1	1	0	5	4
ENSG00000242571.1	0	0	2	0
ENSG00000242574.8	111	64	59	795
ENSG00000242578.1	4	8	2	4
ENSG00000242588.6	331	109	157	281
ENSG00000242599.7	3	0	0	0
ENSG00000242600.8	13	1	5	44
ENSG00000242612.6	309	76	197	306
ENSG00000242615.1	19	67	22	29
ENSG00000242616.3	209	284	222	196
ENSG00000242622.1	15	6	10	93
ENSG00000242686.4	4	34	4	157
ENSG00000242689.2	11	15	25	17
ENSG00000242715.7	31	3	7	21
ENSG00000242732.4	142	34	28	598
ENSG00000242748.1	5	4	0	4
ENSG00000242759.6	7	10	2	35
ENSG00000242779.6	201	98	80	42
ENSG00000242797.3	0	6	9	2
ENSG00000242798.1	9	7	9	21
ENSG00000242802.7	952	271	484	1905
ENSG00000242808.8	11	0	15	34
ENSG00000242841.1	0	3	2	1
ENSG00000242852.6	5	23	16	11
ENSG00000242861.1	6	3	6	8
ENSG00000242866.10	9	36	10	34
ENSG00000242899.1	1	2	2	4
ENSG00000242951.1	1	2	0	8
ENSG00000242960.1	0	6	9	8
ENSG00000242991.2	0	4	0	0
ENSG00000242992.3	1	1	1	0
ENSG00000243004.5	13	1	4	9
ENSG00000243014.1	3	2	4	0
ENSG00000243016.1	0	0	0	3
ENSG00000243024.6	2	1	0	3
ENSG00000243056.1	24	447	93	97
ENSG00000243069.7	3	3	0	0
ENSG00000243071.1	2	0	4	3
ENSG00000243083.6	0	0	1	5
ENSG00000243107.1	19	21	27	21
ENSG00000243137.7	11	0	3	67
ENSG00000243147.7	807	576	741	1081
ENSG00000243150.5	1	1	0	4
ENSG00000243155.1	28	37	9	103
ENSG00000243156.7	561	526	1013	1583
ENSG00000243176.5	10	5	9	22
ENSG00000243181.2	0	1	0	4
ENSG00000243199.1	38	138	97	107
ENSG00000243224.1	2	3	6	4
ENSG00000243232.4	32	73	44	126
ENSG00000243236.6	0	0	19	0
ENSG00000243244.6	157	123	22	242
ENSG00000243279.3	131	252	128	487
ENSG00000243284.1	2	2	4	1
ENSG00000243302.3	288	82	103	251
ENSG00000243317.7	715	372	982	1697
ENSG00000243323.7	3	7	2	21
ENSG00000243335.9	205	399	404	419
ENSG00000243364.7	305	126	62	167
ENSG00000243406.6	30	17	13	19
ENSG00000243414.5	3	6	4	5
ENSG00000243422.2	0	3	14	10
ENSG00000243431.1	3	4	11	7
ENSG00000243444.7	6	26	6	10
ENSG00000243449.6	312	175	176	318
ENSG00000243468.5	0	0	1	0
ENSG00000243477.5	55	95	101	72
ENSG00000243517.1	3	8	7	12
ENSG00000243547.1	10	8	5	22
ENSG00000243554.1	17	8	9	10
ENSG00000243566.6	2067	1934	7225	2632
ENSG00000243629.1	2	0	2	6
ENSG00000243646.9	95	342	77	85
ENSG00000243648.1	3	5	0	3
ENSG00000243649.8	746	338	1514	2244
ENSG00000243650.3	3	1	3	0
ENSG00000243660.9	190	55	46	196
ENSG00000243667.6	118	143	104	162
ENSG00000243678.11	1134	4465	2323	3358
ENSG00000243679.1	175	49	84	170
ENSG00000243680.1	0	3	3	6
ENSG00000243696.4	8	39	12	35
ENSG00000243701.5	71	78	42	314
ENSG00000243708.10	72	50	12	31
ENSG00000243709.1	6	3	0	3
ENSG00000243710.7	30	134	3	37
ENSG00000243716.10	466	244	202	541
ENSG00000243725.6	34	67	32	141
ENSG00000243742.5	34	7	1	18
ENSG00000243746.1	3	4	1	6
ENSG00000243749.1	58	62	34	101
ENSG00000243753.5	34	5	30	114
ENSG00000243759.1	4	4	1	5
ENSG00000243762.1	1	2	5	1
ENSG00000243789.10	2	0	0	2
ENSG00000243810.1	0	0	0	25
ENSG00000243811.9	3	6	2	16
ENSG00000243819.4	4	21	2	40
ENSG00000243824.1	0	12	7	13
ENSG00000243829.1	4	14	5	13
ENSG00000243836.5	49	19	23	59
ENSG00000243859.3	0	3	0	6
ENSG00000243885.1	1	0	1	6
ENSG00000243896.4	20	37	53	48
ENSG00000243902.6	2	2	1	3
ENSG00000243904.1	1	1	5	4
ENSG00000243910.7	9	77	0	6
ENSG00000243926.1	6	27	25	102
ENSG00000243927.5	738	846	474	619
ENSG00000243943.9	911	767	508	1306
ENSG00000243955.5	3	1	64	18
ENSG00000243960.1	0	5	4	5
ENSG00000243964.1	4	4	2	17
ENSG00000243970.3	41	102	31	329
ENSG00000243989.8	65	429	87	95
ENSG00000244005.12	491	438	553	1353
ENSG00000244026.6	59	164	111	134
ENSG00000244038.9	4114	4278	3295	7402
ENSG00000244040.6	1	4	1	13
ENSG00000244041.7	84	44	48	63
ENSG00000244045.12	291	167	180	533
ENSG00000244055.1	25	25	20	14
ENSG00000244067.2	0	1	5	4
ENSG00000244073.1	2	2	2	9
ENSG00000244097.1	2	3	3	5
ENSG00000244119.1	7	26	3	37
ENSG00000244144.1	1	3	3	1
ENSG00000244151.1	21	12	49	52
ENSG00000244153.1	0	4	0	2
ENSG00000244161.1	9	10	9	5
ENSG00000244165.1	42	78	30	203
ENSG00000244171.4	12	1	5	11
ENSG00000244187.7	433	471	996	490
ENSG00000244198.6	30	4	58	83
ENSG00000244218.3	3	2	0	4
ENSG00000244219.6	10	9	3	1
ENSG00000244239.1	3	9	4	8
ENSG00000244242.1	139	139	13	44
ENSG00000244245.1	5	4	2	7
ENSG00000244257.5	15	8	11	15
ENSG00000244274.7	161	83	181	229
ENSG00000244300.2	13	27	31	70
ENSG00000244306.11	353	110	426	321
ENSG00000244313.3	50	84	103	65
ENSG00000244363.3	6	29	6	18
ENSG00000244371.2	4	3	0	0
ENSG00000244380.1	5	6	8	4
ENSG00000244383.2	3	0	0	2
ENSG00000244398.1	18	92	40	106
ENSG00000244405.7	727	726	164	132
ENSG00000244411.3	4	5	3	2
ENSG00000244459.2	4	5	3	5
ENSG00000244462.7	2339	1397	1242	3175
ENSG00000244479.7	0	0	4	2
ENSG00000244480.1	27	24	4	28
ENSG00000244482.10	20	6	13	8
ENSG00000244486.8	206	79	97	70
ENSG00000244491.1	3	9	13	6
ENSG00000244502.2	1	0	2	2
ENSG00000244509.3	197	298	274	682
ENSG00000244513.6	9	12	9	6
ENSG00000244515.1	0	5	1	1
ENSG00000244558.5	19	0	10	18
ENSG00000244560.7	120	140	60	164
ENSG00000244582.2	1	1	0	4
ENSG00000244585.1	0	2	5	3
ENSG00000244607.6	8	7	2	4
ENSG00000244617.2	74	24	14	27
ENSG00000244625.5	0	21	31	70
ENSG00000244627.5	32	22	43	150
ENSG00000244649.4	0	0	2	8
ENSG00000244675.2	5	1	0	1
ENSG00000244682.7	21	11	67	37
ENSG00000244687.11	308	139	386	378
ENSG00000244693.1	0	6	13	13
ENSG00000244701.1	14	9	10	46
ENSG00000244705.1	1	3	0	3
ENSG00000244716.3	19	59	20	34
ENSG00000244731.7	49	106	4525	1809
ENSG00000244752.2	0	8	1	27
ENSG00000244754.8	2271	918	1330	1823
ENSG00000244791.2	0	2	8	0
ENSG00000244879.7	2181	5439	414	2307
ENSG00000244921.2	2	4	8	4
ENSG00000244945.1	3	2	1	15
ENSG00000244952.2	2	1	14	3
ENSG00000244968.6	29	42	21	64
ENSG00000244998.1	1	7	8	7
ENSG00000245017.2	3	8	1	5
ENSG00000245025.2	114	33	54	54
ENSG00000245060.6	185	90	280	432
ENSG00000245105.3	16	15	15	54
ENSG00000245112.2	18	21	11	7
ENSG00000245146.6	3	158	81	104
ENSG00000245148.2	1	2	7	3
ENSG00000245149.3	151	189	239	198
ENSG00000245156.1	8	15	10	11
ENSG00000245205.3	2	8	6	4
ENSG00000245213.6	10	17	20	12
ENSG00000245248.7	9	43	11	28
ENSG00000245261.1	4	2	1	6
ENSG00000245275.7	2	0	7	5
ENSG00000245281.7	10	5	9	9
ENSG00000245317.2	13	25	7	16
ENSG00000245322.6	8	1	6	4
ENSG00000245330.4	0	5	2	4
ENSG00000245385.2	4	1	6	1
ENSG00000245466.1	11	10	11	8
ENSG00000245468.3	0	10	1	13
ENSG00000245482.2	3	3	0	2
ENSG00000245498.6	9	9	12	31
ENSG00000245522.2	16	5	3	30
ENSG00000245526.10	0	44	0	0
ENSG00000245532.8	18706	58701	61955	52679
ENSG00000245534.6	3	5	2	3
ENSG00000245552.6	11	10	8	17
ENSG00000245556.2	53	70	35	170
ENSG00000245571.6	51	31	31	73
ENSG00000245573.7	54	43	32	39
ENSG00000245614.3	21	12	12	20
ENSG00000245651.2	3	0	3	25
ENSG00000245662.3	2	0	11	1
ENSG00000245680.9	418	143	516	264
ENSG00000245685.6	2	1	3	6
ENSG00000245694.9	23	145	78	21
ENSG00000245748.1	162	101	45	38
ENSG00000245750.8	3	7	1	11
ENSG00000245812.2	0	6	0	22
ENSG00000245848.2	30	34	87	121
ENSG00000245849.7	169	237	190	336
ENSG00000245857.2	0	1	1	23
ENSG00000245869.2	0	0	1	3
ENSG00000245888.6	4	0	4	9
ENSG00000245904.3	9	13	7	18
ENSG00000245910.8	1319	1691	1005	2011
ENSG00000245937.7	139	189	284	316
ENSG00000245958.6	214	122	169	185
ENSG00000245970.2	59	119	89	57
ENSG00000245975.2	19	4	4	17
ENSG00000246022.2	0	0	0	2
ENSG00000246067.7	90	250	178	201
ENSG00000246082.2	116	65	115	661
ENSG00000246089.3	84	27	23	37
ENSG00000246090.6	221	76	44	62
ENSG00000246100.3	9	3	4	36
ENSG00000246130.1	2	0	1	5
ENSG00000246145.1	5	6	3	7
ENSG00000246174.7	38	73	49	81
ENSG00000246223.8	8	0	14	86
ENSG00000246225.6	0	8	0	8
ENSG00000246228.6	0	1	13	5
ENSG00000246263.2	94	67	22	55
ENSG00000246273.7	97	109	39	107
ENSG00000246283.2	4	10	2	4
ENSG00000246308.1	8	3	1	29
ENSG00000246323.2	0	1	0	4
ENSG00000246334.2	2	7	4	2
ENSG00000246339.5	40	59	14	25
ENSG00000246350.1	0	0	0	8
ENSG00000246366.6	0	2	2	4
ENSG00000246430.6	6	1	0	4
ENSG00000246451.2	5	21	12	0
ENSG00000246465.1	12	8	1	3
ENSG00000246477.3	10	3	2	0
ENSG00000246523.7	12	5	12	14
ENSG00000246526.2	6	0	1	8
ENSG00000246548.3	0	3	0	3
ENSG00000246560.2	4	3	11	10
ENSG00000246582.2	96	70	35	38
ENSG00000246596.7	29	66	17	56
ENSG00000246627.6	8	1	1	16
ENSG00000246640.1	19	5	5	43
ENSG00000246662.6	2	2	0	4
ENSG00000246695.7	16	196	49	54
ENSG00000246705.4	504	16	446	1280
ENSG00000246731.2	5	4	6	2
ENSG00000246763.6	1	14	9	5
ENSG00000246777.1	3	3	0	25
ENSG00000246792.2	0	6	2	5
ENSG00000246820.2	0	0	0	16
ENSG00000246859.2	20	10	6	20
ENSG00000246863.2	2	2	2	4
ENSG00000246876.6	6	0	0	0
ENSG00000246877.1	26	12	97	174
ENSG00000246889.2	9	19	4	9
ENSG00000246898.1	0	0	0	35
ENSG00000246922.8	108	189	144	601
ENSG00000246982.6	13	18	33	124
ENSG00000246985.7	0	24	0	0
ENSG00000247011.2	2	1	0	7
ENSG00000247033.1	7	1	3	2
ENSG00000247077.6	783	789	959	1328
ENSG00000247081.7	42	35	17	18
ENSG00000247092.6	103	191	199	279
ENSG00000247095.2	187	1191	146	242
ENSG00000247121.6	15	6	16	22
ENSG00000247137.8	64	160	148	153
ENSG00000247151.7	3	1	2	3
ENSG00000247157.6	13	2	2	1
ENSG00000247199.4	10	7	8	1
ENSG00000247228.2	7	36	20	10
ENSG00000247240.7	28	24	21	64
ENSG00000247271.6	30	63	32	107
ENSG00000247287.2	11	45	11	3
ENSG00000247315.3	1319	563	696	1233
ENSG00000247317.3	13	16	40	66
ENSG00000247324.2	1	0	2	2
ENSG00000247363.2	4	4	6	5
ENSG00000247373.3	132	84	101	150
ENSG00000247400.3	88	36	62	102
ENSG00000247416.3	0	0	7	5
ENSG00000247498.9	18	65	49	81
ENSG00000247516.6	84	179	516	0
ENSG00000247556.6	1375	2186	763	1618
ENSG00000247572.7	124	150	39	219
ENSG00000247595.4	16	26	26	24
ENSG00000247596.8	412	1873	593	441
ENSG00000247626.4	201	185	264	175
ENSG00000247627.2	39	93	168	93
ENSG00000247675.6	3	2	1	2
ENSG00000247679.2	12	30	12	30
ENSG00000247708.7	42	67	12	52
ENSG00000247728.2	4	5	8	13
ENSG00000247735.2	19	14	3	31
ENSG00000247746.4	60	83	28	209
ENSG00000247774.6	4	14	9	7
ENSG00000247796.2	26	52	53	85
ENSG00000247809.7	3	0	20	0
ENSG00000247828.7	43	194	90	130
ENSG00000247853.2	58	45	52	70
ENSG00000247877.6	1	5	2	5
ENSG00000247903.1	13	14	10	11
ENSG00000247934.4	36	24	26	72
ENSG00000247950.6	11	9	11	20
ENSG00000247982.6	13	40	6	34
ENSG00000248008.2	240	236	172	323
ENSG00000248015.6	3	21	29	14
ENSG00000248019.2	90	77	67	72
ENSG00000248027.1	1	4	3	5
ENSG00000248049.6	179	47	110	131
ENSG00000248079.2	0	2	0	26
ENSG00000248092.7	88	156	72	430
ENSG00000248098.11	47	86	202	245
ENSG00000248099.3	1	5	0	8
ENSG00000248103.1	35	0	3	0
ENSG00000248124.7	179	77	139	411
ENSG00000248144.5	0	0	0	29
ENSG00000248159.1	1	6	0	0
ENSG00000248161.5	5	12	13	16
ENSG00000248213.3	1	0	5	4
ENSG00000248223.1	1	1	0	1
ENSG00000248238.1	1	1	3	7
ENSG00000248243.1	1	18	7	35
ENSG00000248268.1	1	1	0	1
ENSG00000248275.1	29	65	146	183
ENSG00000248278.1	2	9	0	7
ENSG00000248323.6	17	24	135	76
ENSG00000248333.8	609	490	534	1097
ENSG00000248334.6	0	16	118	2
ENSG00000248360.7	3	2	0	1
ENSG00000248367.1	0	0	8	0
ENSG00000248383.4	40	112	49	139
ENSG00000248405.10	15	15	12	26
ENSG00000248409.2	0	0	3	0
ENSG00000248429.5	2	0	0	0
ENSG00000248441.6	0	0	5	1
ENSG00000248445.5	17	17	7	18
ENSG00000248449.2	2	9	9	4
ENSG00000248483.6	4	3	5	2
ENSG00000248485.1	3	0	31	77
ENSG00000248487.8	14	200	86	131
ENSG00000248498.4	49	0	14	38
ENSG00000248503.2	2	2	0	11
ENSG00000248508.6	36	29	11	69
ENSG00000248515.1	4	8	8	22
ENSG00000248527.1	1382	4284	2479	5903
ENSG00000248538.7	17	79	10	44
ENSG00000248540.2	2	0	0	231
ENSG00000248568.1	8	3	1	17
ENSG00000248569.1	4	2	0	1
ENSG00000248587.7	0	9	0	4
ENSG00000248590.2	2	0	4	3
ENSG00000248592.7	12	31	9	29
ENSG00000248593.3	52	19	48	82
ENSG00000248596.7	17	8	3	15
ENSG00000248599.1	7	0	1	0
ENSG00000248626.1	0	0	2	6
ENSG00000248632.1	0	0	31	1
ENSG00000248643.5	43	28	46	43
ENSG00000248663.6	6	0	15	22
ENSG00000248668.2	0	2	0	7
ENSG00000248671.7	7	15	5	12
ENSG00000248677.1	1	2	3	9
ENSG00000248712.7	32	11	84	91
ENSG00000248713.1	338	13	10	36
ENSG00000248724.6	5	3	2	10
ENSG00000248727.5	3	0	2	5
ENSG00000248734.2	9	11	22	18
ENSG00000248774.1	6	3	5	3
ENSG00000248787.2	7	3	3	35
ENSG00000248801.6	1	17	26	4
ENSG00000248810.1	125	2	5	4
ENSG00000248846.2	0	2	10	6
ENSG00000248858.7	18	4	16	12
ENSG00000248859.2	0	3	0	12
ENSG00000248866.1	29	18	14	58
ENSG00000248873.1	1	0	2	1
ENSG00000248874.5	47	0	8	0
ENSG00000248890.1	2	3	3	2
ENSG00000248905.8	269	199	216	132
ENSG00000248923.1	14	52	41	54
ENSG00000248925.1	2	6	0	0
ENSG00000248932.5	23	15	33	92
ENSG00000248936.1	1	5	4	1
ENSG00000248954.1	1	4	5	4
ENSG00000248966.1	2	2	2	3
ENSG00000248971.2	3	3	5	15
ENSG00000249001.5	3	4	1	0
ENSG00000249007.1	70	119	199	138
ENSG00000249026.2	1	1	0	6
ENSG00000249042.5	38	32	25	69
ENSG00000249049.1	13	16	0	3
ENSG00000249085.1	0	1	0	4
ENSG00000249087.6	26	73	29	78
ENSG00000249096.6	1	1	0	5
ENSG00000249109.1	0	0	0	7
ENSG00000249115.8	293	376	517	1528
ENSG00000249119.1	0	6	2	5
ENSG00000249129.1	10	15	5	35
ENSG00000249158.6	170	3	51	18
ENSG00000249193.1	0	2	2	0
ENSG00000249196.6	0	0	0	5
ENSG00000249212.1	2	0	1	6
ENSG00000249240.2	0	0	0	1
ENSG00000249242.7	43	9	5	29
ENSG00000249249.1	1	5	2	8
ENSG00000249264.1	44	45	35	93
ENSG00000249267.6	64	18	3	1
ENSG00000249274.1	0	2	13	9
ENSG00000249328.2	1	0	2	0
ENSG00000249348.1	28	62	16	42
ENSG00000249353.2	47	170	89	132
ENSG00000249395.2	131	38	22	0
ENSG00000249396.1	0	8	4	8
ENSG00000249413.2	6	1	3	2
ENSG00000249437.7	25	6	21	41
ENSG00000249456.1	20	0	11	36
ENSG00000249459.8	99	28	45	82
ENSG00000249464.5	3	14	3	0
ENSG00000249465.1	8	6	0	0
ENSG00000249471.7	59	30	49	268
ENSG00000249476.1	23	1	8	75
ENSG00000249485.1	5	3	2	10
ENSG00000249502.1	1	3	1	3
ENSG00000249532.5	5	4	3	3
ENSG00000249550.6	0	19	98	173
ENSG00000249565.2	5	17	1	17
ENSG00000249572.1	4	12	7	12
ENSG00000249574.1	24	7	10	16
ENSG00000249592.5	47	35	16	71
ENSG00000249599.1	3	6	5	6
ENSG00000249624.9	2	9	0	1
ENSG00000249626.1	16	0	1	5
ENSG00000249628.3	1	5	5	9
ENSG00000249635.1	1	1	5	4
ENSG00000249661.1	8	4	8	17
ENSG00000249673.6	317	139	39	248
ENSG00000249679.1	3	0	5	5
ENSG00000249684.5	3	7	2	15
ENSG00000249685.1	1	4	0	4
ENSG00000249695.6	2	2	33	114
ENSG00000249700.8	0	14	0	5
ENSG00000249709.7	13	43	25	23
ENSG00000249715.11	158	4	0	170
ENSG00000249721.1	1	0	1	7
ENSG00000249738.10	1	6	6	17
ENSG00000249740.2	0	2	2	3
ENSG00000249773.3	4	3	1	9
ENSG00000249786.7	10	24	20	17
ENSG00000249790.2	45	0	0	4
ENSG00000249825.5	2	5	0	0
ENSG00000249839.1	0	1	0	12
ENSG00000249846.6	9	15	13	142
ENSG00000249853.7	9	5	8	4
ENSG00000249855.1	34	39	27	56
ENSG00000249859.9	37	403	130	251
ENSG00000249863.2	3	21	4	3
ENSG00000249884.8	5	0	0	0
ENSG00000249898.7	5	22	9	7
ENSG00000249915.7	1135	1927	2965	2322
ENSG00000249936.3	14	9	9	22
ENSG00000249937.6	0	0	2	1
ENSG00000249947.2	4	1	0	3
ENSG00000249948.6	10	0	11	2
ENSG00000249971.1	1	8	3	2
ENSG00000249992.1	2	3	10	41
ENSG00000249996.1	2	3	0	2
ENSG00000250012.1	0	0	3	1
ENSG00000250021.7	3	3	1	3
ENSG00000250033.5	1	1	0	2
ENSG00000250049.5	1	3	10	0
ENSG00000250056.5	0	3	5	6
ENSG00000250067.11	159	247	177	402
ENSG00000250069.1	0	3	1	5
ENSG00000250072.5	0	1	1	5
ENSG00000250073.2	0	0	0	2
ENSG00000250075.5	6	0	2	0
ENSG00000250091.3	67	82	197	514
ENSG00000250120.6	19	62	64	5
ENSG00000250125.2	2	0	0	5
ENSG00000250132.6	36	58	34	91
ENSG00000250138.4	4	5	3	5
ENSG00000250144.1	2	9	2	5
ENSG00000250151.9	7	24	8	24
ENSG00000250159.6	17	13	12	66
ENSG00000250182.3	82	105	76	160
ENSG00000250186.3	58	183	80	23
ENSG00000250208.6	41	76	28	211
ENSG00000250220.1	2	1	2	0
ENSG00000250221.1	1	11	3	10
ENSG00000250222.1	0	12	10	11
ENSG00000250230.2	2	0	4	3
ENSG00000250251.6	396	211	473	520
ENSG00000250299.6	5	8	9	23
ENSG00000250303.3	107	77	94	90
ENSG00000250305.8	90	261	0	0
ENSG00000250312.7	85	82	50	53
ENSG00000250317.8	200	261	126	239
ENSG00000250318.1	6	4	6	11
ENSG00000250337.5	1	0	6	25
ENSG00000250365.6	0	2	1	3
ENSG00000250366.2	0	0	23	5
ENSG00000250397.2	3	7	1	38
ENSG00000250412.1	1	1	6	2
ENSG00000250420.8	8	186	4	16
ENSG00000250421.5	0	0	1	10
ENSG00000250424.4	3	4	0	3
ENSG00000250432.5	1	0	0	7
ENSG00000250433.1	1	4	0	3
ENSG00000250444.1	0	3	1	2
ENSG00000250461.1	3	3	3	2
ENSG00000250462.8	122	105	75	181
ENSG00000250471.2	2	1	0	2
ENSG00000250474.2	2	4	2	4
ENSG00000250479.8	363	858	1490	2775
ENSG00000250486.4	24	5	17	46
ENSG00000250490.1	15	16	0	11
ENSG00000250506.7	42	17	7	24
ENSG00000250508.1	4	3	0	0
ENSG00000250509.1	0	0	6	22
ENSG00000250510.7	190	13	308	296
ENSG00000250539.1	17	18	19	25
ENSG00000250546.5	2	0	7	13
ENSG00000250548.6	2	0	5	2
ENSG00000250565.6	127	137	28	128
ENSG00000250568.1	1	0	1	3
ENSG00000250571.6	149	467	518	330
ENSG00000250584.2	6	0	3	27
ENSG00000250608.1	14	7	19	136
ENSG00000250615.1	1	3	3	2
ENSG00000250616.2	15	2	17	31
ENSG00000250644.3	40	138	21	27
ENSG00000250654.7	8	0	14	22
ENSG00000250658.1	16	0	0	0
ENSG00000250673.2	20	21	16	1
ENSG00000250682.5	53	18	15	43
ENSG00000250712.1	5	1	0	1
ENSG00000250714.3	4	4	0	2
ENSG00000250722.5	1741	2869	2206	5593
ENSG00000250734.2	9	3	2	2
ENSG00000250742.2	288	8	60	628
ENSG00000250746.1	13	7	4	10
ENSG00000250764.1	3	4	2	13
ENSG00000250770.3	1	3	1	4
ENSG00000250771.2	4	0	8	65
ENSG00000250786.1	107	0	455	266
ENSG00000250790.4	23	21	26	24
ENSG00000250802.7	133	128	44	145
ENSG00000250859.1	0	0	2	1
ENSG00000250874.1	5	9	7	10
ENSG00000250878.3	1	0	0	1
ENSG00000250896.1	9	3	0	11
ENSG00000250899.3	151	120	68	398
ENSG00000250902.1	7	5	9	5
ENSG00000250903.8	101	83	79	115
ENSG00000250917.1	5	4	3	10
ENSG00000250920.1	0	1	0	3
ENSG00000250934.1	1	1	0	4
ENSG00000250942.1	1	4	6	2
ENSG00000250959.2	44	11	36	115
ENSG00000250966.2	1	2	4	5
ENSG00000250979.1	27	0	11	3
ENSG00000250986.1	302	108	136	154
ENSG00000250988.7	28	40	64	77
ENSG00000250995.1	6	3	7	10
ENSG00000250999.1	1	6	6	1
ENSG00000251002.7	5	23	8	7
ENSG00000251003.8	0	0	0	3
ENSG00000251022.6	1171	618	685	810
ENSG00000251023.1	2	14	6	4
ENSG00000251026.1	9	0	61	42
ENSG00000251034.1	15	1	3	15
ENSG00000251079.6	8	4	9	9
ENSG00000251126.2	2	0	0	13
ENSG00000251136.8	188	203	68	175
ENSG00000251138.6	7	16	0	13
ENSG00000251141.5	8	4	14	13
ENSG00000251143.1	567	619	542	267
ENSG00000251152.1	2	9	0	3
ENSG00000251161.3	11	6	0	31
ENSG00000251169.2	0	2	1	21
ENSG00000251192.7	35	61	54	58
ENSG00000251194.2	0	3	3	0
ENSG00000251196.1	0	11	7	11
ENSG00000251201.8	1	0	1	6
ENSG00000251209.8	0	13	1	0
ENSG00000251247.10	92	33	124	102
ENSG00000251259.1	1	3	4	3
ENSG00000251273.3	2	0	20	2
ENSG00000251279.1	6	11	8	8
ENSG00000251284.2	10	0	7	0
ENSG00000251287.8	0	7	3	20
ENSG00000251307.1	4	0	2	1
ENSG00000251322.7	350	168	60	662
ENSG00000251323.2	8	35	22	21
ENSG00000251333.3	0	1	1	1
ENSG00000251349.3	1	1	0	1
ENSG00000251350.1	0	0	7	10
ENSG00000251359.4	6	0	1	3
ENSG00000251364.6	41	9	18	46
ENSG00000251365.2	0	2	3	3
ENSG00000251369.8	163	99	271	1255
ENSG00000251381.7	227	22	165	746
ENSG00000251396.6	26	68	3	21
ENSG00000251400.1	4	7	0	1
ENSG00000251402.3	4	24	0	4
ENSG00000251411.1	4	3	1	0
ENSG00000251417.2	1	4	7	9
ENSG00000251429.1	6	18	23	4
ENSG00000251432.6	13	19	12	59
ENSG00000251442.5	28	2	22	17
ENSG00000251455.1	3	7	4	26
ENSG00000251474.6	230	274	406	918
ENSG00000251485.1	6	8	6	25
ENSG00000251491.2	4	8	1	0
ENSG00000251493.4	1	9	1	0
ENSG00000251495.1	5	5	1	7
ENSG00000251503.8	6	21	6	17
ENSG00000251533.2	0	0	19	0
ENSG00000251537.4	5	22	9	11
ENSG00000251548.1	1	0	0	0
ENSG00000251562.8	7773	8402	9538	2321
ENSG00000251576.1	0	8	0	7
ENSG00000251580.2	22	15	18	22
ENSG00000251583.1	2	0	0	1
ENSG00000251595.7	62	42	30	30
ENSG00000251600.6	5	0	14	8
ENSG00000251602.6	11	31	22	80
ENSG00000251615.3	40	56	22	72
ENSG00000251623.2	35	17	14	64
ENSG00000251629.6	3	0	4	0
ENSG00000251634.2	21	19	5	24
ENSG00000251637.6	3	2	0	6
ENSG00000251639.2	2	0	10	1
ENSG00000251661.3	15	6	5	19
ENSG00000251664.3	284	20	402	559
ENSG00000251666.1	2	3	8	9
ENSG00000251667.1	2	5	0	0
ENSG00000251669.5	45	54	11	62
ENSG00000251867.4	79	34	35	97
ENSG00000252481.1	0	2	2	7
ENSG00000252690.3	8	47	43	50
ENSG00000253102.1	29	30	22	25
ENSG00000253106.1	27	73	61	18
ENSG00000253144.1	3	0	0	0
ENSG00000253159.2	10	11	7	7
ENSG00000253161.5	1	1	1	0
ENSG00000253174.2	7	11	8	2
ENSG00000253180.1	2	0	0	2
ENSG00000253187.2	0	63	0	31
ENSG00000253199.1	15	0	1	0
ENSG00000253200.1	204	171	70	114
ENSG00000253210.1	10	13	11	5
ENSG00000253213.1	0	3	0	5
ENSG00000253217.1	1	5	1	4
ENSG00000253219.1	0	4	0	1
ENSG00000253223.1	2	6	3	2
ENSG00000253250.2	9	2	2	1
ENSG00000253251.2	63	16	35	85
ENSG00000253258.1	4	2	1	0
ENSG00000253276.2	915	183	299	963
ENSG00000253284.2	1	4	0	1
ENSG00000253293.4	0	90	0	31
ENSG00000253301.5	50	8	106	22
ENSG00000253304.1	74	25	37	36
ENSG00000253305.2	28	17	97	31
ENSG00000253311.2	3	1	3	5
ENSG00000253313.5	108	163	329	507
ENSG00000253320.6	68	45	19	39
ENSG00000253327.2	5	7	4	4
ENSG00000253330.1	2	6	8	7
ENSG00000253341.1	7	9	5	17
ENSG00000253352.9	3495	2191	2608	5766
ENSG00000253356.1	49	23	13	6
ENSG00000253361.2	10	0	0	3
ENSG00000253363.5	0	0	0	15
ENSG00000253368.3	440	332	145	423
ENSG00000253392.2	2	0	2	2
ENSG00000253400.1	0	2	1	0
ENSG00000253404.1	0	4	0	2
ENSG00000253414.2	5	6	3	2
ENSG00000253417.5	11	77	41	22
ENSG00000253438.3	77	118	129	95
ENSG00000253445.1	2	7	3	2
ENSG00000253476.1	1	3	3	0
ENSG00000253477.5	0	0	0	11
ENSG00000253485.2	20	14	14	8
ENSG00000253506.2	3	4	9	10
ENSG00000253521.2	0	7	0	0
ENSG00000253522.6	0	0	1	0
ENSG00000253525.1	1	7	16	12
ENSG00000253537.2	18	28	109	206
ENSG00000253540.5	8	37	7	70
ENSG00000253549.5	4	2	10	3
ENSG00000253552.7	0	36	0	93
ENSG00000253554.6	11	2	0	0
ENSG00000253559.1	4	5	0	4
ENSG00000253570.1	5	1	8	5
ENSG00000253598.1	31	21	11	8
ENSG00000253616.5	1	2	0	1
ENSG00000253626.3	11	32	7	20
ENSG00000253636.1	27	35	9	29
ENSG00000253641.5	4	0	0	1
ENSG00000253642.5	0	0	7	68
ENSG00000253645.1	7	19	4	3
ENSG00000253649.5	32	2	5	4
ENSG00000253661.1	0	2	8	0
ENSG00000253669.3	19	9	4	32
ENSG00000253671.2	49	25	8	20
ENSG00000253676.1	4	7	0	9
ENSG00000253683.1	1	1	1	0
ENSG00000253686.1	20	0	4	150
ENSG00000253704.1	10	12	5	4
ENSG00000253706.5	121	25	8	1
ENSG00000253710.3	369	167	193	182
ENSG00000253716.5	26	207	86	47
ENSG00000253719.3	3831	1633	1534	3199
ENSG00000253722.1	0	1	4	1
ENSG00000253729.7	4877	6732	3213	4234
ENSG00000253731.2	25	36	76	74
ENSG00000253738.1	840	827	458	476
ENSG00000253741.1	78	269	23	43
ENSG00000253767.2	6	10	19	21
ENSG00000253771.6	10	3	26	23
ENSG00000253773.2	3	0	3	0
ENSG00000253775.2	0	0	0	11
ENSG00000253785.1	0	5	0	6
ENSG00000253797.2	304	173	209	250
ENSG00000253806.1	1	2	3	1
ENSG00000253816.3	3	2	1	2
ENSG00000253819.1	0	0	31	1
ENSG00000253824.1	2	2	0	1
ENSG00000253837.1	2	0	0	4
ENSG00000253846.2	230	145	81	97
ENSG00000253854.1	9	7	4	5
ENSG00000253865.1	0	2	4	5
ENSG00000253873.5	15	12	20	8
ENSG00000253878.5	2	5	2	2
ENSG00000253882.6	2	8	1	2
ENSG00000253899.1	0	4	3	2
ENSG00000253910.2	16	18	18	11
ENSG00000253919.1	4	3	4	3
ENSG00000253923.2	0	3	1	1
ENSG00000253930.1	5	2	0	0
ENSG00000253931.1	1	0	7	2
ENSG00000253944.1	9	3	3	3
ENSG00000253948.1	13	31	17	30
ENSG00000253953.2	5	107	186	307
ENSG00000253954.3	0	2	1	3
ENSG00000253958.1	727	87	100	263
ENSG00000253966.1	0	0	0	5
ENSG00000253972.5	3	2	3	1
ENSG00000253973.2	1	1	2	0
ENSG00000253978.1	0	10	2	3
ENSG00000253982.1	29	38	31	40
ENSG00000254004.6	733	173	454	1285
ENSG00000254027.1	5	7	2	0
ENSG00000254034.2	1	1	1	1
ENSG00000254035.1	6	2	5	4
ENSG00000254057.1	0	0	0	3
ENSG00000254087.7	655	806	190	584
ENSG00000254093.8	118	145	61	154
ENSG00000254101.6	1	5	1	2
ENSG00000254109.5	8	26	1	12
ENSG00000254122.2	33	5	81	2
ENSG00000254129.1	8	1	1	1
ENSG00000254154.8	26	5	22	100
ENSG00000254162.1	4	0	3	0
ENSG00000254165.1	30	12	7	19
ENSG00000254166.2	1	0	29	11
ENSG00000254186.2	4	1	4	2
ENSG00000254192.1	0	0	6	8
ENSG00000254198.1	4	2	0	1
ENSG00000254206.5	55	33	29	121
ENSG00000254221.2	557	88	71	139
ENSG00000254226.5	2	1	12	0
ENSG00000254230.1	9	3	0	8
ENSG00000254231.2	9	7	1	12
ENSG00000254233.1	1	13	0	3
ENSG00000254245.2	3	2	3	5
ENSG00000254270.1	0	1	3	2
ENSG00000254285.3	78	352	68	335
ENSG00000254294.1	0	1	3	4
ENSG00000254307.2	8	6	1	8
ENSG00000254332.1	8	22	5	10
ENSG00000254338.1	12	0	11	6
ENSG00000254343.2	0	0	0	1
ENSG00000254349.5	12	4	2	0
ENSG00000254363.6	17	0	60	61
ENSG00000254369.6	0	6	4	22
ENSG00000254370.1	0	2	0	0
ENSG00000254389.3	56	101	39	50
ENSG00000254400.1	4	5	1	0
ENSG00000254401.2	2	0	0	11
ENSG00000254402.6	19	245	65	134
ENSG00000254413.8	31	21	22	139
ENSG00000254415.3	15	3	13	9
ENSG00000254419.1	0	0	7	11
ENSG00000254422.1	2	6	3	2
ENSG00000254427.1	0	0	1	6
ENSG00000254428.1	0	1	9	1
ENSG00000254438.1	1	0	0	14
ENSG00000254447.3	1	21	0	0
ENSG00000254452.1	8	19	5	0
ENSG00000254454.2	6	5	2	5
ENSG00000254469.7	37	37	31	32
ENSG00000254470.2	679	133	445	587
ENSG00000254473.1	16	11	21	13
ENSG00000254477.2	5	4	3	13
ENSG00000254485.5	5	14	7	0
ENSG00000254501.1	5	32	37	7
ENSG00000254503.1	0	5	0	2
ENSG00000254505.9	84	56	68	93
ENSG00000254528.7	13	27	1	61
ENSG00000254531.1	17	13	36	50
ENSG00000254533.1	2	0	11	10
ENSG00000254535.3	19	24	38	37
ENSG00000254536.1	1	0	2	1
ENSG00000254550.1	2	2	10	0
ENSG00000254554.1	2	5	0	5
ENSG00000254556.1	0	0	1	4
ENSG00000254559.1	3	13	10	3
ENSG00000254560.5	58	27	17	46
ENSG00000254585.3	25	0	0	3
ENSG00000254595.1	4	3	0	1
ENSG00000254598.2	30	18	18	20
ENSG00000254602.1	91	24	8	158
ENSG00000254612.2	1	1	14	11
ENSG00000254614.2	49	38	113	157
ENSG00000254615.2	97	219	185	211
ENSG00000254634.4	22	8	7	57
ENSG00000254635.5	582	154	267	1202
ENSG00000254665.1	13	6	24	15
ENSG00000254670.1	6	0	1	14
ENSG00000254676.1	4	4	5	4
ENSG00000254680.1	11	6	1	4
ENSG00000254681.6	190	65	150	162
ENSG00000254682.1	11	74	24	25
ENSG00000254685.6	157	136	324	254
ENSG00000254706.2	6	4	3	3
ENSG00000254721.1	22	60	14	3
ENSG00000254726.2	2888	740	244	1457
ENSG00000254739.1	22	1	4	2
ENSG00000254759.1	0	1	10	6
ENSG00000254772.9	18	156	57	36
ENSG00000254783.1	7	14	3	5
ENSG00000254788.7	9	9	2	3
ENSG00000254806.5	18	3	8	2
ENSG00000254812.1	2	7	0	8
ENSG00000254814.1	5	0	0	1
ENSG00000254815.5	913	152	269	545
ENSG00000254827.5	3	10	30	12
ENSG00000254829.1	1	8	2	0
ENSG00000254837.2	61	143	56	82
ENSG00000254838.5	5	3	1	5
ENSG00000254842.6	1	1	2	8
ENSG00000254858.9	125	85	234	416
ENSG00000254859.1	0	7	1	0
ENSG00000254860.5	9	3	1	26
ENSG00000254872.3	4	6	9	60
ENSG00000254873.1	27	17	31	10
ENSG00000254876.5	8	9	18	23
ENSG00000254893.6	7	2	3	11
ENSG00000254894.1	3	6	0	1
ENSG00000254901.7	220	202	704	698
ENSG00000254910.1	5	5	1	5
ENSG00000254911.3	3	13	4	7
ENSG00000254912.2	2	5	1	1
ENSG00000254928.1	0	3	0	0
ENSG00000254929.6	9	4	11	23
ENSG00000254933.1	14	2	8	5
ENSG00000254936.4	3	2	0	1
ENSG00000254966.1	2	6	1	9
ENSG00000254973.1	8	10	16	2
ENSG00000254974.1	2	3	0	3
ENSG00000254979.5	1	6	0	0
ENSG00000254986.7	1501	1585	739	1043
ENSG00000254995.4	72	63	37	53
ENSG00000254996.5	17	84	49	92
ENSG00000254997.3	12	33	3	5
ENSG00000254999.3	1369	1954	2657	5200
ENSG00000255026.1	559	3942	1188	264
ENSG00000255031.5	32	41	14	19
ENSG00000255036.6	14	17	4	0
ENSG00000255045.1	0	0	4	2
ENSG00000255046.1	3	6	4	16
ENSG00000255050.1	20	42	30	9
ENSG00000255052.4	7	5	1	3
ENSG00000255062.1	0	9	7	7
ENSG00000255071.3	0	0	1	0
ENSG00000255085.8	29	1	52	34
ENSG00000255100.1	1	1	0	2
ENSG00000255104.8	3	0	0	2
ENSG00000255108.1	1	6	1	8
ENSG00000255112.2	1888	839	1248	4502
ENSG00000255114.1	19	12	48	18
ENSG00000255121.2	19	20	8	33
ENSG00000255126.1	3	30	3	2
ENSG00000255129.5	0	2	5	1
ENSG00000255135.3	21	186	38	51
ENSG00000255139.1	1	4	1	0
ENSG00000255145.2	5	2	5	5
ENSG00000255150.2	41	0	32	107
ENSG00000255152.8	26	28	25	56
ENSG00000255153.1	13	7	5	24
ENSG00000255176.1	14	5	5	2
ENSG00000255177.2	0	13	0	0
ENSG00000255181.3	2	0	0	5
ENSG00000255182.2	174	311	535	204
ENSG00000255185.5	6	0	8	8
ENSG00000255197.5	4	2	1	6
ENSG00000255198.4	10	14	46	106
ENSG00000255200.1	21	10	35	53
ENSG00000255201.1	1	5	1	1
ENSG00000255222.1	1	1	1	6
ENSG00000255224.1	7	47	29	21
ENSG00000255234.5	0	3	3	7
ENSG00000255248.8	168	4	77	57
ENSG00000255274.9	7	3	1	3
ENSG00000255277.3	1	0	2	6
ENSG00000255282.6	1	11	14	10
ENSG00000255284.1	15	99	21	130
ENSG00000255292.8	8	5	4	2
ENSG00000255298.3	0	2	0	14
ENSG00000255302.4	1172	1710	1250	2122
ENSG00000255310.2	81	171	64	114
ENSG00000255326.1	4	4	8	7
ENSG00000255328.1	0	2	1	5
ENSG00000255337.1	4	17	7	8
ENSG00000255339.6	2	3	7	16
ENSG00000255346.9	5	34	6	5
ENSG00000255353.1	0	5	3	1
ENSG00000255363.2	0	0	0	2
ENSG00000255366.1	1	0	0	7
ENSG00000255367.3	0	2	2	9
ENSG00000255389.1	46	3	8	28
ENSG00000255390.1	7	0	1	3
ENSG00000255394.4	0	2	0	14
ENSG00000255397.1	2	2	1	4
ENSG00000255398.2	25	13	2	5
ENSG00000255404.1	3	6	2	4
ENSG00000255408.3	148	0	49	2
ENSG00000255423.1	42	51	51	27
ENSG00000255425.5	0	0	0	6
ENSG00000255435.6	0	2	9	10
ENSG00000255439.6	1	0	1	2
ENSG00000255441.1	0	0	2	2
ENSG00000255455.2	127	90	185	398
ENSG00000255458.5	10	6	5	6
ENSG00000255462.1	0	2	0	8
ENSG00000255468.7	10	17	17	21
ENSG00000255471.1	2	6	3	11
ENSG00000255495.1	32	36	27	30
ENSG00000255498.1	44	14	20	19
ENSG00000255501.2	28	0	0	0
ENSG00000255507.5	2	4	1	3
ENSG00000255508.7	13	31	21	8
ENSG00000255517.6	15	45	23	87
ENSG00000255526.6	1	1	0	3
ENSG00000255529.8	594	863	208	505
ENSG00000255559.1	39	34	28	10
ENSG00000255561.6	57	51	32	27
ENSG00000255568.3	8	13	4	14
ENSG00000255571.8	177	2	73	114
ENSG00000255585.3	3	5	13	5
ENSG00000255595.3	32	1	74	41
ENSG00000255621.1	3	0	2	0
ENSG00000255622.3	9	0	66	5
ENSG00000255624.3	15	16	17	62
ENSG00000255639.3	7	0	1	28
ENSG00000255642.1	1	8	4	4
ENSG00000255650.5	0	13	1	5
ENSG00000255666.6	1	1	0	19
ENSG00000255689.1	2	2	0	2
ENSG00000255690.2	103	28	59	499
ENSG00000255710.2	2	5	6	4
ENSG00000255717.6	1519	3802	2298	2993
ENSG00000255725.2	2	2	0	5
ENSG00000255737.2	7	100	21	32
ENSG00000255750.5	15	25	48	88
ENSG00000255760.1	0	0	9	14
ENSG00000255769.7	145	449	191	599
ENSG00000255794.7	41	24	177	1816
ENSG00000255815.3	0	1	3	4
ENSG00000255823.4	21	28	12	43
ENSG00000255833.1	1	0	1	0
ENSG00000255836.1	33	2	1	2
ENSG00000255837.1	5	9	5	2
ENSG00000255847.5	10	29	6	0
ENSG00000255856.2	2	3	9	27
ENSG00000255857.5	178	160	203	265
ENSG00000255874.2	254	35	185	751
ENSG00000255882.1	0	0	3	8
ENSG00000255883.1	1	8	5	3
ENSG00000255893.1	12	0	3	3
ENSG00000255920.2	0	0	0	73
ENSG00000255949.1	9	9	20	21
ENSG00000255959.1	0	1	1	0
ENSG00000255983.1	26	29	19	28
ENSG00000255986.6	1	0	9	0
ENSG00000256007.1	11	11	26	6
ENSG00000256013.1	5	16	12	3
ENSG00000256028.2	30	25	34	73
ENSG00000256029.6	109	59	121	154
ENSG00000256034.1	3	1	4	6
ENSG00000256037.1	3	7	1	1
ENSG00000256043.2	229	151	236	83
ENSG00000256050.2	7	0	1	2
ENSG00000256053.7	251	330	326	444
ENSG00000256060.2	74	33	65	307
ENSG00000256061.7	30	35	6	42
ENSG00000256073.3	53	111	41	62
ENSG00000256084.1	0	2	2	16
ENSG00000256087.6	377	93	201	355
ENSG00000256092.2	33	106	43	128
ENSG00000256116.1	8	13	20	26
ENSG00000256124.5	1	3	17	22
ENSG00000256128.5	4	0	10	1
ENSG00000256139.2	15	3	2	4
ENSG00000256148.1	0	7	0	1
ENSG00000256152.2	48	25	19	19
ENSG00000256167.1	1	2	1	6
ENSG00000256196.1	5	0	3	2
ENSG00000256223.5	405	216	740	359
ENSG00000256229.7	4	478	129	2
ENSG00000256232.1	0	8	0	39
ENSG00000256234.1	14	36	36	75
ENSG00000256235.2	80	77	224	145
ENSG00000256238.1	1	8	1	13
ENSG00000256262.1	1	1	1	8
ENSG00000256268.1	0	0	2	5
ENSG00000256269.8	342	307	281	469
ENSG00000256271.1	4	2	0	5
ENSG00000256274.1	1	2	0	10
ENSG00000256294.7	61	12	61	128
ENSG00000256321.5	6	0	0	0
ENSG00000256338.2	14	29	21	65
ENSG00000256340.8	0	3	0	7
ENSG00000256341.1	0	1	2	2
ENSG00000256356.1	2	3	0	4
ENSG00000256364.1	52	41	50	36
ENSG00000256377.5	21	2	1	3
ENSG00000256407.2	2	2	0	3
ENSG00000256417.1	44	18	14	51
ENSG00000256427.2	6	4	1	0
ENSG00000256433.2	7	46	29	79
ENSG00000256436.1	2	3	0	5
ENSG00000256443.1	21	7	5	9
ENSG00000256453.1	22	99	35	42
ENSG00000256469.1	5	4	0	1
ENSG00000256525.6	298	462	248	328
ENSG00000256537.4	488	388	309	682
ENSG00000256540.1	7	8	5	12
ENSG00000256542.2	27	0	37	3
ENSG00000256546.1	64	112	4	26
ENSG00000256552.2	0	11	0	5
ENSG00000256566.1	2	1	0	4
ENSG00000256569.1	26	27	19	6
ENSG00000256574.7	8	0	0	14
ENSG00000256576.2	130	0	5	1
ENSG00000256591.5	10	21	15	22
ENSG00000256594.8	36	43	19	136
ENSG00000256612.7	5	2	2	17
ENSG00000256616.3	38	15	4	148
ENSG00000256628.3	39	54	60	292
ENSG00000256633.1	0	0	1	1
ENSG00000256654.3	0	1	0	6
ENSG00000256663.1	4	7	0	6
ENSG00000256667.6	80	158	43	72
ENSG00000256683.6	188	72	141	127
ENSG00000256690.1	4	20	8	8
ENSG00000256694.1	4	4	7	6
ENSG00000256713.7	2	2	17	8
ENSG00000256742.1	1	0	3	15
ENSG00000256745.1	1	3	2	3
ENSG00000256747.1	2	3	4	5
ENSG00000256751.5	1	1	3	3
ENSG00000256771.3	321	268	128	157
ENSG00000256802.2	14	34	14	21
ENSG00000256806.5	45	27	28	120
ENSG00000256879.1	6	0	0	4
ENSG00000256894.1	4	39	68	49
ENSG00000256913.1	6	5	2	24
ENSG00000256916.1	0	5	8	12
ENSG00000256928.1	8	5	7	1
ENSG00000256940.1	7	9	13	17
ENSG00000256943.1	3	0	2	0
ENSG00000256950.2	2	0	2	10
ENSG00000256966.6	3	0	0	2
ENSG00000256967.1	8	12	8	37
ENSG00000256969.1	0	3	0	5
ENSG00000256973.1	4	3	3	1
ENSG00000256995.6	3	0	0	0
ENSG00000257000.1	1	4	2	0
ENSG00000257017.8	7	320	140	13
ENSG00000257027.1	16	23	11	37
ENSG00000257038.1	22	35	22	48
ENSG00000257052.1	3	1	1	0
ENSG00000257074.3	0	8	1	1
ENSG00000257084.1	17	57	27	62
ENSG00000257086.1	25	12	22	35
ENSG00000257093.6	1319	796	1015	1573
ENSG00000257103.8	1995	2280	3401	6263
ENSG00000257108.1	11	7	2	9
ENSG00000257114.2	0	0	0	10
ENSG00000257122.5	103	59	152	181
ENSG00000257135.5	6	5	0	16
ENSG00000257138.1	9	0	2	3
ENSG00000257151.1	1	296	323	121
ENSG00000257167.2	44	50	21	206
ENSG00000257176.2	23	43	8	10
ENSG00000257178.5	17	0	10	20
ENSG00000257181.1	8	7	4	4
ENSG00000257207.5	7	40	166	9
ENSG00000257218.5	746	1196	530	1379
ENSG00000257225.1	62	17	23	31
ENSG00000257242.7	1	0	0	8
ENSG00000257243.1	0	0	2	4
ENSG00000257246.1	0	3	0	6
ENSG00000257261.5	31	9	5	5
ENSG00000257267.3	258	190	376	1065
ENSG00000257270.1	8	31	55	28
ENSG00000257285.5	1	2	3	4
ENSG00000257288.1	2	1	0	0
ENSG00000257298.1	6	4	1	1
ENSG00000257302.1	1	9	0	0
ENSG00000257303.1	7	11	7	26
ENSG00000257315.2	42	10	17	6
ENSG00000257327.1	0	3	3	11
ENSG00000257335.8	45	0	51	16
ENSG00000257337.6	224	596	331	426
ENSG00000257341.5	0	3	5	16
ENSG00000257342.1	136	74	150	84
ENSG00000257354.2	215	54	107	668
ENSG00000257365.7	134	214	146	242
ENSG00000257379.1	4	1	3	1
ENSG00000257386.1	10	2	6	1
ENSG00000257390.5	4	2	0	3
ENSG00000257410.1	10	4	6	2
ENSG00000257431.1	8	6	3	0
ENSG00000257433.5	35	47	140	36
ENSG00000257446.3	2	5	0	4
ENSG00000257453.1	4	27	3	5
ENSG00000257488.5	0	0	2	7
ENSG00000257489.6	40	26	11	44
ENSG00000257497.2	38	33	17	27
ENSG00000257509.1	1	13	2	5
ENSG00000257511.1	15	17	22	36
ENSG00000257524.6	5	63	10	13
ENSG00000257542.5	1	3	0	1
ENSG00000257550.1	16	25	11	9
ENSG00000257556.1	14	9	13	45
ENSG00000257557.2	8	24	14	32
ENSG00000257576.1	9	21	7	18
ENSG00000257588.1	53	64	18	27
ENSG00000257591.5	3	22	3	10
ENSG00000257594.3	78	66	12	26
ENSG00000257599.2	41	13	15	20
ENSG00000257605.2	3	0	1	2
ENSG00000257607.1	5	4	2	5
ENSG00000257621.7	917	1557	811	1577
ENSG00000257636.6	1	0	4	24
ENSG00000257653.1	11	6	13	5
ENSG00000257660.5	2	2	1	2
ENSG00000257663.1	62	46	81	33
ENSG00000257671.1	71	151	289	234
ENSG00000257681.1	3	7	3	8
ENSG00000257698.1	65	72	54	170
ENSG00000257702.3	190	38	34	13
ENSG00000257704.3	95	50	51	127
ENSG00000257727.5	777	614	496	1216
ENSG00000257732.1	0	0	0	0
ENSG00000257743.8	14	1	30	0
ENSG00000257752.1	6	1	4	2
ENSG00000257758.1	0	6	0	7
ENSG00000257764.2	7	9	4	4
ENSG00000257790.1	0	6	1	1
ENSG00000257800.1	32	13	23	41
ENSG00000257803.2	1	1	2	2
ENSG00000257815.5	14	34	28	50
ENSG00000257818.1	4	4	0	4
ENSG00000257829.1	0	0	2	17
ENSG00000257838.5	2	0	2	0
ENSG00000257839.1	0	1	1	5
ENSG00000257851.2	6	9	1	12
ENSG00000257859.1	3	0	1	11
ENSG00000257869.1	14	1	2	5
ENSG00000257878.1	9	7	3	7
ENSG00000257894.2	38	8	3	17
ENSG00000257913.2	6	4	3	24
ENSG00000257923.10	2810	1505	1171	2147
ENSG00000257949.6	5	5	3	7
ENSG00000257950.3	14	22	11	22
ENSG00000257954.1	1	0	4	0
ENSG00000258017.1	409	899	450	524
ENSG00000258048.1	0	6	1	1
ENSG00000258053.1	2	0	5	2
ENSG00000258056.2	82	48	38	113
ENSG00000258057.5	12	24	10	35
ENSG00000258072.1	5	0	0	33
ENSG00000258077.2	0	1	0	1
ENSG00000258099.1	1	5	6	5
ENSG00000258101.2	3	0	2	8
ENSG00000258102.3	11	3	0	6
ENSG00000258128.2	0	0	1	19
ENSG00000258130.8	34	5	19	26
ENSG00000258153.1	1	1	3	1
ENSG00000258168.5	3	28	0	13
ENSG00000258199.1	2	2	1	6
ENSG00000258210.1	7	7	7	18
ENSG00000258227.6	20	68	40	84
ENSG00000258232.2	104	123	83	124
ENSG00000258240.5	0	0	0	6
ENSG00000258279.3	0	0	0	3
ENSG00000258289.8	395	910	603	792
ENSG00000258301.3	60	154	80	253
ENSG00000258302.2	8	15	4	10
ENSG00000258311.5	53	35	22	38
ENSG00000258315.5	61	74	23	83
ENSG00000258317.1	4	2	0	2
ENSG00000258325.2	0	0	0	3
ENSG00000258334.1	6	5	7	36
ENSG00000258357.1	5	7	0	7
ENSG00000258359.1	7	6	5	3
ENSG00000258365.1	16	27	12	19
ENSG00000258366.8	75	91	76	123
ENSG00000258377.1	78	55	73	63
ENSG00000258384.1	0	0	1	8
ENSG00000258388.7	53	16	45	53
ENSG00000258405.9	22	4	30	63
ENSG00000258427.3	3	4	4	5
ENSG00000258429.1	63	35	151	133
ENSG00000258430.1	87	84	103	31
ENSG00000258441.1	468	376	514	1458
ENSG00000258445.3	1	0	1	0
ENSG00000258457.5	5	3	3	6
ENSG00000258458.6	8	0	5	5
ENSG00000258461.5	53	62	20	30
ENSG00000258466.5	6	2	5	2
ENSG00000258469.1	1	5	3	11
ENSG00000258471.2	1	2	0	16
ENSG00000258472.8	35	120	41	121
ENSG00000258484.3	1	83	1	0
ENSG00000258504.2	13	13	18	25
ENSG00000258512.1	0	4	3	5
ENSG00000258525.1	3	1	0	3
ENSG00000258539.1	6	8	5	12
ENSG00000258545.5	9	0	3	18
ENSG00000258554.1	12	7	9	11
ENSG00000258559.2	60	79	57	85
ENSG00000258561.1	0	5	3	2
ENSG00000258568.1	4	3	2	10
ENSG00000258584.2	9	22	28	39
ENSG00000258590.5	0	0	1	8
ENSG00000258592.1	26	27	0	41
ENSG00000258593.2	12	1	23	25
ENSG00000258603.3	0	6	8	10
ENSG00000258611.2	3	0	2	2
ENSG00000258616.5	5	0	8	5
ENSG00000258628.1	0	1	2	12
ENSG00000258634.3	198	236	210	411
ENSG00000258643.5	2	2	0	3
ENSG00000258644.5	2	6	3	7
ENSG00000258645.2	3	1	3	6
ENSG00000258647.5	114	7	36	76
ENSG00000258653.3	0	2	0	6
ENSG00000258655.2	34	43	32	118
ENSG00000258659.6	10	4	4	17
ENSG00000258674.5	25	28	35	38
ENSG00000258675.1	6	1	1	99
ENSG00000258676.4	19	1	1	2
ENSG00000258682.1	0	0	3	2
ENSG00000258689.1	1	2	0	3
ENSG00000258700.5	1	1	0	2
ENSG00000258701.1	16	8	6	78
ENSG00000258702.2	13	0	133	127
ENSG00000258704.6	8	14	16	9
ENSG00000258708.1	39	35	21	131
ENSG00000258711.2	12	7	1	39
ENSG00000258713.2	0	2	1	12
ENSG00000258725.1	5	8	7	15
ENSG00000258727.1	162	396	298	456
ENSG00000258732.1	3	0	1	2
ENSG00000258733.5	1	2	4	1
ENSG00000258735.1	0	2	4	25
ENSG00000258738.1	93	26	12	88
ENSG00000258740.1	0	6	0	13
ENSG00000258741.3	1	3	8	3
ENSG00000258743.5	0	0	4	0
ENSG00000258749.1	8	8	21	10
ENSG00000258754.7	1	2	0	13
ENSG00000258757.1	8	17	11	5
ENSG00000258768.2	68	70	80	334
ENSG00000258774.1	0	5	4	2
ENSG00000258789.1	2	4	1	3
ENSG00000258790.1	2	3	1	3
ENSG00000258791.8	1	0	0	0
ENSG00000258794.3	6	0	14	40
ENSG00000258806.2	0	2	0	9
ENSG00000258811.1	4	5	0	25
ENSG00000258813.2	0	0	2	8
ENSG00000258815.1	26	5	20	16
ENSG00000258818.3	16	4	4	32
ENSG00000258824.2	2	0	5	7
ENSG00000258830.1	0	2	0	1
ENSG00000258839.3	168	145	171	565
ENSG00000258875.5	1	22	1	18
ENSG00000258881.6	0	1	2	1
ENSG00000258884.1	1	2	0	2
ENSG00000258890.6	1683	1792	811	1445
ENSG00000258900.1	4	1	2	4
ENSG00000258919.1	1	4	0	0
ENSG00000258920.1	7	36	33	79
ENSG00000258927.1	0	6	66	61
ENSG00000258932.5	0	16	1	2
ENSG00000258938.1	8	6	2	30
ENSG00000258940.2	2	5	5	10
ENSG00000258944.1	13	10	6	26
ENSG00000258947.6	309	13	85	411
ENSG00000258957.1	2	1	2	5
ENSG00000258976.1	0	0	0	2
ENSG00000258986.6	6	1	0	9
ENSG00000258998.1	1	0	3	3
ENSG00000259005.1	3	1	0	2
ENSG00000259006.1	2	7	4	13
ENSG00000259024.6	8	1	3	19
ENSG00000259030.7	42	20	67	1
ENSG00000259031.1	0	0	0	8
ENSG00000259038.1	2	1	2	12
ENSG00000259045.1	0	0	1	1
ENSG00000259049.1	12	21	13	9
ENSG00000259065.1	7	6	5	26
ENSG00000259070.5	8	1	3	3
ENSG00000259075.6	6	9	2	3
ENSG00000259078.2	1	3	0	0
ENSG00000259081.1	0	6	0	19
ENSG00000259083.1	0	2	0	6
ENSG00000259088.1	1	0	1	2
ENSG00000259120.2	16	0	0	3
ENSG00000259129.5	15	5	172	96
ENSG00000259137.1	4	3	5	10
ENSG00000259146.3	0	7	1	7
ENSG00000259153.1	8	15	5	17
ENSG00000259158.4	12	34	22	87
ENSG00000259172.1	0	3	2	15
ENSG00000259185.1	5	3	1	2
ENSG00000259205.2	10	1	23	8
ENSG00000259207.7	13	382	150	53
ENSG00000259209.3	3	2	1	4
ENSG00000259223.2	0	3	0	1
ENSG00000259224.2	0	0	1	3
ENSG00000259230.1	1	0	0	11
ENSG00000259244.1	9	1	1	10
ENSG00000259248.6	8	40	7	25
ENSG00000259251.2	1	6	2	1
ENSG00000259275.2	16	0	5	0
ENSG00000259287.2	5	24	6	21
ENSG00000259291.2	169	63	37	113
ENSG00000259295.6	1	0	0	8
ENSG00000259305.6	28	19	34	25
ENSG00000259315.1	2	7	3	5
ENSG00000259316.11	0	0	1	0
ENSG00000259319.1	11	11	26	108
ENSG00000259321.1	9	7	5	19
ENSG00000259326.1	5	7	5	7
ENSG00000259327.1	2	7	2	6
ENSG00000259330.2	184	203	217	855
ENSG00000259332.3	16	8	12	39
ENSG00000259342.1	0	11	0	2
ENSG00000259343.6	2	5	14	55
ENSG00000259345.6	57	40	26	27
ENSG00000259347.6	1	1	2	13
ENSG00000259349.1	2	1	1	4
ENSG00000259353.1	1	0	4	3
ENSG00000259354.5	1	6	0	0
ENSG00000259357.2	30	59	37	10
ENSG00000259362.2	3	0	2	29
ENSG00000259366.1	33	21	14	25
ENSG00000259370.2	0	1	4	3
ENSG00000259374.2	3	17	45	43
ENSG00000259375.1	20	15	7	3
ENSG00000259399.1	5	20	0	1
ENSG00000259404.5	1	1	5	14
ENSG00000259407.1	6	5	5	9
ENSG00000259408.2	4	65	8	43
ENSG00000259409.1	4	0	3	3
ENSG00000259417.2	2	2	4	0
ENSG00000259419.2	4	3	2	6
ENSG00000259426.5	36	25	11	54
ENSG00000259429.5	89	114	55	114
ENSG00000259431.5	87	184	57	172
ENSG00000259439.2	565	138	217	0
ENSG00000259448.2	8	6	3	13
ENSG00000259456.3	18	25	28	14
ENSG00000259459.5	0	10	0	6
ENSG00000259460.1	2	7	5	5
ENSG00000259462.2	1	1	0	26
ENSG00000259479.6	10	32	5	26
ENSG00000259485.1	15	0	8	0
ENSG00000259488.2	37	65	45	92
ENSG00000259494.1	120	83	91	211
ENSG00000259495.2	101	64	6	104
ENSG00000259498.1	5	23	14	17
ENSG00000259515.1	2	5	10	10
ENSG00000259516.2	1	3	0	5
ENSG00000259520.5	0	0	4	21
ENSG00000259522.3	3	2	1	9
ENSG00000259523.1	7	10	4	22
ENSG00000259527.2	8	0	0	2
ENSG00000259529.1	26	36	18	30
ENSG00000259531.2	23	7	2	11
ENSG00000259536.5	7	3	7	2
ENSG00000259539.1	0	4	2	3
ENSG00000259553.5	0	2	0	1
ENSG00000259562.2	6	12	6	9
ENSG00000259577.1	3	7	1	6
ENSG00000259583.2	239	21	116	99
ENSG00000259605.3	97	79	87	213
ENSG00000259607.1	21	19	2	4
ENSG00000259612.1	5	9	8	7
ENSG00000259623.1	149	241	91	232
ENSG00000259627.1	0	9	0	0
ENSG00000259635.1	1	3	0	5
ENSG00000259642.2	34	10	23	60
ENSG00000259644.1	3	6	2	10
ENSG00000259648.1	4	1	2	6
ENSG00000259659.1	0	3	9	5
ENSG00000259661.1	25	17	32	22
ENSG00000259663.2	0	15	2	0
ENSG00000259668.5	3	2	0	3
ENSG00000259672.2	0	1	0	11
ENSG00000259673.5	97	252	99	123
ENSG00000259684.1	4	4	1	3
ENSG00000259687.1	3	11	1	12
ENSG00000259692.5	8	0	2	14
ENSG00000259702.3	0	4	2	1
ENSG00000259704.1	1	0	8	14
ENSG00000259706.1	6	3	7	19
ENSG00000259723.1	2	3	4	4
ENSG00000259728.5	4	0	0	6
ENSG00000259736.1	9	8	1	8
ENSG00000259744.1	2	2	2	20
ENSG00000259746.1	3	2	1	2
ENSG00000259755.1	7	0	6	5
ENSG00000259768.5	86	62	53	154
ENSG00000259772.6	0	0	0	13
ENSG00000259775.1	2	2	4	24
ENSG00000259780.3	3	1	0	3
ENSG00000259781.1	99	59	42	144
ENSG00000259790.1	0	2	0	3
ENSG00000259793.1	0	1	3	1
ENSG00000259802.1	17	27	15	31
ENSG00000259803.6	21	2	155	34
ENSG00000259804.1	2	0	2	5
ENSG00000259810.2	9	7	19	6
ENSG00000259818.1	1	0	0	11
ENSG00000259820.1	143	710	206	204
ENSG00000259823.5	1	0	16	20
ENSG00000259826.1	8	5	3	44
ENSG00000259845.1	0	10	1	1
ENSG00000259856.1	2	3	1	10
ENSG00000259862.1	1	1	0	7
ENSG00000259863.1	3	0	7	17
ENSG00000259865.1	329	176	156	177
ENSG00000259868.2	2	2	2	0
ENSG00000259869.2	4	0	1	8
ENSG00000259877.2	27	57	30	61
ENSG00000259881.1	5	0	10	0
ENSG00000259884.1	54	33	46	26
ENSG00000259887.1	0	0	0	5
ENSG00000259891.1	114	153	77	84
ENSG00000259895.1	0	0	7	32
ENSG00000259907.1	0	2	0	0
ENSG00000259915.2	3	1	1	4
ENSG00000259917.1	8	8	1	21
ENSG00000259918.1	1	0	1	0
ENSG00000259920.1	29	1	4	25
ENSG00000259921.1	2	1	5	6
ENSG00000259924.1	3	0	0	3
ENSG00000259925.1	4	16	1	2
ENSG00000259933.6	18	5	15	3
ENSG00000259937.2	10	0	3	0
ENSG00000259939.1	6	1	6	3
ENSG00000259940.2	7	6	0	9
ENSG00000259941.1	3	44	0	8
ENSG00000259943.1	89	173	91	208
ENSG00000259948.2	6	3	4	3
ENSG00000259952.1	84	42	94	107
ENSG00000259953.1	42	41	20	17
ENSG00000259954.1	0	6	1	7
ENSG00000259956.1	1236	983	967	1894
ENSG00000259959.1	116	127	84	94
ENSG00000259969.1	14	9	12	8
ENSG00000259972.2	85	107	102	76
ENSG00000259985.1	5	1	2	18
ENSG00000259994.1	53	45	42	186
ENSG00000260000.2	12	2	15	28
ENSG00000260001.6	12	2	12	6
ENSG00000260005.6	22	18	10	21
ENSG00000260007.3	53	75	7	66
ENSG00000260018.1	2	6	6	10
ENSG00000260025.1	3	0	8	42
ENSG00000260027.4	307	82	353	865
ENSG00000260032.1	21250	4712	10338	11679
ENSG00000260037.5	0	3	2	2
ENSG00000260047.2	0	1	2	4
ENSG00000260051.1	6	4	6	4
ENSG00000260060.1	2	3	1	9
ENSG00000260063.1	8	7	10	51
ENSG00000260073.2	0	0	4	2
ENSG00000260077.1	221	130	85	115
ENSG00000260081.2	6	33	16	26
ENSG00000260083.1	30	6	25	46
ENSG00000260088.1	3	4	1	0
ENSG00000260091.1	1	3	1	3
ENSG00000260093.1	2	0	1	3
ENSG00000260095.1	3	0	0	5
ENSG00000260101.1	2	2	6	0
ENSG00000260103.2	4	2	1	3
ENSG00000260105.6	2	7	0	10
ENSG00000260107.1	0	1	1	5
ENSG00000260111.1	5	7	11	6
ENSG00000260118.1	6	2	14	16
ENSG00000260121.1	55	30	79	27
ENSG00000260122.1	25	0	0	40
ENSG00000260136.5	31	27	14	57
ENSG00000260139.6	0	0	2	4
ENSG00000260160.1	3	0	3	1
ENSG00000260179.1	3	7	7	14
ENSG00000260190.1	3	0	0	4
ENSG00000260193.1	4	1	6	51
ENSG00000260196.1	26	2	1	30
ENSG00000260219.2	40	4	17	48
ENSG00000260220.6	401	220	6	185
ENSG00000260230.3	8	2	1	80
ENSG00000260231.2	47	81	147	98
ENSG00000260233.3	22	19	36	31
ENSG00000260236.1	11	16	17	30
ENSG00000260238.6	52	84	20	55
ENSG00000260244.1	1	0	4	0
ENSG00000260249.2	0	5	1	2
ENSG00000260254.1	35	3	0	1
ENSG00000260257.2	92	53	73	390
ENSG00000260259.1	0	1	0	3
ENSG00000260260.1	114	624	658	624
ENSG00000260261.2	354	171	129	741
ENSG00000260265.1	5	6	0	7
ENSG00000260266.1	13	13	0	9
ENSG00000260267.1	233	168	122	251
ENSG00000260269.5	4	7	2	2
ENSG00000260273.1	7	1	5	3
ENSG00000260274.1	9	7	5	38
ENSG00000260276.2	15	13	27	55
ENSG00000260279.3	18	8	8	8
ENSG00000260285.1	20	44	38	69
ENSG00000260288.3	6	0	1	5
ENSG00000260290.2	4	4	6	19
ENSG00000260293.2	36	5	26	219
ENSG00000260296.1	72	38	20	27
ENSG00000260300.5	5	19	2	9
ENSG00000260302.2	15	0	0	12
ENSG00000260306.1	17	5	3	23
ENSG00000260314.2	75	67	28	33
ENSG00000260316.2	0	1	4	1
ENSG00000260317.1	97	22	37	54
ENSG00000260325.1	1	5	0	6
ENSG00000260328.1	10	3	4	26
ENSG00000260329.1	23	4	2	8
ENSG00000260331.1	5	4	0	4
ENSG00000260337.3	160	12	30	66
ENSG00000260339.1	4	10	1	11
ENSG00000260342.2	0	1	1	0
ENSG00000260360.1	5	2	0	0
ENSG00000260361.1	7	6	16	37
ENSG00000260367.2	0	7	5	10
ENSG00000260368.1	36	13	8	6
ENSG00000260388.2	23	1	5	5
ENSG00000260394.2	2	1	0	1
ENSG00000260398.1	12	2	1	0
ENSG00000260400.1	33	7	5	62
ENSG00000260401.1	94	78	113	124
ENSG00000260404.3	165	46	143	297
ENSG00000260409.1	0	1	17	4
ENSG00000260412.1	14	0	5	1
ENSG00000260418.1	8	7	10	17
ENSG00000260423.1	10	69	2	10
ENSG00000260428.2	141	877	310	561
ENSG00000260430.1	5	0	1	5
ENSG00000260442.5	2	10	17	23
ENSG00000260448.5	1	0	1	10
ENSG00000260455.1	20	0	0	4
ENSG00000260456.6	5	18	19	30
ENSG00000260459.2	8	1	6	19
ENSG00000260461.1	50	53	9	26
ENSG00000260464.1	3	6	14	5
ENSG00000260465.1	57	49	86	40
ENSG00000260470.1	8	6	2	8
ENSG00000260475.1	1	1	1	6
ENSG00000260476.1	11	0	8	28
ENSG00000260490.2	0	1	2	6
ENSG00000260493.1	1	4	2	10
ENSG00000260495.1	2	2	6	3
ENSG00000260498.5	2	1	0	3
ENSG00000260500.1	2	13	0	14
ENSG00000260517.3	2	0	0	2
ENSG00000260526.1	10	2	6	24
ENSG00000260528.4	16	2	19	8
ENSG00000260542.1	0	7	0	1
ENSG00000260549.1	41	2	212	25
ENSG00000260552.1	5	17	15	152
ENSG00000260563.3	32	40	13	44
ENSG00000260565.6	264	415	552	470
ENSG00000260570.1	14	4	5	10
ENSG00000260572.1	5	5	0	4
ENSG00000260577.2	7	1	3	10
ENSG00000260578.1	12	3	0	0
ENSG00000260588.1	6	5	2	15
ENSG00000260589.1	4	6	8	17
ENSG00000260597.1	0	2	3	7
ENSG00000260604.2	2	98	41	33
ENSG00000260611.1	1	0	9	3
ENSG00000260625.2	5	1	0	10
ENSG00000260628.5	15	20	0	27
ENSG00000260630.6	13	9	23	14
ENSG00000260633.1	26	13	22	154
ENSG00000260641.1	2	0	5	0
ENSG00000260643.2	13	7	17	26
ENSG00000260645.2	34	7	12	17
ENSG00000260647.1	7	2	0	4
ENSG00000260648.3	1	5	1	4
ENSG00000260651.1	0	0	3	6
ENSG00000260653.5	8	0	27	13
ENSG00000260660.4	1	0	0	14
ENSG00000260669.2	67	38	46	76
ENSG00000260672.1	5	5	5	6
ENSG00000260686.1	42	43	12	29
ENSG00000260691.5	1	1	7	0
ENSG00000260698.1	3	2	9	29
ENSG00000260708.1	14	40	38	39
ENSG00000260711.2	53	222	75	96
ENSG00000260714.1	1	1	1	3
ENSG00000260725.1	0	1	3	11
ENSG00000260727.1	9	5	3	20
ENSG00000260729.1	10	15	3	50
ENSG00000260740.2	6	12	1	1
ENSG00000260742.1	4	2	0	6
ENSG00000260743.1	2	10	4	10
ENSG00000260747.1	2	4	5	14
ENSG00000260751.2	53	18	63	93
ENSG00000260763.1	0	0	67	0
ENSG00000260774.1	11	24	51	23
ENSG00000260776.5	8	0	2	23
ENSG00000260777.1	0	4	1	5
ENSG00000260778.5	3	15	6	17
ENSG00000260779.1	2	1	3	3
ENSG00000260781.1	2	3	0	17
ENSG00000260782.1	1	0	2	10
ENSG00000260792.1	3	1	7	4
ENSG00000260793.2	32	26	8	249
ENSG00000260803.1	0	4	0	5
ENSG00000260804.3	290	286	234	212
ENSG00000260805.2	77	20	16	65
ENSG00000260806.1	7	14	8	21
ENSG00000260807.6	1	1	9	0
ENSG00000260816.2	2	0	0	2
ENSG00000260822.1	82	346	97	86
ENSG00000260830.1	3	2	0	2
ENSG00000260852.1	89	72	26	181
ENSG00000260853.1	7	7	11	3
ENSG00000260855.1	20	75	21	130
ENSG00000260868.1	3	0	1	2
ENSG00000260874.5	2	0	0	11
ENSG00000260877.2	3	6	5	0
ENSG00000260879.1	53	9	12	8
ENSG00000260884.1	3	1	1	0
ENSG00000260886.1	0	0	0	4
ENSG00000260892.1	0	3	2	1
ENSG00000260896.5	4	1	3	5
ENSG00000260898.5	4	3	1	4
ENSG00000260899.1	27	5	33	33
ENSG00000260903.2	121	1	0	227
ENSG00000260908.1	3	0	1	17
ENSG00000260910.1	0	2	0	41
ENSG00000260911.2	0	2	0	9
ENSG00000260912.1	124	556	77	104
ENSG00000260916.7	145	218	163	459
ENSG00000260917.1	224	118	51	245
ENSG00000260920.2	41	10	48	33
ENSG00000260922.2	1	0	2	0
ENSG00000260923.6	0	4	4	9
ENSG00000260924.2	8	20	63	103
ENSG00000260928.2	0	1	4	1
ENSG00000260930.1	2	3	1	2
ENSG00000260941.1	45	0	5	13
ENSG00000260942.1	60	39	64	98
ENSG00000260948.1	16	43	15	13
ENSG00000260949.1	6	3	1	3
ENSG00000260953.1	0	0	0	14
ENSG00000260966.1	69	296	165	91
ENSG00000260971.4	1	0	0	0
ENSG00000260976.1	0	0	0	12
ENSG00000260992.1	11	6	2	16
ENSG00000260997.1	1	4	7	32
ENSG00000261003.1	2	10	1	5
ENSG00000261008.6	30	10	9	12
ENSG00000261019.1	4	6	2	4
ENSG00000261026.1	30	4	3	46
ENSG00000261040.7	11	21	0	75
ENSG00000261051.1	4	39	23	14
ENSG00000261052.5	9	5	5	10
ENSG00000261054.1	13	3	27	11
ENSG00000261055.1	3	1	1	0
ENSG00000261061.1	24	21	20	12
ENSG00000261063.1	3	3	0	2
ENSG00000261064.1	3	2	1	6
ENSG00000261067.7	35	13	40	118
ENSG00000261068.2	306	115	107	194
ENSG00000261071.1	7	23	9	30
ENSG00000261079.1	0	6	5	6
ENSG00000261087.1	93	96	80	29
ENSG00000261093.1	54	36	40	14
ENSG00000261094.2	22	43	27	42
ENSG00000261096.1	8	17	6	10
ENSG00000261098.1	31	53	53	50
ENSG00000261101.2	6	5	6	8
ENSG00000261104.1	4	46	35	4
ENSG00000261105.5	5	0	1	9
ENSG00000261114.1	9	2	32	31
ENSG00000261115.5	1	0	1	28
ENSG00000261116.1	28	41	6	0
ENSG00000261121.1	3	1	0	6
ENSG00000261122.6	1	5	203	1
ENSG00000261123.1	14	1	9	6
ENSG00000261126.7	63	55	19	20
ENSG00000261135.1	0	7	4	7
ENSG00000261136.1	17	8	16	30
ENSG00000261147.1	1	1	1	2
ENSG00000261150.2	3425	1818	3815	983
ENSG00000261159.1	1	71	12	54
ENSG00000261167.1	46	55	30	101
ENSG00000261168.1	3	10	0	2
ENSG00000261175.6	0	20	0	0
ENSG00000261183.5	95	133	110	293
ENSG00000261186.2	0	0	10	1
ENSG00000261187.1	4	0	2	20
ENSG00000261188.1	57	29	39	92
ENSG00000261189.1	32	13	22	47
ENSG00000261202.1	3	1	0	1
ENSG00000261211.1	91	30	21	92
ENSG00000261215.1	2	1	1	14
ENSG00000261220.2	21	76	63	101
ENSG00000261221.3	376	153	227	1460
ENSG00000261236.7	496	3326	1761	905
ENSG00000261241.6	4	5	1	8
ENSG00000261242.1	0	0	1	3
ENSG00000261251.1	4	5	4	15
ENSG00000261270.1	3	2	8	21
ENSG00000261286.1	14	11	24	34
ENSG00000261292.2	0	1	3	13
ENSG00000261302.5	0	1	3	0
ENSG00000261305.2	21	7	7	67
ENSG00000261308.2	317	0	15	444
ENSG00000261312.1	8	10	13	3
ENSG00000261324.2	97	132	65	510
ENSG00000261326.3	122	285	301	399
ENSG00000261334.1	3	6	0	3
ENSG00000261335.1	16	10	5	20
ENSG00000261338.2	13	26	22	21
ENSG00000261342.1	2	0	4	36
ENSG00000261349.1	3	1	7	0
ENSG00000261351.2	27	35	11	29
ENSG00000261359.2	6	1	2	14
ENSG00000261360.1	2	6	17	10
ENSG00000261366.1	3	1	3	33
ENSG00000261371.5	77	37	75	69
ENSG00000261373.1	41	151	109	133
ENSG00000261377.5	9	40	29	74
ENSG00000261386.2	2	0	7	4
ENSG00000261404.7	4	0	2	3
ENSG00000261408.7	260	174	84	255
ENSG00000261409.1	0	3	0	1
ENSG00000261416.1	9	0	6	6
ENSG00000261420.1	5	5	6	9
ENSG00000261423.1	66	16	24	60
ENSG00000261428.2	13	48	27	26
ENSG00000261434.1	3	0	0	11
ENSG00000261437.1	84	94	26	78
ENSG00000261438.1	4	0	2	31
ENSG00000261441.1	2	9	4	2
ENSG00000261451.1	4	0	0	1
ENSG00000261455.1	120	30	73	255
ENSG00000261456.5	10	0	6	7
ENSG00000261460.1	35	47	76	48
ENSG00000261461.1	1	1	1	7
ENSG00000261468.1	2	13	52	21
ENSG00000261485.1	5	10	15	32
ENSG00000261487.1	4	0	2	11
ENSG00000261488.1	0	13	3	46
ENSG00000261490.1	74	84	63	119
ENSG00000261499.2	7	6	3	1
ENSG00000261504.1	2	0	1	6
ENSG00000261505.1	42	30	56	31
ENSG00000261512.2	104	122	73	360
ENSG00000261526.2	20	50	29	51
ENSG00000261532.1	3	2	1	2
ENSG00000261534.1	24	5	11	35
ENSG00000261542.1	15	19	13	13
ENSG00000261549.2	2	0	0	7
ENSG00000261553.5	19	22	22	30
ENSG00000261556.9	40	64	43	193
ENSG00000261560.1	21	4	2	17
ENSG00000261572.1	28	36	28	34
ENSG00000261578.1	26	31	28	24
ENSG00000261582.1	1	2	1	1
ENSG00000261586.2	32	0	3	15
ENSG00000261587.2	6	1	20	14
ENSG00000261594.3	8	15	52	34
ENSG00000261596.2	8	0	0	12
ENSG00000261603.2	1	0	2	11
ENSG00000261604.1	2	0	3	5
ENSG00000261606.5	1	3	0	2
ENSG00000261609.6	320	227	254	328
ENSG00000261610.1	1	3	0	0
ENSG00000261611.6	11	12	8	11
ENSG00000261613.2	1	5	2	3
ENSG00000261614.1	1	1	1	1
ENSG00000261616.1	4	3	6	0
ENSG00000261617.1	1	0	0	6
ENSG00000261618.1	1	9	1	0
ENSG00000261634.3	3	0	0	24
ENSG00000261641.2	43	21	68	62
ENSG00000261644.2	1	0	4	3
ENSG00000261649.6	0	4	3	7
ENSG00000261652.2	28	25	13	42
ENSG00000261654.1	25	12	18	7
ENSG00000261655.1	45	8	8	23
ENSG00000261659.2	55	23	49	53
ENSG00000261662.1	13	17	22	36
ENSG00000261663.1	5	4	5	6
ENSG00000261670.1	6	55	11	0
ENSG00000261678.2	0	5	2	4
ENSG00000261684.2	20	10	13	15
ENSG00000261691.1	10	3	13	5
ENSG00000261693.1	2	11	3	23
ENSG00000261716.2	325	502	575	1565
ENSG00000261732.1	10	6	9	11
ENSG00000261737.1	6	7	3	8
ENSG00000261740.6	35	50	61	78
ENSG00000261744.1	2	0	0	11
ENSG00000261754.2	43	10	3	18
ENSG00000261757.1	7	1	0	0
ENSG00000261758.1	1	2	0	10
ENSG00000261759.1	15	4	24	11
ENSG00000261760.8	3	0	1	3
ENSG00000261762.1	2	2	4	0
ENSG00000261770.1	10	52	107	170
ENSG00000261773.1	0	5	0	2
ENSG00000261777.5	4	26	1	2
ENSG00000261786.1	2	13	41	48
ENSG00000261787.1	11	26	6	14
ENSG00000261790.1	7	2	1	9
ENSG00000261794.1	0	1	3	2
ENSG00000261795.1	2	0	4	2
ENSG00000261796.1	0	0	1	4
ENSG00000261798.1	1	0	10	6
ENSG00000261799.1	151	216	56	202
ENSG00000261801.5	164	94	116	253
ENSG00000261804.1	3	14	0	2
ENSG00000261807.2	1	5	19	1
ENSG00000261812.6	1	0	1	9
ENSG00000261819.1	1	1	3	5
ENSG00000261821.2	4	0	0	25
ENSG00000261824.6	81	87	243	543
ENSG00000261832.6	1	0	0	9
ENSG00000261839.1	2	0	0	2
ENSG00000261840.2	8	13	22	20
ENSG00000261845.2	12	15	15	9
ENSG00000261857.6	0	0	0	8
ENSG00000261879.6	47	25	21	56
ENSG00000261884.2	38	23	54	73
ENSG00000261888.1	50	13	28	178
ENSG00000261889.1	8	8	4	14
ENSG00000261915.6	0	4	3	0
ENSG00000261916.1	2	0	1	1
ENSG00000261934.2	199	66	11	19
ENSG00000261971.7	107	259	82	396
ENSG00000261996.1	0	0	0	8
ENSG00000261997.1	5	1	10	6
ENSG00000262001.1	288	83	88	714
ENSG00000262049.1	69	70	58	130
ENSG00000262050.1	1	3	4	1
ENSG00000262061.5	2	1	4	1
ENSG00000262074.6	0	1	4	17
ENSG00000262075.3	0	0	1	5
ENSG00000262096.2	10	1	3	3
ENSG00000262112.1	0	0	2	3
ENSG00000262136.1	6	18	9	11
ENSG00000262152.6	9	5	2	10
ENSG00000262155.1	11	2	1	3
ENSG00000262160.1	213	315	184	124
ENSG00000262165.2	1	0	3	13
ENSG00000262180.1	20	14	16	12
ENSG00000262185.2	0	1	13	6
ENSG00000262188.1	14	11	3	23
ENSG00000262202.4	1	3	2	3
ENSG00000262209.2	18	8	8	10
ENSG00000262211.1	13	23	20	11
ENSG00000262227.1	7	9	15	21
ENSG00000262228.2	7	4	7	16
ENSG00000262246.5	198	45	77	175
ENSG00000262304.2	0	0	2	3
ENSG00000262312.2	5	6	4	2
ENSG00000262333.1	11	5	13	22
ENSG00000262362.1	3	1	3	9
ENSG00000262370.5	5	0	2	4
ENSG00000262406.2	1	19	2	0
ENSG00000262410.1	5	6	5	4
ENSG00000262413.1	96	114	123	66
ENSG00000262420.3	3	1	9	25
ENSG00000262429.1	1	0	6	4
ENSG00000262454.3	26	56	30	136
ENSG00000262456.1	37	18	24	41
ENSG00000262468.6	46	61	34	139
ENSG00000262477.1	4	4	0	2
ENSG00000262484.1	4	17	4	74
ENSG00000262488.1	1	2	0	3
ENSG00000262528.2	71	5	22	5
ENSG00000262533.1	3	1	5	10
ENSG00000262539.1	9	0	8	3
ENSG00000262576.2	23	5	20	17
ENSG00000262580.5	312	494	139	681
ENSG00000262585.1	17	6	0	29
ENSG00000262587.2	18	11	4	15
ENSG00000262619.1	12	48	145	11
ENSG00000262621.5	12	12	23	20
ENSG00000262652.1	16	4	6	10
ENSG00000262655.3	7988	6701	2572	19861
ENSG00000262663.1	17	4	4	5
ENSG00000262678.1	1	3	2	11
ENSG00000262681.2	7	3	4	72
ENSG00000262691.1	2	2	39	11
ENSG00000262700.1	2	0	0	3
ENSG00000262712.1	80	24	45	121
ENSG00000262714.1	3	16	1	1
ENSG00000262728.5	5	4	10	13
ENSG00000262732.1	9	3	5	2
ENSG00000262766.1	10	11	13	18
ENSG00000262772.1	17	13	1	62
ENSG00000262814.7	270	682	369	432
ENSG00000262823.1	3	2	1	4
ENSG00000262831.1	46	64	51	26
ENSG00000262874.1	2	4	5	5
ENSG00000262877.4	52	1	0	1
ENSG00000262879.5	41	39	87	90
ENSG00000262890.1	4	11	0	1
ENSG00000262902.1	1	12	2	13
ENSG00000262903.1	47	44	20	147
ENSG00000262904.1	1	0	0	3
ENSG00000262919.7	159	292	316	417
ENSG00000262920.5	1	0	51	13
ENSG00000262943.7	57	65	166	249
ENSG00000262966.2	4	1	2	0
ENSG00000262967.1	1	4	4	0
ENSG00000262979.1	14	4	4	32
ENSG00000263001.5	1984	1769	2988	2755
ENSG00000263002.7	115	60	169	336
ENSG00000263004.1	5	12	6	17
ENSG00000263006.6	42	40	78	176
ENSG00000263011.1	0	2	1	3
ENSG00000263020.6	4	3	5	8
ENSG00000263033.2	5	8	1	19
ENSG00000263069.5	139	79	36	81
ENSG00000263072.6	110	195	80	233
ENSG00000263080.1	0	6	1	3
ENSG00000263120.1	0	1	3	0
ENSG00000263126.1	31	24	95	70
ENSG00000263142.5	3	33	2	25
ENSG00000263155.5	42	8	25	70
ENSG00000263165.1	2	4	0	6
ENSG00000263179.1	1	0	1	7
ENSG00000263218.2	5	4	1	1
ENSG00000263220.1	1	4	1	0
ENSG00000263232.2	0	3	1	4
ENSG00000263235.1	5	8	4	36
ENSG00000263266.2	48	92	90	73
ENSG00000263272.1	48	26	46	27
ENSG00000263276.1	11	16	23	10
ENSG00000263280.1	7	9	0	20
ENSG00000263307.1	2	0	1	5
ENSG00000263327.6	26	7	13	40
ENSG00000263335.1	4	5	3	30
ENSG00000263345.1	9	2	2	7
ENSG00000263412.1	5	5	15	27
ENSG00000263424.1	24	1	8	1
ENSG00000263432.2	2	6	0	0
ENSG00000263443.1	0	0	2	2
ENSG00000263465.4	895	1060	1481	1138
ENSG00000263503.1	16	0	9	1
ENSG00000263513.5	6	28	5	29
ENSG00000263528.7	227	343	200	395
ENSG00000263535.2	3	8	2	4
ENSG00000263551.5	21	7	8	32
ENSG00000263563.6	1	7	3	7
ENSG00000263585.1	0	7	1	0
ENSG00000263603.1	0	2	2	2
ENSG00000263612.1	1	2	2	1
ENSG00000263731.1	64	64	40	43
ENSG00000263740.2	7	4	5	25
ENSG00000263745.6	3	0	1	3
ENSG00000263753.7	320	618	298	1122
ENSG00000263756.1	6	1	6	3
ENSG00000263766.5	2	3	5	6
ENSG00000263786.1	20	26	9	19
ENSG00000263812.5	4	9	0	2
ENSG00000263818.5	5	12	1	14
ENSG00000263823.1	14	5	8	64
ENSG00000263826.1	75	17	39	79
ENSG00000263843.1	49	27	13	62
ENSG00000263873.1	1	0	109	67
ENSG00000263874.2	200	105	9	92
ENSG00000263884.1	6	8	14	52
ENSG00000263893.2	8	6	1	7
ENSG00000263956.6	714	264	459	962
ENSG00000263961.7	862	697	249	393
ENSG00000263968.2	0	1	2	2
ENSG00000263986.1	2	4	0	3
ENSG00000264007.1	0	0	0	0
ENSG00000264019.1	5	3	17	4
ENSG00000264026.1	4	2	1	25
ENSG00000264044.1	9	13	11	5
ENSG00000264057.1	4	7	3	9
ENSG00000264058.2	2	9	2	2
ENSG00000264070.1	3	10	2	16
ENSG00000264107.1	1	1	0	4
ENSG00000264112.1	789	3367	895	699
ENSG00000264177.1	5	2	13	8
ENSG00000264204.2	82	1	2	8
ENSG00000264215.1	0	1	1	1
ENSG00000264230.8	100	7	71	169
ENSG00000264235.5	0	2	2	3
ENSG00000264247.1	94	56	24	77
ENSG00000264269.1	4	2	0	3
ENSG00000264278.1	0	1	1	5
ENSG00000264290.1	2	1	3	5
ENSG00000264301.1	0	0	0	2
ENSG00000264324.1	8	4	12	3
ENSG00000264343.5	38	32	15	45
ENSG00000264364.2	2720	3212	2243	4242
ENSG00000264443.1	14	7	12	6
ENSG00000264448.5	1	0	0	12
ENSG00000264451.1	0	3	0	5
ENSG00000264456.1	33	21	33	26
ENSG00000264522.5	1774	675	619	1185
ENSG00000264538.6	112	84	138	260
ENSG00000264548.1	7	8	4	27
ENSG00000264558.1	5	10	6	11
ENSG00000264575.1	33	29	19	104
ENSG00000264577.1	10	4	4	5
ENSG00000264578.1	53	43	54	9
ENSG00000264608.1	2	17	6	13
ENSG00000264635.1	13	11	7	62
ENSG00000264660.2	10	0	0	0
ENSG00000264668.1	2	2	0	3
ENSG00000264672.5	2	4	7	5
ENSG00000264714.1	3	8	4	7
ENSG00000264717.5	2	2	1	6
ENSG00000264743.2	5	0	3	5
ENSG00000264769.1	0	0	1	4
ENSG00000264772.6	71	129	92	139
ENSG00000264801.1	0	5	6	1
ENSG00000264812.1	3	15	3	6
ENSG00000264885.1	28	8	15	24
ENSG00000264920.1	49	30	21	97
ENSG00000264954.1	3	0	0	3
ENSG00000264964.1	4	0	2	9
ENSG00000264982.1	6	0	0	4
ENSG00000265018.6	1	2	47	6
ENSG00000265055.1	4	2	1	4
ENSG00000265073.1	1	3	2	1
ENSG00000265100.1	2	2	4	24
ENSG00000265107.2	111	85	2	112
ENSG00000265148.5	3	16	1	9
ENSG00000265179.6	0	3	1	16
ENSG00000265185.5	0	0	1	11
ENSG00000265190.6	31	17	55	440
ENSG00000265206.5	16	10	10	33
ENSG00000265241.6	3177	2679	2179	4217
ENSG00000265263.1	57	21	18	42
ENSG00000265282.1	2	0	0	0
ENSG00000265287.2	8	5	4	0
ENSG00000265298.1	8	3	2	3
ENSG00000265354.3	716	353	680	1629
ENSG00000265366.6	1	0	2	4
ENSG00000265393.1	0	0	0	1
ENSG00000265399.1	7	2	5	1
ENSG00000265401.1	1	84	84	0
ENSG00000265413.1	1	0	5	9
ENSG00000265451.1	0	0	2	5
ENSG00000265458.1	0	9	4	4
ENSG00000265474.1	1	3	5	3
ENSG00000265478.2	8	1	3	7
ENSG00000265479.6	25	15	28	40
ENSG00000265480.5	1	2	0	2
ENSG00000265485.6	0	0	1	3
ENSG00000265491.4	1265	582	636	1558
ENSG00000265531.3	4	2	1	7
ENSG00000265590.9	4	25	4	5
ENSG00000265618.1	14	8	8	6
ENSG00000265666.1	26	80	23	29
ENSG00000265678.1	3	4	1	0
ENSG00000265681.7	1353	1550	1212	4172
ENSG00000265683.1	4	3	0	1
ENSG00000265688.1	17	7	15	21
ENSG00000265690.7	11	23	35	65
ENSG00000265692.1	1	5	2	14
ENSG00000265702.1	3	0	2	12
ENSG00000265728.1	0	1	2	2
ENSG00000265750.1	13	5	4	20
ENSG00000265763.3	21	30	5	104
ENSG00000265766.3	40	25	339	532
ENSG00000265778.2	5	6	3	6
ENSG00000265784.1	3	1	2	1
ENSG00000265787.2	4	7	42	6
ENSG00000265800.1	1	6	1	6
ENSG00000265808.3	1494	893	2437	2577
ENSG00000265817.2	4	0	1	24
ENSG00000265933.5	127	0	40	387
ENSG00000265936.1	0	0	0	5
ENSG00000265939.1	1	1	1	2
ENSG00000265967.1	9	5	1	3
ENSG00000265972.5	6345	894	3469	2697
ENSG00000265975.1	7	0	3	4
ENSG00000265992.1	5	56	0	0
ENSG00000265994.2	0	34	0	0
ENSG00000266010.2	21	85	5	11
ENSG00000266028.7	1589	830	817	1174
ENSG00000266036.1	12	5	11	10
ENSG00000266049.1	0	0	0	7
ENSG00000266053.2	17	5	7	58
ENSG00000266066.1	3	5	0	4
ENSG00000266074.8	557	9	327	7
ENSG00000266086.2	1	4	0	3
ENSG00000266094.7	176	118	97	161
ENSG00000266173.6	376	379	181	193
ENSG00000266208.1	33	91	78	132
ENSG00000266217.2	0	0	0	10
ENSG00000266236.1	11	11	9	6
ENSG00000266242.1	0	0	4	2
ENSG00000266256.1	12	5	1	1
ENSG00000266258.1	0	0	0	11
ENSG00000266265.3	3	0	0	2
ENSG00000266283.1	1	11	3	0
ENSG00000266338.6	605	82	297	838
ENSG00000266371.1	2	2	0	0
ENSG00000266373.1	22	13	20	28
ENSG00000266389.1	3	1	2	2
ENSG00000266401.1	2	2	0	2
ENSG00000266405.3	17	8	5	32
ENSG00000266412.5	2621	1506	2095	2302
ENSG00000266441.1	0	2	0	17
ENSG00000266456.1	3	0	0	1
ENSG00000266469.1	17	60	12	10
ENSG00000266472.5	1049	407	972	1751
ENSG00000266490.1	5	7	4	22
ENSG00000266498.1	9	2	2	0
ENSG00000266524.2	0	0	0	5
ENSG00000266560.5	0	0	0	3
ENSG00000266578.1	0	0	0	2
ENSG00000266642.2	17	17	15	5
ENSG00000266677.1	5	7	12	12
ENSG00000266680.1	30	3	7	56
ENSG00000266709.1	0	1	10	12
ENSG00000266714.8	2535	282	364	2303
ENSG00000266733.6	1	7	2	3
ENSG00000266777.1	9	4	6	24
ENSG00000266783.1	5	3	2	13
ENSG00000266805.1	1	9	2	1
ENSG00000266821.1	1	0	0	1
ENSG00000266835.5	0	0	0	1
ENSG00000266850.1	0	0	0	2
ENSG00000266865.6	18	26	7	7
ENSG00000266869.1	0	0	11	18
ENSG00000266885.2	11	0	0	0
ENSG00000266896.1	24	14	35	23
ENSG00000266897.1	0	9	0	0
ENSG00000266903.1	6	3	7	32
ENSG00000266904.5	24	23	44	49
ENSG00000266907.1	1	1	1	1
ENSG00000266910.2	14	27	3	49
ENSG00000266916.5	18	3	12	38
ENSG00000266918.1	1	3	6	1
ENSG00000266921.1	17	3	25	18
ENSG00000266933.2	2	24	2	7
ENSG00000266934.1	3	1	2	3
ENSG00000266947.1	63	24	18	101
ENSG00000266950.1	3	1	0	1
ENSG00000266962.2	243	307	80	229
ENSG00000266964.5	37	6	37	33
ENSG00000266967.6	121	259	69	172
ENSG00000266968.2	2	0	1	4
ENSG00000266970.1	8	24	13	42
ENSG00000266978.1	2	16	1	4
ENSG00000266980.1	5	0	2	6
ENSG00000266992.1	2	1	1	35
ENSG00000266993.3	7	17	5	6
ENSG00000266998.1	1	2	1	5
ENSG00000267002.3	261	730	205	380
ENSG00000267007.1	0	2	5	10
ENSG00000267009.6	2	2	2	2
ENSG00000267014.5	1	0	0	13
ENSG00000267023.5	26	25	12	8
ENSG00000267026.5	9	18	7	3
ENSG00000267030.1	2	2	0	7
ENSG00000267034.1	24	5	9	18
ENSG00000267040.6	37	33	7	66
ENSG00000267041.5	257	27	148	181
ENSG00000267042.1	8	1	2	2
ENSG00000267049.1	0	2	4	2
ENSG00000267053.6	8	0	10	16
ENSG00000267056.2	3	7	100	38
ENSG00000267058.1	5	7	50	32
ENSG00000267060.5	9	22	2	14
ENSG00000267062.1	4	18	3	1
ENSG00000267064.1	3	9	13	18
ENSG00000267065.2	8	1	0	1
ENSG00000267069.1	16	4	3	16
ENSG00000267072.2	1	4	2	3
ENSG00000267077.1	1	3	5	13
ENSG00000267078.1	15	10	22	4
ENSG00000267080.5	143	138	51	319
ENSG00000267091.1	2	0	5	6
ENSG00000267096.1	11	8	22	40
ENSG00000267100.1	179	847	144	527
ENSG00000267102.1	24	4	2	30
ENSG00000267105.1	0	4	0	2
ENSG00000267106.5	110	36	51	97
ENSG00000267121.5	38	10	28	281
ENSG00000267122.1	8	4	2	4
ENSG00000267123.6	3	8	3	1
ENSG00000267124.2	1	9	4	2
ENSG00000267125.2	2	2	5	6
ENSG00000267127.7	42	19	7	10
ENSG00000267128.1	90	70	7	24
ENSG00000267140.1	0	1	2	4
ENSG00000267142.1	1	0	1	4
ENSG00000267147.2	0	3	2	2
ENSG00000267152.1	25	19	41	24
ENSG00000267160.1	14	18	0	4
ENSG00000267165.1	38	32	20	53
ENSG00000267169.1	39	25	53	70
ENSG00000267172.1	1	0	0	8
ENSG00000267179.1	5	4	1	1
ENSG00000267185.1	1	7	0	9
ENSG00000267199.1	59	15	82	274
ENSG00000267201.1	0	4	0	1
ENSG00000267213.4	6	3	0	19
ENSG00000267216.1	30	5	30	78
ENSG00000267219.1	1	3	2	6
ENSG00000267221.2	70	85	28	94
ENSG00000267226.2	2	7	2	12
ENSG00000267244.5	14	11	33	9
ENSG00000267248.1	3	2	4	28
ENSG00000267249.1	8	3	13	22
ENSG00000267251.2	19	8	0	0
ENSG00000267253.1	0	0	0	5
ENSG00000267254.5	56	6	37	60
ENSG00000267259.1	12	1	6	36
ENSG00000267260.1	55	0	22	8
ENSG00000267263.1	0	0	0	6
ENSG00000267264.1	2	2	5	1
ENSG00000267265.5	7	6	1	10
ENSG00000267270.5	62	14	6	33
ENSG00000267272.5	12	6	46	32
ENSG00000267274.1	0	4	0	0
ENSG00000267277.1	4	20	5	26
ENSG00000267278.5	62	21	19	102
ENSG00000267280.5	21	1	1	0
ENSG00000267281.2	37	66	12	39
ENSG00000267283.1	3	8	9	20
ENSG00000267284.1	11	2	3	19
ENSG00000267287.1	0	0	4	15
ENSG00000267288.2	237	46	90	234
ENSG00000267289.1	0	3	1	3
ENSG00000267291.1	3	0	0	5
ENSG00000267296.2	12	4	16	40
ENSG00000267302.5	0	2	0	1
ENSG00000267308.1	9	38	17	8
ENSG00000267309.1	19	4	19	60
ENSG00000267313.7	152	0	156	79
ENSG00000267314.1	0	6	0	1
ENSG00000267317.2	31	6	11	87
ENSG00000267321.2	74	104	52	218
ENSG00000267322.2	15	5	12	80
ENSG00000267323.1	2	1	5	3
ENSG00000267327.1	20	4	8	21
ENSG00000267328.1	0	0	3	4
ENSG00000267336.1	1	1	2	2
ENSG00000267342.1	0	0	1	2
ENSG00000267344.1	3	2	2	5
ENSG00000267348.2	7	4	2	0
ENSG00000267352.1	4	5	4	4
ENSG00000267353.1	12	0	5	3
ENSG00000267364.1	0	1	3	139
ENSG00000267365.1	10	8	2	4
ENSG00000267368.1	28	23	19	89
ENSG00000267370.1	11	12	3	10
ENSG00000267374.1	4	8	0	30
ENSG00000267383.6	21	127	15	15
ENSG00000267385.1	1	3	12	40
ENSG00000267387.1	0	4	1	2
ENSG00000267390.1	10	4	4	14
ENSG00000267395.5	9	3	7	9
ENSG00000267396.1	3	0	0	0
ENSG00000267397.1	2	0	2	10
ENSG00000267414.1	3	1	3	38
ENSG00000267419.2	1	10	15	13
ENSG00000267421.6	1	0	2	2
ENSG00000267422.1	3	0	5	7
ENSG00000267424.1	0	0	0	1
ENSG00000267426.5	3	1	0	2
ENSG00000267430.1	1	0	0	6
ENSG00000267432.5	2	0	0	5
ENSG00000267436.1	16	15	30	20
ENSG00000267439.1	4	3	2	13
ENSG00000267440.1	4	4	0	2
ENSG00000267453.7	0	13	0	0
ENSG00000267454.5	5	1	27	19
ENSG00000267459.1	2	4	7	7
ENSG00000267466.1	42	19	6	5
ENSG00000267469.1	19	8	11	14
ENSG00000267470.5	47	31	37	35
ENSG00000267472.1	0	0	0	12
ENSG00000267474.1	1	1	3	6
ENSG00000267475.1	0	7	7	12
ENSG00000267481.1	29	24	16	13
ENSG00000267484.1	3	2	0	1
ENSG00000267493.3	3	3	8	5
ENSG00000267498.1	2	1	0	5
ENSG00000267500.1	3	30	4	16
ENSG00000267504.1	1	4	0	0
ENSG00000267506.5	692	283	62	130
ENSG00000267508.5	119	6	122	106
ENSG00000267512.1	4	79	8	7
ENSG00000267515.1	0	0	2	11
ENSG00000267519.6	487	1830	1140	2977
ENSG00000267521.1	0	0	0	3
ENSG00000267523.1	9	4	24	8
ENSG00000267530.2	68	96	124	223
ENSG00000267532.5	73	147	61	47
ENSG00000267533.1	1	1	0	9
ENSG00000267534.3	239	185	36	390
ENSG00000267541.1	1	14	8	17
ENSG00000267546.2	1	3	0	2
ENSG00000267547.1	8	0	3	14
ENSG00000267549.5	2	1	0	5
ENSG00000267568.6	3	0	0	4
ENSG00000267571.1	2	3	1	0
ENSG00000267575.6	57	107	221	503
ENSG00000267576.1	16	64	35	28
ENSG00000267577.1	1	4	0	2
ENSG00000267586.6	5	0	2	4
ENSG00000267598.1	105	654	93	148
ENSG00000267601.1	25	9	2	20
ENSG00000267605.5	5	0	6	3
ENSG00000267607.1	66	26	32	32
ENSG00000267632.1	23	24	12	37
ENSG00000267633.1	0	17	3	6
ENSG00000267640.6	103	62	206	352
ENSG00000267648.1	3	0	0	3
ENSG00000267649.1	1	0	1	6
ENSG00000267651.1	5	1	6	11
ENSG00000267655.1	4	0	1	0
ENSG00000267665.1	2	113	31	67
ENSG00000267666.2	3	1	4	6
ENSG00000267673.6	64	149	58	240
ENSG00000267679.1	0	0	2	15
ENSG00000267680.5	416	182	640	875
ENSG00000267681.1	2	5	6	12
ENSG00000267688.1	0	0	4	1
ENSG00000267698.1	4	1	6	12
ENSG00000267699.2	1	1	2	1
ENSG00000267702.1	3	6	9	39
ENSG00000267706.3	1	0	1	14
ENSG00000267707.2	5	2	9	17
ENSG00000267724.1	4	7	7	6
ENSG00000267731.1	14	7	2	7
ENSG00000267733.5	11	1	53	51
ENSG00000267736.2	0	0	0	1
ENSG00000267737.1	1	1	1	3
ENSG00000267740.5	8	1	0	0
ENSG00000267741.1	1	4	0	4
ENSG00000267742.1	6	9	0	1
ENSG00000267745.1	15	7	9	43
ENSG00000267748.4	12	0	8	19
ENSG00000267750.5	31	13	26	82
ENSG00000267751.5	2	24	7	22
ENSG00000267757.4	6	6	8	15
ENSG00000267767.2	28	7	2	11
ENSG00000267776.1	2	0	4	4
ENSG00000267787.6	38	10	2	44
ENSG00000267795.5	668	357	1389	1099
ENSG00000267796.7	76	32	145	313
ENSG00000267799.1	0	2	1	7
ENSG00000267801.1	19	43	10	57
ENSG00000267809.1	69	61	29	103
ENSG00000267811.1	0	12	2	5
ENSG00000267815.1	5	1	3	1
ENSG00000267834.1	8	12	1	5
ENSG00000267838.2	12	2	17	23
ENSG00000267855.5	58	127	29	111
ENSG00000267858.5	18	24	34	366
ENSG00000267868.1	5	15	3	54
ENSG00000267871.5	2	4	2	5
ENSG00000267879.1	0	3	0	0
ENSG00000267882.2	4	5	2	5
ENSG00000267886.1	15	4	5	31
ENSG00000267892.1	37	12	17	113
ENSG00000267898.1	2	0	2	4
ENSG00000267904.1	4	46	14	30
ENSG00000267908.2	0	7	3	1
ENSG00000267934.1	10	2	5	4
ENSG00000267939.1	2	5	1	4
ENSG00000267940.1	21	15	12	21
ENSG00000267978.5	13	0	0	558
ENSG00000267980.1	9	7	7	5
ENSG00000268001.1	26	4	15	25
ENSG00000268006.1	92	31	24	36
ENSG00000268030.1	22	21	42	15
ENSG00000268034.1	10	4	0	4
ENSG00000268041.2	5	3	9	14
ENSG00000268043.7	896	381	554	787
ENSG00000268049.1	4	1	4	234
ENSG00000268050.2	1	0	0	2
ENSG00000268061.5	15	47	18	21
ENSG00000268066.5	0	1	4	1
ENSG00000268069.2	54	33	56	55
ENSG00000268081.1	9	3	4	0
ENSG00000268087.1	0	13	4	4
ENSG00000268089.2	49	7	2	21
ENSG00000268100.1	1	1	1	0
ENSG00000268104.2	3	7	0	0
ENSG00000268119.5	151	147	76	108
ENSG00000268120.1	15	22	5	9
ENSG00000268129.1	7	13	11	40
ENSG00000268140.1	2	0	0	0
ENSG00000268149.1	3	3	2	5
ENSG00000268163.1	6	0	7	38
ENSG00000268182.5	12	0	10	24
ENSG00000268189.2	79	65	201	254
ENSG00000268199.2	2	3	11	11
ENSG00000268201.1	7	6	11	34
ENSG00000268204.1	48	27	18	52
ENSG00000268205.1	749	535	858	2792
ENSG00000268218.1	2	5	2	3
ENSG00000268220.1	52	38	67	39
ENSG00000268222.1	3	4	4	6
ENSG00000268223.5	0	0	12	0
ENSG00000268225.2	26	55	44	14
ENSG00000268230.5	5	4	11	117
ENSG00000268234.1	0	0	0	6
ENSG00000268262.1	2	0	2	41
ENSG00000268266.1	3	1	0	3
ENSG00000268292.1	0	0	3	2
ENSG00000268307.1	2	0	13	12
ENSG00000268320.3	0	0	1	0
ENSG00000268333.1	11	1	1	15
ENSG00000268350.7	2	21	12	28
ENSG00000268357.1	3	10	3	12
ENSG00000268362.5	32	9	97	113
ENSG00000268364.1	11	8	13	17
ENSG00000268366.1	4	0	2	6
ENSG00000268379.1	6	3	4	13
ENSG00000268400.5	0	1	0	3
ENSG00000268401.1	2	2	1	2
ENSG00000268403.2	33	15	18	63
ENSG00000268416.1	3	7	2	0
ENSG00000268460.1	3	3	95	24
ENSG00000268471.6	83	40	99	42
ENSG00000268509.2	4	5	9	4
ENSG00000268516.2	51	11	45	160
ENSG00000268521.1	5	4	2	5
ENSG00000268530.5	1	1	1	2
ENSG00000268543.1	0	0	0	13
ENSG00000268573.1	22	14	24	50
ENSG00000268575.1	128	127	102	94
ENSG00000268584.1	14	2	4	36
ENSG00000268592.3	7	5	5	17
ENSG00000268603.1	2	2	0	0
ENSG00000268614.1	6	2	1	2
ENSG00000268621.5	20	104	2054	859
ENSG00000268628.2	114	4	15	22
ENSG00000268635.2	4	10	2	3
ENSG00000268649.5	11	0	5	33
ENSG00000268650.3	1	0	0	4
ENSG00000268655.2	4	0	1	5
ENSG00000268658.5	102	128	55	60
ENSG00000268660.1	4	1	3	6
ENSG00000268670.1	4	2	2	6
ENSG00000268686.1	43	0	29	35
ENSG00000268696.2	0	0	4	12
ENSG00000268707.1	1	1	0	2
ENSG00000268713.1	29	9	27	129
ENSG00000268734.1	2	0	3	5
ENSG00000268744.1	5	18	2	1
ENSG00000268750.6	18	10	9	73
ENSG00000268751.1	6	5	5	26
ENSG00000268758.7	9	14	0	7
ENSG00000268785.1	1	1	0	2
ENSG00000268798.1	1	0	2	9
ENSG00000268812.3	1	2	21	31
ENSG00000268834.2	0	12	0	0
ENSG00000268854.1	3	1	5	0
ENSG00000268858.2	453	113	447	556
ENSG00000268869.5	43	61	6	51
ENSG00000268879.1	0	0	8	0
ENSG00000268883.2	0	5	7	98
ENSG00000268895.5	36	6	116	573
ENSG00000268903.1	17	0	7	14
ENSG00000268906.1	0	1	2	2
ENSG00000268912.1	28	17	6	79
ENSG00000268916.6	0	0	0	2
ENSG00000268940.5	0	0	9	617
ENSG00000268941.2	3	3	3	5
ENSG00000268942.2	3	2	0	4
ENSG00000268945.1	7	12	4	26
ENSG00000268947.1	17	17	11	28
ENSG00000268964.1	15	1	16	5
ENSG00000268970.1	3	2	2	0
ENSG00000268975.2	2	1	2	11
ENSG00000268983.1	1	0	1	5
ENSG00000268996.3	18	49	25	37
ENSG00000269001.2	333	104	140	127
ENSG00000269019.1	1	1	1	2
ENSG00000269026.2	0	0	1	9
ENSG00000269028.3	100	237	87	559
ENSG00000269038.1	2	1	5	6
ENSG00000269044.2	103	500	123	405
ENSG00000269053.1	1	0	0	6
ENSG00000269054.1	4	6	5	44
ENSG00000269058.5	1	3	0	2
ENSG00000269067.1	0	0	7	2
ENSG00000269068.1	8	13	0	2
ENSG00000269069.1	20	10	62	73
ENSG00000269072.1	31	0	1	3
ENSG00000269096.6	0	0	6	11
ENSG00000269113.3	0	1	0	6
ENSG00000269138.1	4	0	1	0
ENSG00000269139.2	7	0	0	4
ENSG00000269154.1	0	0	0	5
ENSG00000269155.2	60	36	12	40
ENSG00000269176.2	19	11	16	25
ENSG00000269190.5	90	23	149	631
ENSG00000269194.1	1	2	1	0
ENSG00000269210.2	3	0	3	19
ENSG00000269220.1	0	1	25	3
ENSG00000269226.7	3	1	0	3
ENSG00000269235.1	1	1	5	0
ENSG00000269242.1	0	2	2	5
ENSG00000269243.1	21	65	28	43
ENSG00000269275.1	0	2	1	10
ENSG00000269289.5	3	0	0	0
ENSG00000269293.2	11	7	55	76
ENSG00000269313.5	51	166	92	154
ENSG00000269318.1	25	10	12	38
ENSG00000269335.5	85	156	191	166
ENSG00000269343.6	182	124	228	854
ENSG00000269352.1	80	36	39	58
ENSG00000269364.1	3	0	1	1
ENSG00000269374.1	21	22	27	25
ENSG00000269378.1	26	6	11	41
ENSG00000269386.5	87	104	44	75
ENSG00000269388.1	7	0	8	27
ENSG00000269397.1	14	8	8	6
ENSG00000269399.2	7	23	10	28
ENSG00000269400.1	0	2	2	2
ENSG00000269404.6	1	0	4	2
ENSG00000269416.5	62	67	28	51
ENSG00000269421.1	3	0	2	0
ENSG00000269427.1	2	0	3	0
ENSG00000269439.5	11	36	11	43
ENSG00000269463.1	1	1	4	0
ENSG00000269466.3	6	0	0	1
ENSG00000269473.1	6	2	4	52
ENSG00000269476.1	4	2	4	17
ENSG00000269481.1	0	0	3	0
ENSG00000269482.1	1	0	1	0
ENSG00000269486.2	4	1	18	32
ENSG00000269489.1	1	1	3	3
ENSG00000269495.1	4	8	16	1
ENSG00000269514.2	0	0	8	8
ENSG00000269516.6	1	4	2	18
ENSG00000269526.1	4	0	5	0
ENSG00000269533.5	2	0	2	8
ENSG00000269556.7	135	490	177	356
ENSG00000269559.2	6	4	1	14
ENSG00000269560.1	0	3	2	0
ENSG00000269570.2	9	7	10	5
ENSG00000269578.1	0	7	3	0
ENSG00000269583.1	0	0	4	2
ENSG00000269586.7	0	0	9	104
ENSG00000269604.1	37	52	49	35
ENSG00000269609.5	171	385	266	740
ENSG00000269621.1	3	0	2	7
ENSG00000269653.1	0	0	2	8
ENSG00000269680.1	39	16	8	21
ENSG00000269688.1	8	1	6	27
ENSG00000269693.1	9	31	11	5
ENSG00000269696.1	14	6	6	50
ENSG00000269713.7	406	369	374	867
ENSG00000269720.2	4	13	12	6
ENSG00000269737.2	27	12	7	3
ENSG00000269743.2	22	21	34	22
ENSG00000269792.1	0	1	1	4
ENSG00000269793.6	22	6	1	4
ENSG00000269813.1	0	5	2	3
ENSG00000269815.1	1	4	2	11
ENSG00000269821.1	518	204	394	1463
ENSG00000269825.1	183	88	50	16
ENSG00000269834.5	349	14	66	67
ENSG00000269837.1	195	148	170	386
ENSG00000269846.1	2	0	0	11
ENSG00000269855.2	2	0	4	12
ENSG00000269858.5	349	177	537	1533
ENSG00000269867.1	2	4	4	4
ENSG00000269881.1	7	1	2	15
ENSG00000269887.1	6	15	3	14
ENSG00000269889.1	4	0	3	1
ENSG00000269890.1	34	5	8	12
ENSG00000269892.1	3	8	4	2
ENSG00000269893.6	369	481	844	1366
ENSG00000269894.1	7	4	16	27
ENSG00000269896.2	26	137	10	166
ENSG00000269899.1	2	1	1	2
ENSG00000269902.1	0	3	5	6
ENSG00000269903.1	1	4	2	7
ENSG00000269904.2	1	6	0	1
ENSG00000269906.1	7	8	8	18
ENSG00000269910.1	1	13	10	6
ENSG00000269918.1	49	107	43	88
ENSG00000269924.1	3	5	2	5
ENSG00000269925.1	1	2	2	5
ENSG00000269926.1	9	128	48	46
ENSG00000269929.1	65	182	166	120
ENSG00000269930.1	3	2	2	0
ENSG00000269934.1	5	4	8	9
ENSG00000269937.1	3	3	6	3
ENSG00000269938.1	2	5	0	4
ENSG00000269939.1	20	72	50	55
ENSG00000269940.1	33	22	29	40
ENSG00000269947.1	4	4	4	19
ENSG00000269951.1	8	27	5	15
ENSG00000269952.1	2	0	1	3
ENSG00000269958.1	69	54	96	99
ENSG00000269959.1	4	5	16	7
ENSG00000269961.1	1	1	1	8
ENSG00000269964.3	0	0	2	4
ENSG00000269967.1	1	2	1	1
ENSG00000269968.1	87	195	264	316
ENSG00000269973.1	96	101	35	157
ENSG00000269974.1	0	3	3	5
ENSG00000269981.1	8	1	4	8
ENSG00000269982.1	20	30	15	132
ENSG00000269984.1	76	11	9	10
ENSG00000269987.1	8	3	6	6
ENSG00000269997.1	6	1	3	3
ENSG00000270000.1	4	1	1	2
ENSG00000270001.1	2	3	0	11
ENSG00000270002.1	4	0	8	23
ENSG00000270011.7	2	4	5	13
ENSG00000270012.1	17	31	16	159
ENSG00000270015.1	90	158	202	208
ENSG00000270016.1	2	1	3	2
ENSG00000270019.1	4	5	6	16
ENSG00000270020.1	2	8	3	7
ENSG00000270021.1	19	10	11	57
ENSG00000270035.1	5	5	2	17
ENSG00000270038.1	0	2	19	17
ENSG00000270039.1	20	22	3	17
ENSG00000270049.2	11	8	47	34
ENSG00000270055.1	64	122	132	109
ENSG00000270060.1	3	4	8	6
ENSG00000270062.1	2	2	1	2
ENSG00000270069.1	100	157	191	256
ENSG00000270074.1	7	8	1	11
ENSG00000270076.1	1	3	4	10
ENSG00000270084.1	2	4	0	6
ENSG00000270091.1	12	8	4	32
ENSG00000270096.1	36	23	15	21
ENSG00000270100.1	6	4	2	8
ENSG00000270104.1	1	1	2	1
ENSG00000270108.1	2	11	4	7
ENSG00000270112.3	0	1	0	2
ENSG00000270115.1	1	2	0	11
ENSG00000270127.2	52	7	159	31
ENSG00000270135.1	14	4	2	5
ENSG00000270137.1	2	0	3	2
ENSG00000270149.5	81	62	39	40
ENSG00000270157.1	43	21	28	52
ENSG00000270164.1	0	0	2	9
ENSG00000270165.1	4	0	2	1
ENSG00000270168.2	2	1	2	34
ENSG00000270170.1	566	285	386	905
ENSG00000270171.1	5	4	0	14
ENSG00000270175.1	4	2	0	7
ENSG00000270177.1	6	5	2	7
ENSG00000270179.1	8	20	13	12
ENSG00000270190.1	2	1	4	3
ENSG00000270194.1	9	22	19	32
ENSG00000270195.1	13	4	4	11
ENSG00000270210.1	7	4	5	10
ENSG00000270225.1	3	3	1	13
ENSG00000270228.1	10	11	6	6
ENSG00000270231.3	148	439	254	454
ENSG00000270240.2	4	3	1	5
ENSG00000270276.2	3	6	0	4
ENSG00000270277.1	10	0	15	43
ENSG00000270332.1	0	1	0	4
ENSG00000270343.1	8	6	6	19
ENSG00000270344.2	52	43	30	100
ENSG00000270362.1	64	3	52	87
ENSG00000270392.2	1	11	12	4
ENSG00000270393.1	0	1	1	23
ENSG00000270419.1	11	5	18	21
ENSG00000270426.1	1	3	5	2
ENSG00000270441.1	0	3	0	3
ENSG00000270460.1	5	0	0	4
ENSG00000270482.1	0	0	0	3
ENSG00000270503.1	1	1	2	1
ENSG00000270504.1	186	22	48	616
ENSG00000270532.1	0	3	1	2
ENSG00000270547.5	0	5	44	23
ENSG00000270557.1	7	4	9	7
ENSG00000270558.1	7	6	10	7
ENSG00000270562.1	3	5	2	4
ENSG00000270571.2	15	18	13	25
ENSG00000270574.1	17	7	16	32
ENSG00000270578.1	0	2	3	2
ENSG00000270580.5	28	10	27	37
ENSG00000270589.1	5	33	1	20
ENSG00000270604.5	0	1	2	3
ENSG00000270605.1	40	92	47	28
ENSG00000270607.1	13	7	5	84
ENSG00000270617.1	0	5	0	2
ENSG00000270629.5	354	178	192	596
ENSG00000270638.1	0	3	0	9
ENSG00000270641.1	872	13	15	545
ENSG00000270647.5	2714	1578	1326	3878
ENSG00000270659.1	3	10	4	7
ENSG00000270670.1	12	0	1	11
ENSG00000270673.1	6	8	4	0
ENSG00000270681.1	0	4	1	9
ENSG00000270689.1	2	0	5	4
ENSG00000270696.1	72	59	82	70
ENSG00000270757.1	9	1	3	0
ENSG00000270761.1	1	2	0	4
ENSG00000270765.5	4	28	6	24
ENSG00000270800.3	6	1	14	26
ENSG00000270804.1	92	19	40	418
ENSG00000270813.2	1	2	0	0
ENSG00000270816.5	0	0	0	5
ENSG00000270820.5	25	32	14	27
ENSG00000270823.1	173	36	23	62
ENSG00000270872.2	20	8	7	8
ENSG00000270876.1	1	5	10	9
ENSG00000270878.1	5	10	27	9
ENSG00000270882.2	8	26	7	20
ENSG00000270885.1	20	22	9	445
ENSG00000270890.1	2	0	3	1
ENSG00000270923.1	10	3	8	11
ENSG00000270933.1	3	1	5	83
ENSG00000270938.1	0	0	2	1
ENSG00000270948.1	9	0	0	2
ENSG00000270953.1	16	1	2	11
ENSG00000270956.1	5	1	0	10
ENSG00000270959.1	142	81	30	258
ENSG00000270964.1	5	6	7	16
ENSG00000270972.1	2	2	0	10
ENSG00000270977.1	21	18	5	28
ENSG00000270996.1	4	4	2	10
ENSG00000271009.3	7	2	13	7
ENSG00000271011.1	3	3	1	2
ENSG00000271013.1	12	4	0	12
ENSG00000271079.1	0	6	25	48
ENSG00000271086.6	5	1	3	3
ENSG00000271092.5	5	7	6	9
ENSG00000271095.1	0	1	7	3
ENSG00000271109.1	7	2	5	10
ENSG00000271119.1	0	2	2	1
ENSG00000271122.1	170	408	164	640
ENSG00000271133.5	13	19	41	84
ENSG00000271141.1	10	3	6	16
ENSG00000271147.7	59	21	26	90
ENSG00000271151.1	1	4	10	21
ENSG00000271155.1	7	16	11	29
ENSG00000271156.1	8	4	1	1
ENSG00000271200.1	1	3	2	24
ENSG00000271259.1	4	2	0	1
ENSG00000271270.6	28	132	96	166
ENSG00000271303.1	116	88	120	222
ENSG00000271327.1	26	20	9	45
ENSG00000271335.5	21	30	17	76
ENSG00000271344.1	5	22	5	91
ENSG00000271361.1	5	1	11	5
ENSG00000271380.1	19	13	15	62
ENSG00000271382.1	3	0	1	3
ENSG00000271383.6	659	347	282	982
ENSG00000271387.1	2	2	0	13
ENSG00000271425.7	219	87	81	219
ENSG00000271427.1	1	1	0	4
ENSG00000271447.5	0	23	16	48
ENSG00000271452.1	6	9	2	1
ENSG00000271474.1	4	3	7	0
ENSG00000271503.5	23	13	12	16
ENSG00000271524.1	2	0	1	2
ENSG00000271533.1	77	96	188	353
ENSG00000271538.5	5	2	3	3
ENSG00000271551.2	3	1	0	7
ENSG00000271553.1	20	9	21	73
ENSG00000271576.1	10	16	2	24
ENSG00000271580.1	1	1	0	0
ENSG00000271581.1	96	6	208	109
ENSG00000271584.2	3	7	3	2
ENSG00000271590.1	9	0	11	5
ENSG00000271601.3	61	308	220	572
ENSG00000271605.5	16	15	25	15
ENSG00000271614.1	40	18	23	58
ENSG00000271643.2	201	199	214	260
ENSG00000271646.1	35	21	21	78
ENSG00000271647.1	3	7	1	11
ENSG00000271659.1	0	1	1	4
ENSG00000271698.1	0	2	1	6
ENSG00000271714.1	1	0	0	13
ENSG00000271723.5	2	9	0	11
ENSG00000271730.1	12	4	0	2
ENSG00000271734.1	4	0	1	4
ENSG00000271737.1	1	9	1	3
ENSG00000271741.1	0	1	0	6
ENSG00000271743.1	4	24	6	7
ENSG00000271746.1	2	4	0	11
ENSG00000271754.1	24	46	20	23
ENSG00000271755.1	74	7	12	5
ENSG00000271757.1	2	5	0	2
ENSG00000271778.1	5	1	15	19
ENSG00000271780.1	27	16	10	50
ENSG00000271781.1	2	7	14	19
ENSG00000271784.1	0	0	6	8
ENSG00000271788.1	2	1	1	4
ENSG00000271789.1	5	3	3	11
ENSG00000271795.1	4	12	20	19
ENSG00000271797.1	0	0	0	5
ENSG00000271806.1	0	1	3	4
ENSG00000271816.1	6	4	5	24
ENSG00000271821.1	0	1	3	3
ENSG00000271826.5	7	0	0	40
ENSG00000271828.1	1	10	3	1
ENSG00000271830.1	0	0	0	10
ENSG00000271833.1	1	5	6	5
ENSG00000271851.1	6	9	8	24
ENSG00000271853.5	11	2	4	8
ENSG00000271855.1	10	5	11	25
ENSG00000271856.1	88	8	7	169
ENSG00000271857.1	4	10	0	3
ENSG00000271858.5	14	23	15	47
ENSG00000271862.1	22	10	11	21
ENSG00000271869.1	13	10	7	18
ENSG00000271870.1	13	20	29	19
ENSG00000271871.1	0	2	1	2
ENSG00000271880.1	7	0	0	8
ENSG00000271888.1	4	6	0	7
ENSG00000271895.2	68	106	124	207
ENSG00000271913.6	5	4	3	11
ENSG00000271914.1	0	1	1	2
ENSG00000271918.1	15	6	12	50
ENSG00000271926.1	5	7	0	4
ENSG00000271930.1	0	1	1	1
ENSG00000271933.1	6	2	18	10
ENSG00000271936.1	12	21	6	26
ENSG00000271937.1	0	2	0	4
ENSG00000271947.1	0	1	0	1
ENSG00000271959.1	64	20	190	330
ENSG00000271964.1	1	4	3	3
ENSG00000271966.1	13	9	1	32
ENSG00000271967.1	1	0	2	0
ENSG00000271969.1	4	1	0	2
ENSG00000271971.1	42	14	14	25
ENSG00000271976.1	67	157	55	83
ENSG00000271978.1	7	0	5	1
ENSG00000271980.1	52	91	80	30
ENSG00000271983.1	2	0	3	11
ENSG00000271984.1	3	4	6	4
ENSG00000271989.1	1	0	0	3
ENSG00000271992.1	0	0	2	2
ENSG00000271993.1	7	8	3	3
ENSG00000272004.1	0	0	1	3
ENSG00000272008.1	8	1	4	5
ENSG00000272009.1	8	7	6	30
ENSG00000272010.1	17	15	1	14
ENSG00000272017.1	8	1	6	7
ENSG00000272030.1	14	13	10	40
ENSG00000272031.2	1	4	14	22
ENSG00000272037.1	3	10	2	1
ENSG00000272040.1	3	13	5	8
ENSG00000272047.2	402	249	154	278
ENSG00000272049.1	0	0	3	0
ENSG00000272054.1	50	21	27	21
ENSG00000272056.1	0	3	2	8
ENSG00000272057.1	0	0	6	7
ENSG00000272068.1	118	10	0	4
ENSG00000272070.1	33	10	38	23
ENSG00000272072.1	6	3	2	5
ENSG00000272076.1	1	5	0	1
ENSG00000272077.1	13	14	40	50
ENSG00000272078.1	36	25	9	21
ENSG00000272079.2	42	31	54	138
ENSG00000272081.1	5	6	0	4
ENSG00000272084.1	14	6	6	26
ENSG00000272086.1	11	32	5	20
ENSG00000272087.1	0	10	83	39
ENSG00000272092.1	6	4	2	9
ENSG00000272097.1	9	2	4	10
ENSG00000272103.2	1	7	5	6
ENSG00000272106.1	73	125	69	160
ENSG00000272108.1	120	33	31	21
ENSG00000272112.1	3	4	9	4
ENSG00000272115.1	3	7	3	2
ENSG00000272121.1	0	1	0	3
ENSG00000272129.1	12	8	14	15
ENSG00000272137.1	0	1	4	3
ENSG00000272138.1	2	2	0	2
ENSG00000272140.2	35	6	36	43
ENSG00000272141.1	94	77	73	111
ENSG00000272142.1	11	17	11	27
ENSG00000272143.1	12	0	1	3
ENSG00000272144.1	0	3	7	3
ENSG00000272145.1	27	36	54	77
ENSG00000272146.5	0	7	2	1
ENSG00000272150.5	20	13	19	14
ENSG00000272153.1	1	6	4	17
ENSG00000272155.1	2	0	2	5
ENSG00000272156.1	1	1	0	8
ENSG00000272159.1	15	12	3	5
ENSG00000272163.1	1	53	0	0
ENSG00000272168.6	5	0	4	5
ENSG00000272170.1	1	0	2	9
ENSG00000272173.1	23	32	10	37
ENSG00000272181.1	1	3	2	2
ENSG00000272182.1	1	3	9	3
ENSG00000272183.1	10	2	2	1
ENSG00000272189.1	21	10	25	71
ENSG00000272192.1	1	1	1	4
ENSG00000272195.1	4	16	7	70
ENSG00000272196.2	0	0	3	10
ENSG00000272202.1	1	5	2	5
ENSG00000272205.1	0	3	2	10
ENSG00000272209.1	5	13	2	14
ENSG00000272217.1	1	2	4	10
ENSG00000272221.1	16	10	22	14
ENSG00000272223.1	11	2	3	6
ENSG00000272226.1	0	1	1	5
ENSG00000272247.1	0	0	0	3
ENSG00000272256.1	26	16	7	47
ENSG00000272263.1	3	1	1	4
ENSG00000272264.1	7	0	1	2
ENSG00000272267.2	37	25	17	19
ENSG00000272269.1	31	16	28	34
ENSG00000272273.1	6	7	13	10
ENSG00000272274.1	0	0	2	2
ENSG00000272275.1	3	1	1	4
ENSG00000272277.1	11	9	6	24
ENSG00000272279.1	5	3	5	1
ENSG00000272288.5	9	10	33	42
ENSG00000272293.1	12	4	2	13
ENSG00000272301.1	5	8	13	5
ENSG00000272305.5	1	4	1	1
ENSG00000272308.1	1	3	1	4
ENSG00000272316.1	80	127	51	57
ENSG00000272320.1	3	0	1	6
ENSG00000272321.1	0	0	1	9
ENSG00000272323.1	13	19	7	21
ENSG00000272325.1	1405	877	1020	1448
ENSG00000272328.1	13	3	9	2
ENSG00000272333.5	1098	783	1722	5377
ENSG00000272335.1	110	262	89	107
ENSG00000272338.2	6	9	6	6
ENSG00000272341.1	36	33	42	102
ENSG00000272343.1	5	1	0	4
ENSG00000272345.1	16	9	29	21
ENSG00000272347.1	0	0	7	20
ENSG00000272356.1	23	40	21	41
ENSG00000272361.2	5	3	1	12
ENSG00000272368.2	2	13	22	17
ENSG00000272370.1	2	1	0	0
ENSG00000272374.1	13	4	28	103
ENSG00000272375.1	7	13	6	4
ENSG00000272379.1	8	2	22	24
ENSG00000272384.1	25	3	49	19
ENSG00000272391.5	1107	1184	1972	1586
ENSG00000272398.5	19126	8965	14907	18348
ENSG00000272405.1	207	31	0	15
ENSG00000272416.1	0	3	1	2
ENSG00000272417.1	0	2	4	4
ENSG00000272419.6	231	2	66	328
ENSG00000272420.1	3	7	1	26
ENSG00000272425.1	2	7	2	3
ENSG00000272431.1	0	0	1	1
ENSG00000272434.1	0	2	2	3
ENSG00000272444.1	0	7	1	8
ENSG00000272447.1	29	14	8	127
ENSG00000272449.2	18	1	3	10
ENSG00000272455.1	39	31	63	92
ENSG00000272461.1	4	0	0	13
ENSG00000272462.2	87	27	227	216
ENSG00000272463.1	0	0	0	4
ENSG00000272465.1	10	4	2	4
ENSG00000272468.1	1	3	5	18
ENSG00000272473.1	3	9	2	14
ENSG00000272476.1	16	14	12	36
ENSG00000272482.1	2	13	7	7
ENSG00000272491.1	5	2	1	2
ENSG00000272498.1	1	6	3	5
ENSG00000272501.1	17	9	32	103
ENSG00000272502.1	5	3	7	23
ENSG00000272505.1	39	18	9	27
ENSG00000272506.1	3	5	0	5
ENSG00000272508.1	5	0	1	10
ENSG00000272512.1	59	2	7	119
ENSG00000272514.5	18	12	4	15
ENSG00000272518.1	14	32	3	9
ENSG00000272523.1	7	8	12	18
ENSG00000272525.1	1	9	1	7
ENSG00000272529.1	1	13	4	18
ENSG00000272540.1	291	297	167	210
ENSG00000272541.1	2	5	0	2
ENSG00000272549.1	0	1	0	2
ENSG00000272556.2	190	142	65	287
ENSG00000272563.1	2	0	1	5
ENSG00000272568.5	12	4	18	28
ENSG00000272572.1	4	0	3	8
ENSG00000272574.1	0	0	4	2
ENSG00000272576.1	0	1	3	11
ENSG00000272578.5	54	59	79	174
ENSG00000272582.1	5	2	3	4
ENSG00000272588.1	9	2	7	24
ENSG00000272599.2	9	19	16	16
ENSG00000272602.5	233	134	84	222
ENSG00000272604.1	23	59	15	25
ENSG00000272606.1	21	12	23	34
ENSG00000272610.1	3	6	2	16
ENSG00000272620.1	32	63	16	10
ENSG00000272622.1	3	1	1	1
ENSG00000272625.1	2	0	2	13
ENSG00000272627.1	3	3	1	2
ENSG00000272630.1	5	17	31	63
ENSG00000272631.1	20	16	18	114
ENSG00000272636.3	472	104	132	116
ENSG00000272638.1	9	16	2	48
ENSG00000272644.1	0	4	1	5
ENSG00000272645.3	246	220	170	267
ENSG00000272654.1	14	13	9	20
ENSG00000272655.2	78	43	114	202
ENSG00000272661.1	8	12	21	103
ENSG00000272662.1	0	0	0	2
ENSG00000272663.1	2	5	6	2
ENSG00000272666.1	0	0	0	13
ENSG00000272667.1	13	7	7	38
ENSG00000272668.2	140	87	329	1787
ENSG00000272669.1	9	6	18	61
ENSG00000272674.3	89	6	145	14
ENSG00000272677.1	6	5	5	17
ENSG00000272678.1	5	1	1	2
ENSG00000272682.1	0	0	4	2
ENSG00000272686.1	68	69	74	126
ENSG00000272688.1	26	9	20	33
ENSG00000272690.5	1	5	6	2
ENSG00000272692.1	31	4	43	83
ENSG00000272693.4	1	2	3	5
ENSG00000272694.1	2	1	2	5
ENSG00000272695.1	9	36	23	118
ENSG00000272696.1	1	5	0	2
ENSG00000272701.3	23	2	6	20
ENSG00000272702.1	2	16	3	23
ENSG00000272711.1	48	54	27	81
ENSG00000272716.1	0	6	3	9
ENSG00000272717.1	0	0	1	2
ENSG00000272720.1	15	84	10	78
ENSG00000272729.1	5	53	0	3
ENSG00000272732.1	22	2	1	17
ENSG00000272733.1	1	1	0	9
ENSG00000272734.1	704	107	243	1805
ENSG00000272735.1	1	0	2	6
ENSG00000272742.1	6	30	17	6
ENSG00000272744.1	1	2	3	2
ENSG00000272745.1	0	5	1	0
ENSG00000272746.1	0	3	1	5
ENSG00000272750.1	36	19	19	24
ENSG00000272752.6	101	70	106	174
ENSG00000272754.1	4	4	2	4
ENSG00000272755.1	4	4	2	2
ENSG00000272758.5	31	57	41	120
ENSG00000272763.1	3	0	0	13
ENSG00000272767.1	18	13	5	41
ENSG00000272768.1	15	12	10	44
ENSG00000272769.1	0	2	5	11
ENSG00000272770.1	3	0	1	3
ENSG00000272777.1	3	6	0	6
ENSG00000272779.1	66	38	137	224
ENSG00000272787.1	2	8	20	2
ENSG00000272789.1	3	11	4	12
ENSG00000272791.1	5	5	6	15
ENSG00000272800.1	14	13	5	7
ENSG00000272807.1	17	28	15	37
ENSG00000272808.4	394	21	15	66
ENSG00000272810.1	0	0	0	1
ENSG00000272812.1	17	11	15	19
ENSG00000272821.1	24	15	26	56
ENSG00000272822.1	1	5	0	1
ENSG00000272824.1	7	2	2	0
ENSG00000272825.1	2	0	41	8
ENSG00000272831.1	46	86	35	56
ENSG00000272832.1	0	0	0	14
ENSG00000272836.1	1	1	1	3
ENSG00000272841.1	51	15	12	36
ENSG00000272842.1	2	19	1	3
ENSG00000272843.1	1	1	4	4
ENSG00000272844.1	1	1	0	5
ENSG00000272848.2	91	14	68	94
ENSG00000272851.1	7	9	6	6
ENSG00000272853.1	12	6	10	43
ENSG00000272858.1	2	0	0	3
ENSG00000272864.1	6	1	3	3
ENSG00000272870.1	16	19	63	18
ENSG00000272871.1	27	24	22	14
ENSG00000272872.1	8	2	31	28
ENSG00000272884.1	3	2	14	18
ENSG00000272885.1	2	2	0	0
ENSG00000272886.5	496	1176	441	417
ENSG00000272888.6	690	408	629	1314
ENSG00000272892.1	1	0	0	2
ENSG00000272894.5	38	7	16	40
ENSG00000272899.3	45	13	18	126
ENSG00000272902.2	23	5	10	25
ENSG00000272905.1	1	4	2	7
ENSG00000272906.1	17	6	28	21
ENSG00000272909.1	14	21	17	28
ENSG00000272910.1	5	2	2	1
ENSG00000272913.1	139	76	38	145
ENSG00000272914.1	2	4	4	9
ENSG00000272916.5	23	14	23	74
ENSG00000272918.1	12	19	9	26
ENSG00000272922.1	1	0	0	7
ENSG00000272927.1	13	14	8	52
ENSG00000272931.1	19	11	9	19
ENSG00000272933.1	39	34	24	100
ENSG00000272936.1	5	4	1	8
ENSG00000272941.1	16	5	12	21
ENSG00000272944.1	36	9	2	22
ENSG00000272945.1	3	3	5	7
ENSG00000272948.2	1	5	9	2
ENSG00000272950.1	6	0	1	0
ENSG00000272953.1	9	5	7	14
ENSG00000272954.1	2	10	3	6
ENSG00000272968.5	2	1	1	0
ENSG00000272969.1	0	0	1	5
ENSG00000272970.1	16	4	1	29
ENSG00000272973.1	0	0	5	3
ENSG00000272977.1	22	13	24	25
ENSG00000272979.1	8	0	0	1
ENSG00000272980.4	4	4	3	13
ENSG00000272983.1	41	40	26	38
ENSG00000272986.1	4	0	0	6
ENSG00000272988.1	7	0	0	14
ENSG00000272989.1	17	20	13	38
ENSG00000272990.1	11	12	16	44
ENSG00000272991.1	7	15	2	3
ENSG00000272994.1	140	207	392	399
ENSG00000272995.1	3	1	3	0
ENSG00000273000.5	7	1	21	12
ENSG00000273001.1	8	0	12	19
ENSG00000273002.1	9	0	6	37
ENSG00000273004.1	2	1	3	18
ENSG00000273007.1	2	5	1	0
ENSG00000273008.1	11	0	5	18
ENSG00000273010.1	4	2	6	9
ENSG00000273014.1	6	28	2	18
ENSG00000273015.2	310	271	239	371
ENSG00000273018.6	6	3	66	218
ENSG00000273026.1	10	9	13	22
ENSG00000273027.1	2	0	2	4
ENSG00000273032.2	1	9	5	10
ENSG00000273033.2	149	248	68	688
ENSG00000273035.1	0	2	3	5
ENSG00000273038.2	95	4	49	222
ENSG00000273045.6	151	86	65	170
ENSG00000273055.1	3	10	5	11
ENSG00000273058.2	9	16	8	15
ENSG00000273059.1	1	1	0	4
ENSG00000273061.1	3	26	9	4
ENSG00000273062.1	13	0	3	35
ENSG00000273064.1	0	3	4	11
ENSG00000273066.5	35	21	43	39
ENSG00000273076.1	0	0	0	10
ENSG00000273079.5	20	2	2	1
ENSG00000273080.1	5	7	2	10
ENSG00000273084.1	42	6	19	60
ENSG00000273091.1	3	4	0	4
ENSG00000273100.1	8	1	6	10
ENSG00000273102.1	0	0	0	6
ENSG00000273108.1	62	5	0	36
ENSG00000273110.1	0	1	1	1
ENSG00000273113.1	9	10	2	10
ENSG00000273117.1	6	7	12	21
ENSG00000273136.6	511	253	243	525
ENSG00000273137.1	3	2	2	16
ENSG00000273139.1	0	0	3	3
ENSG00000273141.1	0	1	3	7
ENSG00000273142.1	115	207	125	213
ENSG00000273143.1	0	0	0	4
ENSG00000273145.1	4	8	8	38
ENSG00000273148.1	30	12	39	114
ENSG00000273149.1	14	17	42	20
ENSG00000273151.1	137	106	131	120
ENSG00000273154.3	39	112	29	120
ENSG00000273155.1	0	0	6	1
ENSG00000273156.1	3	3	0	8
ENSG00000273162.1	4	3	13	21
ENSG00000273173.5	0	4	17	13
ENSG00000273174.1	1	2	1	44
ENSG00000273179.1	0	1	4	0
ENSG00000273181.1	2	1	1	2
ENSG00000273183.1	5	2	6	9
ENSG00000273186.1	2	0	4	4
ENSG00000273188.1	1	2	0	5
ENSG00000273192.1	12	9	21	35
ENSG00000273199.1	1	3	1	1
ENSG00000273203.1	17	30	20	9
ENSG00000273204.1	4	12	10	12
ENSG00000273209.1	5	1	3	7
ENSG00000273211.1	2	3	1	6
ENSG00000273213.2	8	1	4	16
ENSG00000273216.1	0	1	0	6
ENSG00000273218.1	1	2	5	6
ENSG00000273221.1	20	29	35	34
ENSG00000273226.1	3	3	8	5
ENSG00000273230.1	110	23	21	309
ENSG00000273240.1	6	2	2	0
ENSG00000273243.1	1	1	1	5
ENSG00000273245.1	9	4	4	3
ENSG00000273247.5	55	27	96	164
ENSG00000273248.1	1	0	10	18
ENSG00000273249.1	0	1	2	1
ENSG00000273253.2	13	7	5	13
ENSG00000273254.1	5	6	5	8
ENSG00000273259.3	0	0	1	1
ENSG00000273261.1	1	3	1	8
ENSG00000273262.1	0	3	4	0
ENSG00000273265.1	1	1	3	7
ENSG00000273270.1	178	28	59	422
ENSG00000273271.1	13	19	6	5
ENSG00000273274.1	85	31	34	54
ENSG00000273275.1	18	14	10	12
ENSG00000273284.1	12	3	7	45
ENSG00000273291.5	2	1	0	0
ENSG00000273295.1	14	0	0	77
ENSG00000273297.1	1	0	0	13
ENSG00000273300.1	2	2	6	5
ENSG00000273301.1	2	23	6	0
ENSG00000273302.1	4	7	0	1
ENSG00000273305.1	13	7	15	25
ENSG00000273306.1	13	16	3	17
ENSG00000273308.1	5	1	0	11
ENSG00000273311.1	24	25	21	24
ENSG00000273313.1	0	0	1	5
ENSG00000273314.1	63	12	25	131
ENSG00000273320.1	5	4	7	10
ENSG00000273321.1	0	3	0	16
ENSG00000273325.1	0	1	1	6
ENSG00000273328.5	26	10	17	9
ENSG00000273329.1	60	27	50	334
ENSG00000273335.1	0	2	1	1
ENSG00000273340.1	1	0	5	11
ENSG00000273343.1	1	1	2	1
ENSG00000273344.1	156	136	228	540
ENSG00000273345.5	8	10	7	14
ENSG00000273355.1	14	1	10	35
ENSG00000273356.1	19	19	2	1
ENSG00000273361.1	6	7	1	2
ENSG00000273363.1	1	0	0	17
ENSG00000273366.1	3	3	1	10
ENSG00000273367.1	1	1	11	9
ENSG00000273372.1	15	4	3	27
ENSG00000273373.1	47	216	412	282
ENSG00000273374.1	3	3	2	20
ENSG00000273375.1	0	2	2	3
ENSG00000273381.1	18	6	15	19
ENSG00000273382.1	190	16	41	43
ENSG00000273387.1	3	1	10	18
ENSG00000273391.1	8	2	5	20
ENSG00000273394.1	0	2	0	3
ENSG00000273398.6	6	3	3	4
ENSG00000273399.2	1	2	6	3
ENSG00000273402.1	6	5	4	2
ENSG00000273403.1	13	0	1	19
ENSG00000273416.1	3	1	3	2
ENSG00000273419.1	25	15	54	46
ENSG00000273424.1	2	0	4	0
ENSG00000273428.3	2	1	0	4
ENSG00000273432.1	19	11	5	26
ENSG00000273437.1	1	3	3	12
ENSG00000273442.1	4	2	1	1
ENSG00000273443.1	8	1	7	1
ENSG00000273447.1	2	1	0	2
ENSG00000273448.1	24	33	30	27
ENSG00000273449.1	5	1	14	8
ENSG00000273451.1	4	3	11	4
ENSG00000273456.1	16	9	16	21
ENSG00000273466.1	14	17	6	25
ENSG00000273472.1	4	1	1	3
ENSG00000273473.1	0	2	2	1
ENSG00000273474.1	2	6	4	8
ENSG00000273476.1	0	0	0	4
ENSG00000273483.1	3	4	2	3
ENSG00000273485.1	8	13	2	25
ENSG00000273486.1	51	67	18	169
ENSG00000273487.1	2	5	1	3
ENSG00000273489.1	21	17	15	49
ENSG00000273492.5	14	2	0	9
ENSG00000273521.1	1	2	9	5
ENSG00000273523.1	0	26	1	9
ENSG00000273559.4	485	990	325	872
ENSG00000273568.1	1	0	7	3
ENSG00000273576.1	30	184	11	16
ENSG00000273597.1	5	3	6	6
ENSG00000273599.1	31	10	47	72
ENSG00000273604.1	138	529	65	215
ENSG00000273611.4	264	232	175	378
ENSG00000273619.1	20	22	31	58
ENSG00000273654.1	3	43	4	24
ENSG00000273680.1	6	2	5	8
ENSG00000273702.1	20	28	9	30
ENSG00000273706.4	3275	0	286	6
ENSG00000273711.2	18	25	31	44
ENSG00000273723.1	21	13	23	20
ENSG00000273729.1	62	98	62	145
ENSG00000273733.1	3	4	0	2
ENSG00000273749.4	1798	1852	1734	2035
ENSG00000273759.1	11	9	10	15
ENSG00000273760.1	9	11	13	70
ENSG00000273763.2	4	8	8	1
ENSG00000273771.1	1	1	9	0
ENSG00000273783.1	5	5	9	6
ENSG00000273784.4	3	5	4	12
ENSG00000273786.1	1	3	0	2
ENSG00000273792.1	0	2	1	7
ENSG00000273796.1	5	12	5	32
ENSG00000273802.2	125	5	240	480
ENSG00000273805.1	0	1	6	66
ENSG00000273820.1	60	68	20	120
ENSG00000273821.1	2	2	1	4
ENSG00000273841.4	307	543	138	935
ENSG00000273855.1	3	1	0	0
ENSG00000273888.1	7	2	7	10
ENSG00000273891.1	5	2	6	14
ENSG00000273893.1	10	7	5	10
ENSG00000273899.4	74	75	213	201
ENSG00000273901.1	5	3	1	12
ENSG00000273951.1	5	6	11	6
ENSG00000273983.1	7	14	23	120
ENSG00000273987.1	1	0	3	10
ENSG00000274001.1	1	0	3	4
ENSG00000274012.1	2950	1310	2451	3982
ENSG00000274015.1	1	2	3	5
ENSG00000274020.2	162	115	102	514
ENSG00000274021.1	86	116	36	13
ENSG00000274026.1	10	5	50	11
ENSG00000274029.1	0	0	1	6
ENSG00000274049.4	1	2	2	5
ENSG00000274070.1	51	17	83	76
ENSG00000274080.1	2	1	6	21
ENSG00000274092.1	0	0	7	0
ENSG00000274104.1	3	11	9	22
ENSG00000274105.1	4	6	2	6
ENSG00000274114.2	6	0	1	108
ENSG00000274173.1	287	71	416	168
ENSG00000274177.1	12	12	24	16
ENSG00000274180.1	308	169	144	542
ENSG00000274184.1	1	2	5	3
ENSG00000274191.1	3	2	0	2
ENSG00000274204.1	6	1	4	32
ENSG00000274209.4	5	34	21	32
ENSG00000274211.4	1003	1069	370	1176
ENSG00000274213.1	4	19	16	38
ENSG00000274214.1	0	0	10	0
ENSG00000274220.1	7	9	6	11
ENSG00000274225.1	9	4	1	13
ENSG00000274227.1	10	14	25	20
ENSG00000274248.1	0	1	0	11
ENSG00000274252.1	0	0	12	5
ENSG00000274259.2	1	0	2	4
ENSG00000274265.4	204	52	34	227
ENSG00000274267.1	0	0	3	2
ENSG00000274270.1	3	1	0	27
ENSG00000274272.1	346	89	118	471
ENSG00000274276.4	176	230	130	0
ENSG00000274281.1	8	0	2	2
ENSG00000274286.1	40	19	4	107
ENSG00000274290.2	32	54	42	120
ENSG00000274292.1	22	22	48	46
ENSG00000274297.1	0	1	0	13
ENSG00000274307.1	15	3	12	19
ENSG00000274310.1	2	0	4	3
ENSG00000274315.1	0	2	0	1
ENSG00000274322.1	19	4	2	18
ENSG00000274330.1	3	0	0	2
ENSG00000274340.1	0	2	3	1
ENSG00000274349.4	30	27	47	35
ENSG00000274363.1	1	5	1	4
ENSG00000274370.1	42	1	6	12
ENSG00000274372.4	1	2	0	4
ENSG00000274373.1	18	5	0	2
ENSG00000274383.1	74	249	50	395
ENSG00000274386.5	4	22	0	6
ENSG00000274403.1	3	3	1	0
ENSG00000274414.1	12	3	12	55
ENSG00000274422.1	8	67	27	87
ENSG00000274423.1	1	1	1	1
ENSG00000274425.1	53	116	30	64
ENSG00000274447.1	0	1	1	0
ENSG00000274460.1	21	21	18	38
ENSG00000274471.2	18	8	57	44
ENSG00000274487.2	51	209	30	120
ENSG00000274512.5	156	831	56	0
ENSG00000274523.4	720	729	1089	848
ENSG00000274528.1	4	2	0	7
ENSG00000274559.3	0	0	0	9
ENSG00000274561.1	16	4	6	20
ENSG00000274565.1	2	33	0	6
ENSG00000274588.1	0	16	1	0
ENSG00000274602.4	143	114	806	836
ENSG00000274605.1	23	30	34	48
ENSG00000274628.4	0	1	3	0
ENSG00000274629.1	4	4	6	5
ENSG00000274641.1	0	6	6	22
ENSG00000274642.1	1	0	3	4
ENSG00000274653.1	7	2	0	17
ENSG00000274667.1	1	5	5	3
ENSG00000274677.1	1	0	0	8
ENSG00000274695.1	1	3	3	9
ENSG00000274698.1	10	0	1	8
ENSG00000274712.1	49	13	12	68
ENSG00000274717.1	2	1	0	8
ENSG00000274723.1	0	1	2	1
ENSG00000274737.1	10	3	14	9
ENSG00000274750.2	23	10	94	191
ENSG00000274751.1	3	0	2	17
ENSG00000274767.1	0	0	0	5
ENSG00000274769.1	0	3	1	3
ENSG00000274776.1	9	17	3	18
ENSG00000274810.4	1	15	1	8
ENSG00000274818.1	0	1	3	4
ENSG00000274825.1	3	4	7	4
ENSG00000274827.4	6	4	0	2
ENSG00000274828.1	75	27	17	96
ENSG00000274849.1	2	0	5	34
ENSG00000274859.1	4	1	1	11
ENSG00000274897.2	7	6	6	39
ENSG00000274902.1	4	22	4	2
ENSG00000274904.1	1	2	3	5
ENSG00000274911.1	0	0	6	0
ENSG00000274922.1	25	5	22	96
ENSG00000274925.1	62	29	90	126
ENSG00000274928.6	1	0	0	3
ENSG00000274943.1	0	2	2	2
ENSG00000274949.1	3	0	0	1
ENSG00000274964.1	29	14	19	35
ENSG00000274976.1	1	10	1	2
ENSG00000274979.1	3	1	0	2
ENSG00000274985.1	2	2	1	3
ENSG00000274987.1	9	4	9	1
ENSG00000274993.1	0	0	2	13
ENSG00000275004.3	10	50	56	133
ENSG00000275005.1	0	3	3	48
ENSG00000275023.4	4010	17815	3755	6069
ENSG00000275024.1	0	5	1	11
ENSG00000275029.1	1	5	1	2
ENSG00000275052.4	2917	1600	1819	2788
ENSG00000275055.1	6	1	3	4
ENSG00000275056.1	15	5	8	10
ENSG00000275066.4	948	487	338	1012
ENSG00000275074.1	115	113	36	145
ENSG00000275092.1	2	1	3	0
ENSG00000275097.1	6	5	0	0
ENSG00000275106.1	6	1	5	11
ENSG00000275111.4	86	51	60	81
ENSG00000275120.2	7	4	3	10
ENSG00000275131.3	232	99	332	320
ENSG00000275155.1	6	0	0	20
ENSG00000275160.1	6	4	5	3
ENSG00000275180.1	7	2	8	35
ENSG00000275183.1	56	49	16	65
ENSG00000275185.1	7	6	7	9
ENSG00000275191.1	1	5	3	4
ENSG00000275198.1	13	18	24	32
ENSG00000275202.1	21	9	14	35
ENSG00000275212.2	8	4	0	0
ENSG00000275216.2	676	596	1746	3700
ENSG00000275221.1	1	0	4	15
ENSG00000275223.1	34	29	13	105
ENSG00000275234.1	351	302	86	228
ENSG00000275236.1	1	0	0	1
ENSG00000275294.4	1	6	1	1
ENSG00000275302.1	35	5	23	22
ENSG00000275318.1	8	4	7	5
ENSG00000275322.1	2	0	13	0
ENSG00000275329.1	4	0	0	8
ENSG00000275332.1	6	3	4	1
ENSG00000275340.1	4	6	9	50
ENSG00000275342.4	990	409	159	698
ENSG00000275367.1	38	297	16	118
ENSG00000275383.1	2	11	5	7
ENSG00000275385.1	53	2	5	7
ENSG00000275389.1	9	8	1	4
ENSG00000275395.5	97	465	134	676
ENSG00000275401.1	3	5	7	3
ENSG00000275409.1	1	14	8	1
ENSG00000275410.4	2	0	11	10
ENSG00000275426.1	1	5	0	1
ENSG00000275437.1	47	29	39	116
ENSG00000275441.1	4	0	2	5
ENSG00000275445.1	1	3	0	5
ENSG00000275450.1	3	0	4	1
ENSG00000275454.1	9	14	10	18
ENSG00000275457.1	16	5	7	50
ENSG00000275464.4	280	2	208	119
ENSG00000275468.1	5	5	5	9
ENSG00000275476.1	0	3	1	1
ENSG00000275481.1	5	2	3	20
ENSG00000275484.1	0	0	7	13
ENSG00000275485.1	0	2	0	7
ENSG00000275491.1	17	12	3	19
ENSG00000275494.1	10	8	3	16
ENSG00000275532.1	1	0	0	1
ENSG00000275549.1	8	11	19	28
ENSG00000275552.1	2	1	2	0
ENSG00000275560.1	3	11	18	57
ENSG00000275580.1	4	6	1	9
ENSG00000275582.1	0	9	4	2
ENSG00000275591.4	5	21	0	14
ENSG00000275601.1	0	2	1	1
ENSG00000275620.1	1	0	4	57
ENSG00000275632.1	11	16	15	34
ENSG00000275638.1	1	4	0	1
ENSG00000275645.1	1	0	1	3
ENSG00000275665.1	6	4	0	0
ENSG00000275700.4	1647	687	528	1192
ENSG00000275703.1	1	3	2	2
ENSG00000275709.1	1	6	0	0
ENSG00000275713.2	10	14	47	169
ENSG00000275719.1	57	53	54	36
ENSG00000275720.1	5	9	1	19
ENSG00000275734.2	19	14	12	24
ENSG00000275740.1	5	5	9	3
ENSG00000275759.1	3	14	16	5
ENSG00000275763.3	2	5	0	2
ENSG00000275764.1	72	158	79	122
ENSG00000275765.5	18	20	15	19
ENSG00000275769.1	1	3	1	2
ENSG00000275778.2	16	1	7	7
ENSG00000275793.1	1	0	8	1
ENSG00000275807.1	60	17	62	103
ENSG00000275812.1	1	1	3	2
ENSG00000275830.1	0	2	3	9
ENSG00000275832.4	3378	3498	1039	4677
ENSG00000275835.4	151	412	342	369
ENSG00000275854.1	12	19	12	9
ENSG00000275857.1	11	4	15	22
ENSG00000275880.1	19	12	15	50
ENSG00000275882.1	2	1	6	3
ENSG00000275888.1	1	4	5	0
ENSG00000275894.1	5	10	43	10
ENSG00000275895.6	5	558	192	311
ENSG00000275896.5	25	17	39	169
ENSG00000275897.1	7	1	3	22
ENSG00000275898.1	1	3	0	2
ENSG00000275902.1	2	1	2	5
ENSG00000275936.1	2	22	0	10
ENSG00000275964.1	64	11	7	212
ENSG00000275966.1	5	0	1	0
ENSG00000275993.2	142	942	292	521
ENSG00000276007.1	5	13	13	24
ENSG00000276023.4	254	108	229	464
ENSG00000276043.4	300	472	125	427
ENSG00000276045.3	302	102	165	647
ENSG00000276048.1	0	0	2	0
ENSG00000276070.4	4	3	5	23
ENSG00000276071.1	19	4	17	21
ENSG00000276075.1	7	0	1	7
ENSG00000276085.1	1	0	1	6
ENSG00000276101.1	7	10	2	13
ENSG00000276107.1	1	1	0	26
ENSG00000276115.1	27	28	12	37
ENSG00000276116.2	19	159	8	65
ENSG00000276131.1	6	6	1	15
ENSG00000276136.1	7	8	7	75
ENSG00000276141.4	8	5	16	0
ENSG00000276144.1	8	6	2	16
ENSG00000276148.1	0	1	2	10
ENSG00000276166.1	3	5	2	4
ENSG00000276170.4	69	222	54	180
ENSG00000276180.1	5	5	6	9
ENSG00000276182.1	10	14	23	10
ENSG00000276216.1	2	0	2	12
ENSG00000276223.1	7	3	39	11
ENSG00000276231.4	9	10	13	15
ENSG00000276234.4	234	207	110	608
ENSG00000276248.1	54	17	77	86
ENSG00000276255.2	1	8	0	10
ENSG00000276259.1	9	14	19	29
ENSG00000276261.1	9	1	3	10
ENSG00000276269.1	0	3	0	2
ENSG00000276272.1	3	0	0	4
ENSG00000276278.1	9	5	6	6
ENSG00000276289.4	9	4	2	1
ENSG00000276291.5	49	68	110	59
ENSG00000276293.4	1417	2838	487	1816
ENSG00000276317.1	6	1	0	1
ENSG00000276334.1	61	13	31	29
ENSG00000276337.1	3	15	11	29
ENSG00000276390.1	0	2	3	1
ENSG00000276408.1	0	1	0	0
ENSG00000276417.1	5	3	3	1
ENSG00000276434.1	0	0	1	1
ENSG00000276445.1	0	6	5	14
ENSG00000276449.1	25	28	5	39
ENSG00000276462.1	0	0	5	4
ENSG00000276488.1	1	5	3	8
ENSG00000276509.1	2	3	3	2
ENSG00000276517.1	56	35	82	138
ENSG00000276524.1	0	1	2	3
ENSG00000276529.1	18	32	21	68
ENSG00000276533.1	2	0	0	5
ENSG00000276545.1	3	4	5	13
ENSG00000276547.1	153	2	85	223
ENSG00000276550.4	1260	1831	3552	936
ENSG00000276564.1	5	19	10	32
ENSG00000276570.1	39	17	19	90
ENSG00000276571.1	4	4	5	1
ENSG00000276600.4	26	12	27	62
ENSG00000276603.1	4	1	8	9
ENSG00000276644.4	92	48	232	28
ENSG00000276649.1	1	0	2	23
ENSG00000276651.1	3	4	0	2
ENSG00000276663.1	1	2	2	2
ENSG00000276672.1	58	37	14	71
ENSG00000276698.1	2	5	6	12
ENSG00000276702.1	2	8	2	0
ENSG00000276707.1	44	0	4	0
ENSG00000276710.4	54	135	156	78
ENSG00000276715.4	0	28	0	0
ENSG00000276718.1	14	3	3	25
ENSG00000276727.1	0	2	1	3
ENSG00000276728.1	23	16	20	57
ENSG00000276744.1	0	0	1	5
ENSG00000276757.1	19	2	1	10
ENSG00000276790.1	0	6	3	1
ENSG00000276791.1	19	5	4	31
ENSG00000276805.2	212	98	133	186
ENSG00000276809.1	3	2	0	3
ENSG00000276814.1	6	10	0	3
ENSG00000276842.1	13	0	1	0
ENSG00000276846.1	4	2	2	5
ENSG00000276850.4	58	15	84	330
ENSG00000276851.1	11	4	7	33
ENSG00000276853.1	5	3	0	3
ENSG00000276855.1	50	22	14	140
ENSG00000276900.1	1	15	77	43
ENSG00000276931.1	1	0	2	0
ENSG00000276934.1	1	3	0	1
ENSG00000276952.1	8	12	6	9
ENSG00000276957.1	0	1	1	0
ENSG00000276966.2	11	11	72	338
ENSG00000276968.1	0	0	0	2
ENSG00000276975.3	189	79	22	103
ENSG00000276980.1	2	31	112	123
ENSG00000276997.4	1	2	4	1
ENSG00000277007.1	14	13	9	72
ENSG00000277011.1	4	0	3	0
ENSG00000277013.1	0	0	1	6
ENSG00000277020.4	0	0	0	5
ENSG00000277050.1	1	0	1	4
ENSG00000277053.4	344	211	411	421
ENSG00000277072.4	586	331	993	602
ENSG00000277075.2	13	10	46	182
ENSG00000277117.4	74	56	1	0
ENSG00000277128.2	16	7	5	3
ENSG00000277142.1	51	6	18	65
ENSG00000277144.1	0	1	3	5
ENSG00000277147.5	96	84	24	359
ENSG00000277149.4	63	152	64	174
ENSG00000277150.1	4	6	6	3
ENSG00000277151.1	6	6	5	7
ENSG00000277152.1	5	3	0	10
ENSG00000277156.1	9	4	0	0
ENSG00000277159.1	6	0	4	2
ENSG00000277161.1	230	174	103	285
ENSG00000277170.1	3	1	1	11
ENSG00000277173.1	10	4	8	3
ENSG00000277182.1	24	18	9	28
ENSG00000277186.1	1	0	4	0
ENSG00000277200.1	5	15	3	31
ENSG00000277203.1	120	321	279	393
ENSG00000277218.1	1	0	1	7
ENSG00000277224.2	20	35	57	103
ENSG00000277232.2	3	5	5	4
ENSG00000277258.4	1139	1358	384	1140
ENSG00000277268.1	444	0	260	2
ENSG00000277283.1	75	52	57	130
ENSG00000277287.1	85	11	37	34
ENSG00000277299.1	2	2	1	0
ENSG00000277304.1	13	9	0	15
ENSG00000277324.1	6	12	0	20
ENSG00000277342.1	6	7	10	21
ENSG00000277363.4	298	790	53	232
ENSG00000277368.1	1	1	0	3
ENSG00000277369.1	10	0	6	12
ENSG00000277383.1	3	0	2	5
ENSG00000277399.4	18	9	6	33
ENSG00000277406.2	25	7	18	25
ENSG00000277423.1	4	4	1	11
ENSG00000277440.1	3	0	0	8
ENSG00000277443.2	1107	532	544	1532
ENSG00000277449.1	26	2	46	116
ENSG00000277453.1	0	0	1	2
ENSG00000277459.1	11	13	3	3
ENSG00000277462.1	139	36	63	96
ENSG00000277463.1	3	3	3	1
ENSG00000277476.1	293	106	65	283
ENSG00000277496.1	118	28	11	52
ENSG00000277511.1	10	0	6	30
ENSG00000277531.2	3	0	0	15
ENSG00000277534.1	445	114	179	73
ENSG00000277559.1	0	3	9	1
ENSG00000277566.1	1	4	4	6
ENSG00000277586.2	3	60	0	0
ENSG00000277595.1	3	3	12	15
ENSG00000277632.1	54	6	28	33
ENSG00000277639.2	95	840	12	115
ENSG00000277662.1	1	4	2	3
ENSG00000277687.1	50	29	17	52
ENSG00000277692.1	4	3	8	8
ENSG00000277701.4	7	12	1	4
ENSG00000277715.1	8	10	7	41
ENSG00000277728.1	1	0	4	1
ENSG00000277741.4	18	25	11	28
ENSG00000277744.1	4	5	3	11
ENSG00000277749.1	4	9	0	53
ENSG00000277763.1	0	1	1	9
ENSG00000277767.1	5	4	4	16
ENSG00000277782.1	3	1	1	8
ENSG00000277791.4	830	2637	822	1349
ENSG00000277801.1	3	10	10	4
ENSG00000277806.1	4	0	0	13
ENSG00000277809.1	0	0	4	0
ENSG00000277831.1	1	0	0	1
ENSG00000277840.1	0	1	2	10
ENSG00000277873.1	2	2	5	6
ENSG00000277879.1	27	17	10	28
ENSG00000277883.1	1	0	4	2
ENSG00000277893.1	6	3	0	1
ENSG00000277895.1	3	0	0	0
ENSG00000277938.1	43	49	10	26
ENSG00000277957.1	1	5	5	4
ENSG00000277959.1	1	0	4	16
ENSG00000277969.1	24	120	7	27
ENSG00000277972.1	162	1596	210	474
ENSG00000277998.1	7	12	4	8
ENSG00000278000.1	7	6	19	44
ENSG00000278002.1	0	0	1	7
ENSG00000278012.1	2	0	0	3
ENSG00000278022.1	1	1	2	5
ENSG00000278023.5	10	12	1	20
ENSG00000278035.1	0	8	3	5
ENSG00000278041.1	0	5	18	2
ENSG00000278053.4	840	1239	316	1457
ENSG00000278058.1	2	1	0	2
ENSG00000278071.1	2	11	11	58
ENSG00000278090.1	0	1	2	15
ENSG00000278095.1	2	3	9	19
ENSG00000278112.1	2	2	8	8
ENSG00000278126.1	9	16	5	18
ENSG00000278129.1	412	257	266	1577
ENSG00000278133.1	49	36	62	156
ENSG00000278153.1	0	0	3	4
ENSG00000278156.1	14	12	15	22
ENSG00000278175.3	55	40	216	106
ENSG00000278177.1	6	0	4	2
ENSG00000278192.1	0	10	3	1
ENSG00000278195.1	5	0	2	16
ENSG00000278200.1	1	0	1	1
ENSG00000278202.1	11	7	1	11
ENSG00000278206.1	6	2	5	1
ENSG00000278214.1	15	0	0	0
ENSG00000278224.6	18	7	5	12
ENSG00000278238.1	0	11	4	14
ENSG00000278259.4	1030	983	479	1484
ENSG00000278266.1	50	0	23	41
ENSG00000278291.1	121	97	76	451
ENSG00000278311.4	1730	864	879	1954
ENSG00000278318.4	317	29	343	541
ENSG00000278330.1	0	0	2	1
ENSG00000278338.4	0	1	0	5
ENSG00000278341.1	16	2	5	18
ENSG00000278356.1	3	6	1	11
ENSG00000278376.1	13	2	16	17
ENSG00000278383.1	11	7	5	29
ENSG00000278385.1	29	8	3	51
ENSG00000278390.4	10	1	8	9
ENSG00000278396.1	0	2	2	7
ENSG00000278416.1	4	0	0	7
ENSG00000278434.1	1	0	3	9
ENSG00000278456.1	6	0	0	2
ENSG00000278467.1	4	2	3	4
ENSG00000278472.1	0	2	0	4
ENSG00000278493.1	3	2	2	4
ENSG00000278500.1	0	4	0	3
ENSG00000278530.4	36	0	2	59
ENSG00000278535.4	419	172	141	538
ENSG00000278540.4	1148	1067	638	1466
ENSG00000278546.1	1	1	0	2
ENSG00000278558.4	17	19	136	58
ENSG00000278570.4	6	26	37	10
ENSG00000278576.1	14	10	7	5
ENSG00000278594.1	9	0	1	2
ENSG00000278600.1	95	40	62	181
ENSG00000278601.1	3	10	8	9
ENSG00000278611.1	12	42	2	17
ENSG00000278615.4	206	353	230	239
ENSG00000278616.1	10	10	4	8
ENSG00000278619.4	81	74	61	195
ENSG00000278627.1	9	10	1	8
ENSG00000278662.4	12	126	8	199
ENSG00000278668.1	10	2	0	2
ENSG00000278677.1	0	2	4	7
ENSG00000278703.1	3	0	0	0
ENSG00000278705.1	0	1	0	2
ENSG00000278709.1	54	24	40	90
ENSG00000278713.1	38	20	47	43
ENSG00000278722.1	5	0	0	0
ENSG00000278727.1	28	24	13	8
ENSG00000278730.1	920	670	225	813
ENSG00000278733.1	2	3	0	5
ENSG00000278743.1	1	3	3	16
ENSG00000278768.2	175	443	187	291
ENSG00000278769.1	2	2	0	3
ENSG00000278771.1	15	6	14	10
ENSG00000278784.1	67	58	36	60
ENSG00000278811.4	16	0	2	13
ENSG00000278828.1	10	18	92	287
ENSG00000278829.1	1	3	1	5
ENSG00000278831.1	3	0	3	14
ENSG00000278834.1	46	112	26	85
ENSG00000278845.4	449	877	195	742
ENSG00000278861.1	4	6	5	8
ENSG00000278864.1	130	50	115	71
ENSG00000278867.1	18	8	8	19
ENSG00000278869.1	2	1	0	16
ENSG00000278872.1	37	1	15	4
ENSG00000278876.1	3	6	1	2
ENSG00000278896.1	2	1	0	8
ENSG00000278897.1	66	46	23	19
ENSG00000278899.1	1	3	3	8
ENSG00000278910.4	1	1	2	5
ENSG00000278915.1	16	1	16	16
ENSG00000278916.1	15	5	2	18
ENSG00000278917.1	14	9	23	20
ENSG00000278918.1	1	9	2	2
ENSG00000278921.2	17	16	6	23
ENSG00000278922.1	8	8	25	34
ENSG00000278925.1	1	20	0	4
ENSG00000278934.1	0	1	8	5
ENSG00000278936.1	4	0	5	0
ENSG00000278943.1	2	2	2	4
ENSG00000278946.1	1	2	1	2
ENSG00000278948.1	111	104	81	316
ENSG00000278949.1	18	15	27	33
ENSG00000278952.1	14	1	0	14
ENSG00000278954.1	0	2	1	8
ENSG00000278957.1	4	0	4	0
ENSG00000278958.1	2	0	2	4
ENSG00000278959.1	8	0	5	0
ENSG00000278962.1	3	2	2	8
ENSG00000278963.1	1	5	1	3
ENSG00000278969.1	14	0	0	0
ENSG00000278970.1	272	162	316	361
ENSG00000278973.1	0	1	0	11
ENSG00000278974.1	4	4	9	5
ENSG00000278977.1	41	5	9	9
ENSG00000278978.1	31	15	45	24
ENSG00000278983.1	0	0	1	5
ENSG00000278985.1	4	9	15	9
ENSG00000278986.1	7	3	7	33
ENSG00000278987.1	14	14	22	18
ENSG00000278989.1	1	6	11	22
ENSG00000278991.1	20	13	0	9
ENSG00000278993.1	12	9	11	35
ENSG00000278997.1	13	10	9	7
ENSG00000279013.1	18	2	1	1
ENSG00000279019.1	9	6	2	2
ENSG00000279022.1	5	0	4	7
ENSG00000279026.1	1	7	2	18
ENSG00000279031.1	1	4	7	1
ENSG00000279032.1	2	1	1	9
ENSG00000279033.1	8	2	1	3
ENSG00000279035.1	30	53	12	37
ENSG00000279039.1	9	11	1	8
ENSG00000279041.1	39	71	3	30
ENSG00000279042.1	0	1	0	10
ENSG00000279044.1	0	20	4	14
ENSG00000279047.3	15	3	19	0
ENSG00000279048.1	14	8	14	20
ENSG00000279050.1	0	7	10	2
ENSG00000279057.1	0	1	1	2
ENSG00000279058.2	1	1	5	13
ENSG00000279059.1	43	90	84	52
ENSG00000279066.1	9	7	8	20
ENSG00000279069.1	62	113	108	49
ENSG00000279071.1	2	2	2	0
ENSG00000279078.1	4	1	2	1
ENSG00000279080.1	5	11	13	4
ENSG00000279086.1	0	3	1	17
ENSG00000279088.1	168	69	197	437
ENSG00000279089.1	37	44	69	59
ENSG00000279092.1	2	8	2	15
ENSG00000279095.1	126	145	160	441
ENSG00000279103.1	3	0	2	13
ENSG00000279108.1	9	13	2	41
ENSG00000279114.1	3	1	2	3
ENSG00000279117.1	48	218	59	80
ENSG00000279118.1	31	12	19	4
ENSG00000279119.1	10	66	8	7
ENSG00000279122.1	5	1	0	1
ENSG00000279130.1	0	0	3	5
ENSG00000279133.1	49	36	55	30
ENSG00000279135.1	0	0	0	11
ENSG00000279136.1	2	1	2	3
ENSG00000279138.1	7	6	5	11
ENSG00000279140.1	0	2	0	2
ENSG00000279145.2	25	13	17	13
ENSG00000279148.1	4	0	0	1
ENSG00000279152.1	2	0	4	2
ENSG00000279155.1	2	5	1	3
ENSG00000279159.1	131	105	158	182
ENSG00000279160.1	4	37	0	1
ENSG00000279162.1	1	5	7	10
ENSG00000279168.2	8	6	0	4
ENSG00000279175.1	0	3	1	1
ENSG00000279179.1	7	7	10	13
ENSG00000279182.1	2	4	3	1
ENSG00000279187.1	3	1	1	6
ENSG00000279191.1	12	5	4	17
ENSG00000279192.1	0	18	33	22
ENSG00000279196.1	50	22	51	40
ENSG00000279198.1	47	123	101	153
ENSG00000279199.1	6	8	6	38
ENSG00000279200.1	4	1	1	5
ENSG00000279203.1	8	16	15	22
ENSG00000279204.1	0	2	0	14
ENSG00000279207.1	314	229	313	472
ENSG00000279227.1	8	7	5	9
ENSG00000279232.2	39	20	27	8
ENSG00000279233.1	39	82	128	256
ENSG00000279246.1	13	13	15	10
ENSG00000279249.2	3	2	3	2
ENSG00000279253.1	66	60	54	241
ENSG00000279254.1	32	12	5	3
ENSG00000279255.1	0	1	0	8
ENSG00000279259.1	7	12	10	31
ENSG00000279265.1	5	0	2	19
ENSG00000279267.1	25	27	14	13
ENSG00000279277.1	138	53	21	181
ENSG00000279278.1	4	21	7	10
ENSG00000279283.1	15	5	10	14
ENSG00000279286.2	2	18	6	1
ENSG00000279289.1	5	0	4	2
ENSG00000279296.1	76	63	212	69
ENSG00000279302.3	19	13	26	9
ENSG00000279306.1	0	2	3	14
ENSG00000279307.2	0	5	8	9
ENSG00000279311.1	2	0	2	9
ENSG00000279312.1	44	23	81	53
ENSG00000279319.1	0	0	0	10
ENSG00000279320.1	11	5	5	7
ENSG00000279322.1	7	6	7	3
ENSG00000279328.1	2	5	1	8
ENSG00000279329.1	46	48	30	112
ENSG00000279330.1	2	0	4	8
ENSG00000279331.1	1	2	3	2
ENSG00000279342.2	25	8	39	46
ENSG00000279344.1	21	2	10	6
ENSG00000279347.1	4	46	8	20
ENSG00000279348.1	136	85	49	64
ENSG00000279355.1	8	3	2	2
ENSG00000279356.1	0	5	7	7
ENSG00000279357.1	0	0	4	0
ENSG00000279359.1	4	0	0	12
ENSG00000279364.1	59	30	50	37
ENSG00000279365.1	0	6	3	1
ENSG00000279368.1	2	1	2	3
ENSG00000279369.1	78	1	3	17
ENSG00000279377.1	0	64	421	106
ENSG00000279382.1	37	22	11	11
ENSG00000279384.1	1	1	1	7
ENSG00000279392.1	1	3	2	2
ENSG00000279399.1	4	10	6	5
ENSG00000279400.1	9	68	25	20
ENSG00000279406.1	25	12	29	42
ENSG00000279407.1	190	74	87	50
ENSG00000279409.1	2	2	1	3
ENSG00000279412.1	5	4	3	1
ENSG00000279413.1	3	2	0	0
ENSG00000279419.1	16	12	0	0
ENSG00000279425.1	22	3	79	176
ENSG00000279428.1	5	2	5	2
ENSG00000279432.1	12	3	4	21
ENSG00000279433.1	1	6	2	7
ENSG00000279434.1	5	9	4	7
ENSG00000279443.1	21	119	12	55
ENSG00000279453.1	123	35	70	78
ENSG00000279456.1	20	33	54	3
ENSG00000279457.4	103	29	49	56
ENSG00000279464.1	2	2	4	2
ENSG00000279467.1	1	2	5	1
ENSG00000279476.1	3	4	1	1
ENSG00000279479.1	0	0	0	6
ENSG00000279481.1	1	4	1	3
ENSG00000279484.1	2	2	3	10
ENSG00000279488.1	4	4	4	3
ENSG00000279489.1	5	4	1	2
ENSG00000279491.1	3	13	22	19
ENSG00000279495.1	104	79	50	73
ENSG00000279500.1	21	19	16	35
ENSG00000279504.1	5	3	7	16
ENSG00000279511.1	22	2	4	2
ENSG00000279513.1	3	3	1	3
ENSG00000279516.1	0	0	0	34
ENSG00000279518.1	59	61	8	11
ENSG00000279519.1	144	55	38	55
ENSG00000279520.1	24	24	32	75
ENSG00000279528.1	14	52	48	68
ENSG00000279529.1	21	63	45	106
ENSG00000279539.1	3	3	3	3
ENSG00000279541.1	0	0	6	3
ENSG00000279544.1	4	3	4	4
ENSG00000279549.1	5	4	8	10
ENSG00000279555.1	2	15	1	6
ENSG00000279561.2	12	12	35	23
ENSG00000279568.1	3	2	5	1
ENSG00000279569.1	253	224	82	113
ENSG00000279571.3	10	4	0	5
ENSG00000279573.1	3	2	1	2
ENSG00000279583.1	3	0	6	3
ENSG00000279592.1	14	9	13	10
ENSG00000279594.1	3	16	3	19
ENSG00000279601.1	1	0	0	1
ENSG00000279602.1	10	5	17	0
ENSG00000279605.1	538	2847	1980	439
ENSG00000279608.1	15	27	15	15
ENSG00000279611.1	3	3	16	63
ENSG00000279613.1	12	9	6	6
ENSG00000279619.1	13	0	5	5
ENSG00000279631.1	9	2	0	1
ENSG00000279633.1	8	3	3	2
ENSG00000279636.2	1	2	1	1
ENSG00000279637.1	0	0	0	6
ENSG00000279641.1	2	5	3	7
ENSG00000279649.1	8	18	20	7
ENSG00000279653.1	7	3	3	6
ENSG00000279656.1	9	16	0	29
ENSG00000279659.1	2	2	6	4
ENSG00000279662.1	49	56	12	51
ENSG00000279670.1	0	2	0	2
ENSG00000279672.1	48	64	38	78
ENSG00000279673.1	2	10	6	41
ENSG00000279676.1	3	14	33	1
ENSG00000279689.1	318	124	534	387
ENSG00000279693.1	0	0	2	7
ENSG00000279694.1	2	0	8	6
ENSG00000279696.1	51	153	31	10
ENSG00000279699.1	4	2	1	31
ENSG00000279700.1	20	16	6	10
ENSG00000279711.1	0	0	0	43
ENSG00000279712.1	5	19	26	15
ENSG00000279713.1	1	20	32	32
ENSG00000279716.1	81	78	180	119
ENSG00000279717.1	4	0	2	4
ENSG00000279721.1	0	2	3	0
ENSG00000279722.1	33	6	5	5
ENSG00000279726.1	6	6	3	2
ENSG00000279730.2	2	4	4	1
ENSG00000279738.1	47	96	95	106
ENSG00000279741.1	1	5	0	0
ENSG00000279742.1	6	6	1	12
ENSG00000279744.1	29	54	17	21
ENSG00000279748.1	4	10	0	22
ENSG00000279753.1	6	10	25	3
ENSG00000279759.1	183	91	429	367
ENSG00000279765.3	6	6	18	25
ENSG00000279766.1	8	8	7	7
ENSG00000279770.1	13	0	0	6
ENSG00000279778.1	2	0	6	157
ENSG00000279789.1	23	36	33	49
ENSG00000279791.1	2	0	2	10
ENSG00000279792.1	13	20	4	19
ENSG00000279794.1	8	5	8	5
ENSG00000279796.1	1	3	9	6
ENSG00000279799.1	15	7	18	16
ENSG00000279800.2	5	5	2	5
ENSG00000279801.1	12	11	3	6
ENSG00000279803.1	33	17	13	6
ENSG00000279805.1	0	0	0	17
ENSG00000279806.1	1	1	5	13
ENSG00000279813.1	6	1	0	1
ENSG00000279821.1	32	32	17	32
ENSG00000279833.1	7	18	24	9
ENSG00000279837.1	8	2	4	6
ENSG00000279838.1	99	36	86	25
ENSG00000279841.1	1	0	1	2
ENSG00000279852.1	1	3	1	3
ENSG00000279853.1	5	13	0	8
ENSG00000279861.1	42	10	52	28
ENSG00000279865.1	16	14	11	23
ENSG00000279873.2	9	9	5	81
ENSG00000279878.1	7	15	4	1
ENSG00000279879.1	5	5	1	7
ENSG00000279880.1	5	8	5	8
ENSG00000279885.1	0	0	0	17
ENSG00000279891.1	3	3	0	1
ENSG00000279894.1	0	2	2	2
ENSG00000279900.1	3	19	4	2
ENSG00000279901.1	3	14	4	3
ENSG00000279908.1	0	3	0	6
ENSG00000279923.1	0	6	1	4
ENSG00000279930.1	7	1	0	7
ENSG00000279933.1	4	4	11	2
ENSG00000279942.1	1	6	0	2
ENSG00000279943.1	0	0	1	3
ENSG00000279945.1	3	4	2	1
ENSG00000279948.1	3	22	6	6
ENSG00000279951.1	2	0	3	4
ENSG00000279952.1	0	0	3	4
ENSG00000279953.1	6	5	2	8
ENSG00000279954.1	6	4	3	13
ENSG00000279965.1	4	21	0	3
ENSG00000279968.2	11	20	13	20
ENSG00000279977.1	2	0	3	0
ENSG00000279980.1	0	0	0	5
ENSG00000279982.1	0	0	2	6
ENSG00000279989.1	2	0	3	3
ENSG00000280003.1	4	1	1	1
ENSG00000280007.1	18	9	28	16
ENSG00000280010.1	7	7	13	4
ENSG00000280022.1	3	3	1	3
ENSG00000280023.1	0	0	0	5
ENSG00000280026.1	5	3	4	1
ENSG00000280027.1	0	14	3	4
ENSG00000280029.3	5	0	16	2
ENSG00000280032.1	0	3	8	5
ENSG00000280033.1	7	2	6	8
ENSG00000280035.1	14	8	13	10
ENSG00000280039.1	3	2	7	3
ENSG00000280042.1	0	1	2	8
ENSG00000280046.1	31	30	24	61
ENSG00000280047.1	22	10	32	17
ENSG00000280053.1	3	1	2	6
ENSG00000280054.1	136	187	72	56
ENSG00000280057.1	3	2	2	2
ENSG00000280063.1	121	70	75	251
ENSG00000280064.1	298	150	31	86
ENSG00000280067.1	4	1	8	5
ENSG00000280069.1	0	4	10	6
ENSG00000280071.3	85	3	149	83
ENSG00000280073.1	1	5	2	3
ENSG00000280077.1	35	47	132	103
ENSG00000280078.1	0	1	4	4
ENSG00000280079.1	56	19	13	34
ENSG00000280081.3	38	0	1	29
ENSG00000280087.1	3	0	2	4
ENSG00000280088.1	39	49	33	50
ENSG00000280099.1	15	19	27	24
ENSG00000280106.1	20	17	10	24
ENSG00000280107.1	11	5	8	10
ENSG00000280109.3	6	6	4	6
ENSG00000280114.1	4	11	0	0
ENSG00000280117.1	3	0	7	16
ENSG00000280119.1	3	16	6	8
ENSG00000280120.1	67	161	65	84
ENSG00000280122.1	2	0	0	8
ENSG00000280123.1	44	71	15	67
ENSG00000280128.1	446	128	191	224
ENSG00000280129.1	10	6	9	13
ENSG00000280132.1	13	1	5	4
ENSG00000280136.2	2	0	0	5
ENSG00000280138.1	343	272	192	313
ENSG00000280143.1	225	119	325	145
ENSG00000280145.3	0	0	0	4
ENSG00000280149.1	12	4	23	21
ENSG00000280152.1	22	6	24	31
ENSG00000280157.1	12	4	7	0
ENSG00000280160.1	11	6	12	6
ENSG00000280161.1	10	12	10	49
ENSG00000280162.1	3	1	3	6
ENSG00000280169.1	4	2	0	8
ENSG00000280173.1	25	45	23	29
ENSG00000280177.1	0	1	0	2
ENSG00000280179.1	2	12	1	4
ENSG00000280184.2	11	0	7	25
ENSG00000280186.1	7	6	1	3
ENSG00000280187.1	81	132	30	166
ENSG00000280193.1	3	3	3	2
ENSG00000280194.1	6	2	4	39
ENSG00000280195.1	19	93	63	43
ENSG00000280198.1	5	4	2	3
ENSG00000280202.1	9	14	2	10
ENSG00000280205.1	1	2	0	3
ENSG00000280206.1	22	14	28	46
ENSG00000280207.1	0	4	0	2
ENSG00000280211.1	69	22	60	37
ENSG00000280213.1	36	12	40	48
ENSG00000280214.1	5	2	11	6
ENSG00000280216.1	2	0	0	1
ENSG00000280219.1	3	3	12	1
ENSG00000280225.1	5	0	0	2
ENSG00000280228.1	1	1	1	4
ENSG00000280233.1	0	0	0	6
ENSG00000280237.3	170	38	375	265
ENSG00000280239.1	16	37	16	59
ENSG00000280248.1	6	1	2	1
ENSG00000280255.1	13	10	2	1
ENSG00000280269.1	0	0	4	3
ENSG00000280273.2	5	1	4	4
ENSG00000280277.1	0	0	2	0
ENSG00000280287.1	89	47	161	79
ENSG00000280294.1	34	3	12	42
ENSG00000280300.1	3	0	2	2
ENSG00000280303.2	31	19	8	39
ENSG00000280309.1	15	4	1	10
ENSG00000280310.1	8	12	2	1
ENSG00000280320.1	1	0	0	2
ENSG00000280327.1	4	3	0	8
ENSG00000280332.1	10	30	21	53
ENSG00000280334.1	5	1	4	0
ENSG00000280335.1	7	6	1	3
ENSG00000280339.1	5	9	12	17
ENSG00000280347.1	56	21	31	42
ENSG00000280351.2	29	74	21	34
ENSG00000280353.1	0	3	1	0
ENSG00000280355.1	97	58	3	101
ENSG00000280362.1	1	0	2	7
ENSG00000280367.1	0	2	11	2
ENSG00000280374.1	10	7	7	1
ENSG00000280378.1	6	7	7	29
ENSG00000280383.1	18	68	51	42
ENSG00000280385.1	17	13	22	7
ENSG00000280387.1	6	6	6	10
ENSG00000280388.1	21	29	25	30
ENSG00000280399.1	3	13	1	9
ENSG00000280400.1	4	1	1	0
ENSG00000280401.1	26	6	8	60
ENSG00000280402.1	1	2	5	1
ENSG00000280407.2	46	61	31	35
ENSG00000280409.1	21	13	3	143
ENSG00000280416.1	3	3	4	3
ENSG00000280417.1	7	36	7	22
ENSG00000280422.1	2	2	5	18
ENSG00000280424.1	1	0	1	2
ENSG00000280426.1	0	5	1	8
ENSG00000280433.1	83	19	79	100
ENSG00000280434.1	9	24	14	20
ENSG00000280537.2	14	5	27	54
ENSG00000280543.1	2	8	1	3
ENSG00000280571.2	0	2	7	7
ENSG00000280587.1	12	20	12	153
ENSG00000280594.1	20	27	8	28
ENSG00000280604.1	0	0	1	7
ENSG00000280623.1	1	19	0	13
ENSG00000280634.1	38	88	41	25
ENSG00000280639.1	3	12	4	4
ENSG00000280649.2	52	15	12	195
ENSG00000280670.2	25	3	43	285
ENSG00000280683.1	0	0	14	0
ENSG00000280693.2	15	16	15	42
ENSG00000280721.1	1	0	1	4
ENSG00000280734.2	8	27	224	204
ENSG00000280739.2	8	6	8	24
ENSG00000280758.1	1	3	0	0
ENSG00000280780.2	6	8	2	3
ENSG00000280789.1	163	99	118	156
ENSG00000280798.1	111	98	87	166
ENSG00000280828.1	25	9	8	26
ENSG00000280832.1	25	15	17	76
ENSG00000280913.2	0	0	0	12
ENSG00000280924.1	1	2	0	0
ENSG00000280927.1	20	28	20	17
ENSG00000280953.2	11	0	0	0
ENSG00000280987.4	36	65	8	10
ENSG00000281005.1	20	16	28	36
ENSG00000281026.1	57	63	51	80
ENSG00000281091.2	3	2	4	17
ENSG00000281100.1	1	0	1	16
ENSG00000281103.1	0	0	1	3
ENSG00000281106.3	6	11	2	7
ENSG00000281162.2	84	249	865	185
ENSG00000281183.1	20	17	70	62
ENSG00000281189.1	10	8	5	22
ENSG00000281195.1	7	4	3	18
ENSG00000281207.1	36	82	86	175
ENSG00000281332.1	12	60	13	62
ENSG00000281344.1	75	155	48	224
ENSG00000281348.1	1	0	3	1
ENSG00000281357.2	5	27	23	97
ENSG00000281358.1	1	7	5	4
ENSG00000281365.1	0	0	43	0
ENSG00000281376.1	218	186	218	194
ENSG00000281398.4	451	1707	2065	2221
ENSG00000281404.1	5	9	2	23
ENSG00000281406.1	274	184	92	246
ENSG00000281460.1	0	0	25	0
ENSG00000281468.1	6	11	24	42
ENSG00000281469.1	1	4	4	3
ENSG00000281490.1	87	25	42	29
ENSG00000281501.1	17	16	3	14
ENSG00000281530.1	1	5	20	22
ENSG00000281538.1	3	0	1	6
ENSG00000281548.1	0	0	0	85
ENSG00000281571.2	47	2	15	136
ENSG00000281641.2	10	4	3	7
ENSG00000281649.1	1057	1586	2360	1160
ENSG00000281655.1	0	1	10	2
ENSG00000281691.1	4	12	13	1
ENSG00000281706.2	13	4	26	31
ENSG00000281831.1	4	1	0	1
ENSG00000281903.2	2	0	1	1
ENSG00000281912.1	10	12	2	36
ENSG00000281920.1	0	5	0	8
ENSG00000281974.1	1	0	1	19
ENSG00000282012.1	5	43	0	0
ENSG00000282024.1	9	5	0	4
ENSG00000282034.1	81	19	57	114
ENSG00000282164.3	35	7	2	31
ENSG00000282221.1	6	14	14	23
ENSG00000282386.1	33	4	18	34
ENSG00000282393.1	7	11	1	0
ENSG00000282458.1	26	9	52	15
ENSG00000282508.1	7	2	18	3
ENSG00000282556.2	27	24	10	43
ENSG00000282572.2	33	4	5	12
ENSG00000282608.1	18	20	14	15
ENSG00000282772.1	2	0	0	7
ENSG00000282787.1	0	2	1	6
ENSG00000282826.1	50	15	42	197
ENSG00000282851.2	52	172	224	143
ENSG00000282876.1	1	4	1	0
ENSG00000282885.1	2	1	3	4
ENSG00000282907.1	16	3	4	2
ENSG00000282933.2	15	27	13	14
ENSG00000282936.1	83	107	41	152
ENSG00000282950.1	1	1	1	12
ENSG00000282951.1	4	2	7	5
ENSG00000282961.1	3	5	2	2
ENSG00000282965.1	6	0	1	0
ENSG00000282977.1	2	4	1	2
ENSG00000282978.1	5	4	1	7
ENSG00000282988.2	12	29	46	133
ENSG00000283023.1	3	0	0	3
ENSG00000283031.1	6	11	5	20
ENSG00000283041.1	164	1213	336	209
ENSG00000283050.1	49	124	54	93
ENSG00000283064.1	11	11	7	17
ENSG00000283071.1	1	0	5	4
ENSG00000283073.1	8	0	2	5
ENSG00000283078.1	24	12	14	66
ENSG00000283103.1	80	26	71	280
ENSG00000283128.1	5	2	6	8
ENSG00000283141.1	1	3	21	36
ENSG00000283142.1	0	0	11	14
ENSG00000283154.2	138	38	48	335
ENSG00000283162.1	5	1	9	1
ENSG00000283189.2	25	21	25	81
ENSG00000283196.2	170	47	48	124
ENSG00000283199.2	3	22	11	51
ENSG00000283208.1	6	6	4	5
ENSG00000283235.1	4	3	0	8
ENSG00000283236.1	34	21	30	24
ENSG00000283265.1	5	5	0	0
ENSG00000283294.1	5	16	13	8
ENSG00000283297.1	0	9	1	7
ENSG00000283312.1	6	19	12	17
ENSG00000283324.1	5	1	1	2
ENSG00000283341.1	8	20	51	42
ENSG00000283352.1	9	6	6	5
ENSG00000283355.1	3	0	6	3
ENSG00000283361.2	0	0	0	14
ENSG00000283390.1	1	0	2	3
ENSG00000283403.1	0	0	1	10
ENSG00000283422.1	2	0	0	0
ENSG00000283431.1	0	8	0	0
ENSG00000283439.2	0	0	0	2
ENSG00000283445.1	39	66	11	29
ENSG00000283486.2	5	98	155	0
ENSG00000283511.1	2	2	0	4
ENSG00000283538.2	0	1	3	5
ENSG00000283580.3	2	3	7	7
ENSG00000283602.1	2	1	1	2
ENSG00000283627.1	0	0	11	0
ENSG00000283633.1	20	1	2	1
ENSG00000283638.2	0	1	0	1
ENSG00000283646.1	13	27	7	7
ENSG00000283662.1	3	14	9	30
ENSG00000283667.1	11	10	2	29
ENSG00000283674.2	31	65	54	33
ENSG00000283683.1	0	8	1	1
ENSG00000283696.1	6	5	1	10
ENSG00000283703.2	8	6	15	7
ENSG00000283709.1	155	51	58	228
ENSG00000283740.1	0	0	0	4
ENSG00000283757.1	32	3	10	32
ENSG00000283761.1	21	15	21	21
ENSG00000283765.1	7	1	0	4
ENSG00000283782.2	11	4	13	8
ENSG00000283828.1	9	11	17	45
ENSG00000283849.1	3	2	2	1
ENSG00000283886.2	0	5	11	10
ENSG00000283897.1	13	5	13	24
ENSG00000283913.1	2	0	0	7
ENSG00000283930.1	2	14	14	38
ENSG00000283959.1	0	8	0	10
ENSG00000283973.1	1	10	3	2
ENSG00000283992.1	0	326	292	18
ENSG00000284024.2	360	129	286	497
ENSG00000284052.1	302	23	23	50
ENSG00000284070.1	3	2	0	1
ENSG00000284116.1	4	0	2	0
ENSG00000284128.1	4	3	0	2
ENSG00000284194.1	0	4	11	21
ENSG00000284196.2	1	2	0	0
ENSG00000284237.1	15	9	19	30
ENSG00000284292.1	11	7	19	26
ENSG00000284308.1	39	9	15	28
ENSG00000284428.1	73	72	87	174
ENSG00000284430.1	11	6	8	3
ENSG00000284431.1	2	4	5	8
ENSG00000284461.2	3	2	4	0
ENSG00000284471.1	7	0	1	0
ENSG00000284505.1	4	24	12	4
ENSG00000284512.1	2	0	4	4
ENSG00000284523.1	6	19	2	14
ENSG00000284526.1	160	257	268	130
ENSG00000284543.1	0	0	4	8
ENSG00000284602.1	3	13	13	41
ENSG00000284606.1	10	24	29	4
ENSG00000284610.1	0	2	3	9
ENSG00000284612.1	0	1	0	0
ENSG00000284615.1	0	0	3	16
ENSG00000284618.1	13	1	5	2
ENSG00000284624.1	1	1	30	139
ENSG00000284626.1	3	1	0	2
ENSG00000284633.1	6	1	0	2
ENSG00000284634.1	15	4	5	18
ENSG00000284640.1	0	2	3	4
ENSG00000284642.1	29	23	22	71
ENSG00000284644.1	0	10	34	13
ENSG00000284649.1	1	2	0	5
ENSG00000284652.1	3	2	2	3
ENSG00000284657.1	1	0	0	2
ENSG00000284664.1	6	12	0	6
ENSG00000284669.1	4	3	13	1
ENSG00000284670.1	4	8	3	1
ENSG00000284672.1	26	0	31	57
ENSG00000284681.2	13	14	3	30
ENSG00000284691.1	65	29	86	263
ENSG00000284693.1	12	10	11	6
ENSG00000284703.1	0	0	0	53
ENSG00000284707.1	32	33	8	17
ENSG00000284713.1	24	19	4	11
ENSG00000284719.1	0	0	5	7
ENSG00000284727.1	5	3	4	11
ENSG00000284730.1	12	0	0	29
ENSG00000284735.1	2	1	6	0
ENSG00000284738.1	6	9	0	22
ENSG00000284740.1	0	5	0	25
ENSG00000284747.1	6	8	20	12
ENSG00000284753.1	123	85	294	453
ENSG00000284770.1	139	111	160	151
ENSG00000284773.1	25	11	3	50
ENSG00000284776.1	0	2	0	1
ENSG00000284779.1	5	0	23	28
ENSG00000284791.1	12	0	0	0
ENSG00000284797.1	45	28	109	28
ENSG00000284820.1	6	6	15	16
ENSG00000284828.1	180	48	52	272
ENSG00000284830.1	3	0	4	2
ENSG00000284862.1	2	2	4	2
ENSG00000284874.1	10	4	28	65
ENSG00000284879.1	23	13	9	25
ENSG00000284882.1	1	0	5	5
ENSG00000284906.1	18	67	67	51
ENSG00000284928.1	0	0	1	8
ENSG00000284946.1	34	43	48	140
ENSG00000284948.1	15	15	1	1
ENSG00000284952.1	0	1	2	4
ENSG00000284954.1	0	5	9	4
ENSG00000284959.1	14	7	6	24
ENSG00000284966.2	87	24	11	47
ENSG00000284968.1	48	22	39	66
ENSG00000284969.1	0	0	0	4
ENSG00000284976.1	260	405	469	537
ENSG00000284989.1	1	2	6	1
ENSG00000285018.1	4	2	1	1
ENSG00000285035.1	1	7	8	6
ENSG00000285041.1	0	0	0	1
ENSG00000285043.1	25	21	25	34
ENSG00000285053.1	125	74	73	70
ENSG00000285077.1	2	10	8	5
ENSG00000285081.1	1	1	0	4
ENSG00000285085.1	0	3	1	2
ENSG00000285091.1	3	0	6	4
ENSG00000285103.2	16	9	8	19
ENSG00000285106.1	25	13	15	74
ENSG00000285108.1	71	6	101	13
ENSG00000285128.1	31	20	0	17
ENSG00000285159.1	4	1	15	17
ENSG00000285162.1	2	1	1	3
ENSG00000285184.2	61	61	21	77
ENSG00000285188.1	4	17	5	35
ENSG00000285190.1	2	5	2	4
ENSG00000285205.2	0	21	0	1
ENSG00000285210.1	29	40	7	2
ENSG00000285212.1	19	6	6	6
ENSG00000285219.1	167	37	47	316
ENSG00000285230.1	183	165	44	346
ENSG00000285258.1	1	4	6	2
ENSG00000285269.2	7	14	1	2
ENSG00000285278.1	19	48	49	5
ENSG00000285280.1	1	3	8	61
ENSG00000285292.1	0	3	2	5
ENSG00000285294.1	4	0	13	36
ENSG00000285314.1	0	0	1	3
ENSG00000285329.1	3	2	3	11
ENSG00000285331.2	48	10	25	79
ENSG00000285382.1	3	1	0	2
ENSG00000285399.2	14	33	48	19
ENSG00000285407.1	0	1	67	41
ENSG00000285410.1	174	169	80	345
ENSG00000285417.1	669	735	2002	1063
ENSG00000285427.1	1	0	0	3
ENSG00000285437.1	133	103	56	163
ENSG00000285441.1	1	0	0	1
ENSG00000285444.1	17	20	44	17
ENSG00000285458.1	7	3	4	11
ENSG00000285476.1	81	40	27	150
ENSG00000285492.1	1	1	1	6
ENSG00000285509.1	3	4	11	4
ENSG00000285517.1	12	20	8	2
ENSG00000285520.1	3	0	0	3
ENSG00000285531.1	4	9	1	10
ENSG00000285533.1	27	28	6	10
ENSG00000285535.1	9	2	0	5
ENSG00000285542.1	8	2	9	7
ENSG00000285570.1	4	2	3	4
ENSG00000285571.1	9	4	11	12
ENSG00000285579.1	3	0	0	0
ENSG00000285581.1	0	3	2	7
ENSG00000285589.1	44	368	114	363
ENSG00000285596.1	26	19	9	48
ENSG00000285599.1	11	25	32	19
ENSG00000285600.1	20	68	28	37
ENSG00000285601.1	9	2	0	0
ENSG00000285608.1	43	47	34	34
ENSG00000285612.1	39	39	38	11
ENSG00000285614.1	0	2	0	5
ENSG00000285637.1	2	0	2	11
ENSG00000285641.1	14	6	7	38
ENSG00000285644.1	2	12	0	0
ENSG00000285646.1	0	7	2	0
ENSG00000285649.1	2	6	2	2
ENSG00000285650.1	2	6	2	5
ENSG00000285655.1	2	0	1	2
ENSG00000285663.1	7	5	1	3
ENSG00000285665.1	12	2	5	6
ENSG00000285667.1	4	0	3	8
ENSG00000285668.1	7	0	5	0
ENSG00000285669.1	58	67	17	23
ENSG00000285672.1	6	1	0	2
ENSG00000285683.1	2	2	0	2
ENSG00000285684.1	5	4	0	0
ENSG00000285693.1	9	25	7	10
ENSG00000285702.1	3	1	5	0
ENSG00000285706.1	1	0	3	1
ENSG00000285708.1	2	0	0	1
ENSG00000285713.1	3	3	4	4
ENSG00000285715.1	4	0	1	47
ENSG00000285721.1	32	26	20	43
ENSG00000285725.1	159	165	141	245
ENSG00000285728.1	0	16	5	15
ENSG00000285733.1	7	0	2	2
ENSG00000285737.1	3	0	2	10
ENSG00000285752.1	4	24	11	5
ENSG00000285756.1	308	117	106	348
ENSG00000285763.1	8	8	1	1
ENSG00000285771.1	0	0	0	9
ENSG00000285772.1	0	0	0	4
ENSG00000285777.1	4	2	0	32
ENSG00000285791.1	7	4	6	9
ENSG00000285793.1	90	43	24	126
ENSG00000285796.1	175	62	67	580
ENSG00000285799.1	16	5	9	43
ENSG00000285803.1	6	0	2	0
ENSG00000285804.1	7	1	2	8
ENSG00000285813.1	2	5	6	0
ENSG00000285815.1	0	1	0	3
ENSG00000285816.1	3	5	0	6
ENSG00000285820.1	0	17	0	0
ENSG00000285825.1	2	6	3	4
ENSG00000285827.1	1	1	0	4
ENSG00000285830.1	32	35	53	44
ENSG00000285836.1	1	5	1	5
ENSG00000285844.1	5	0	3	1
ENSG00000285851.1	4	4	10	17
ENSG00000285852.1	4	1	2	20
ENSG00000285864.1	3	6	1	1
ENSG00000285867.1	23	14	12	10
ENSG00000285872.1	41	7	5	55
ENSG00000285875.1	2	1	7	0
ENSG00000285877.1	13	19	0	1
ENSG00000285884.1	5	4	10	17
ENSG00000285886.1	6	5	9	4
ENSG00000285887.1	226	36	123	147
ENSG00000285906.1	4	2	3	2
ENSG00000285907.1	1	3	0	1
ENSG00000285921.1	0	4	5	2
ENSG00000285923.1	3	0	4	5
ENSG00000285926.1	3	2	3	1
ENSG00000285932.1	6	3	5	31
ENSG00000285933.1	4	11	8	7
ENSG00000285935.1	1	5	27	11
ENSG00000285940.1	0	0	16	0
ENSG00000285943.1	11	9	2	26
ENSG00000285948.1	1	1	4	4
ENSG00000285952.1	0	4	0	4
ENSG00000285955.1	0	0	2	15
ENSG00000285957.1	9	1	8	1
ENSG00000285958.1	186	0	1	8
ENSG00000285966.1	0	5	0	2
ENSG00000285967.1	86	227	123	332
ENSG00000285969.1	3	3	4	0
ENSG00000285972.1	355	219	1166	638
ENSG00000285976.1	183	79	186	281
ENSG00000285979.1	8	13	11	6
